image_001.JPG,582.4776,167.91115,-351.56497,591.27893,154.29395,-333.7776,596.6252,154.11314,-333.7011,602.0383,153.85426,-333.6273,576.72723,154.66653,-331.76398,571.5983,154.58855,-331.66922,566.43414,154.59177,-331.67242,610.48627,160.33998,-195.65994,561.90924,160.25246,-180.43298,593.1917,180.46666,-299.79987,574.1129,180.5818,-295.69537,647.4721,233.10902,-84.03806,530.4639,234.87929,-64.9825,668.85583,336.1651,-178.20232,517.8398,337.7605,-187.86617,671.3036,289.53366,-454.15363,507.21396,288.55093,-506.69046,667.6069,280.8374,-508.67908,503.28436,276.01346,-576.00323,673.30493,261.66916,-517.5205,502.30014,260.26495,-573.3029,668.92944,264.81116,-462.63617,510.29565,263.9312,-514.44336,620.42676,417.91733,-2.071916,552.06464,416.66614,2.6654046,615.6119,566.0153,-20.400434,552.63165,554.59845,17.850195,612.8625,679.47314,210.10919,551.4574,661.67755,273.18155,610.267,693.5961,224.88803,555.485,676.22784,288.08853,613.0856,724.5628,79.9438,541.8949,706.30853,136.72989
image_002.JPG,595.1978,168.45757,-315.067,602.2982,157.59712,-289.36865,607.10376,157.65721,-289.32413,611.98914,157.63399,-289.2694,588.24994,157.5462,-294.42426,583.10657,157.46356,-294.31573,577.9508,157.4704,-294.26718,617.1064,164.73494,-140.99661,571.024,164.2461,-156.35945,603.5503,181.38483,-259.93536,585.3637,181.24681,-265.44662,643.8082,238.98492,-47.524597,532.923,235.28683,-93.345245,666.9423,330.54272,-185.62914,519.10913,326.70804,-94.126884,692.8737,280.6896,-492.0318,504.83438,409.55093,-222.06735,701.07666,268.18195,-546.613,497.9339,435.27383,-245.7383,703.1882,254.54445,-562.7731,501.31076,436.34894,-286.3691,694.2093,260.88913,-505.52933,509.57062,428.48196,-239.35289,622.44354,417.7374,9.132219,553.1819,418.6116,-8.432504,631.6108,554.62317,5.833222,544.9756,552.74536,-6.2651906,636.7485,667.6851,232.87903,535.7917,661.3683,234.3894,633.54364,683.0603,246.55688,537.8397,677.62463,246.7293,640.6792,709.50806,91.379234,529.8573,700.92755,79.64073
image_003.JPG,583.66504,161.07234,-266.8014,592.9137,147.82133,-243.01901,599.0705,147.62932,-243.09937,605.3551,147.32047,-243.15952,575.7723,148.69095,-239.78418,569.6537,148.98306,-239.68532,563.519,149.366,-239.69235,614.08026,156.99275,-100.97659,557.865,158.84303,-78.55365,596.35284,176.88422,-215.88754,573.4516,177.85674,-209.86357,657.04047,248.27003,-14.3983965,518.84326,251.8938,36.986004,697.45825,357.55344,-92.77303,490.11087,367.74426,-57.150837,753.2798,311.30594,-353.23248,419.46033,324.1234,-371.13162,771.14844,297.30145,-411.27798,397.77643,309.93723,-425.37988,772.5094,281.96848,-425.93723,391.78873,291.5731,-442.71902,761.3728,286.50226,-364.93677,405.32602,296.91553,-386.7479,633.2365,448.13727,-17.841167,548.3641,453.66418,18.72434,648.494,599.9335,-52.65168,538.0488,632.06683,25.976831,655.5298,722.4875,226.02692,528.05365,686.70386,463.18103,657.46124,736.6467,247.54112,531.5037,687.36426,502.75003,643.7158,772.70874,129.59366,516.4691,733.67194,444.7846
image_005.JPG,718.081,121.863655,-305.6294,716.0506,98.34459,-275.0887,721.4421,97.63568,-275.19046,727.03534,96.86437,-275.4317,696.6338,98.89781,-308.03534,687.1181,98.44842,-308.14505,677.6539,98.10237,-308.35577,712.7623,100.87844,-91.09936,647.5991,103.83985,-233.03897,719.85406,140.47693,-234.0147,693.0435,141.30507,-274.4788,735.3203,215.31348,27.563622,570.62274,212.5172,-179.77306,784.6105,332.7622,-0.7927436,490.963,341.51395,-318.5634,894.8689,297.86517,-212.92613,393.10117,294.44855,-590.1105,928.93756,283.36557,-248.48051,359.71497,282.95462,-637.40796,941.265,269.50552,-290.3149,358.58392,259.45416,-667.9292,922.77124,276.31668,-241.0709,374.9975,266.17114,-610.75336,703.4442,513.1402,70.05981,612.72516,516.5191,-68.60431,675.81885,698.8619,137.57957,595.4465,704.14636,30.613714,650.63934,855.8999,432.77902,578.4354,874.8576,316.48575,640.22614,878.1792,452.9694,564.6541,900.1251,337.29675,664.4378,910.38354,325.87595,602.91895,931.8906,192.51042
image_006.JPG,532.6416,170.40735,-203.52968,553.2024,146.00978,-199.82614,563.3036,143.89725,-199.8428,573.5224,141.68011,-200.06697,532.8357,151.08728,-155.91875,527.4693,152.2676,-155.88004,522.0648,153.74765,-156.0965,612.2865,147.68173,-144.73026,544.45197,160.51242,63.23621,564.8717,190.16939,-185.55148,538.5783,195.7149,-125.21233,706.8016,265.30038,-171.5515,544.10394,273.36963,140.5808,715.6293,446.41937,-408.9485,528.32745,373.91974,133.27522,690.7658,296.042,-632.4068,517.30646,274.55676,125.766235,676.4531,256.33786,-656.8808,514.4848,251.53612,122.04293,701.88293,233.8884,-650.7123,506.55994,239.56067,141.39172,700.2124,248.71109,-627.2279,515.60516,247.00688,127.270386,670.9517,585.47974,-92.718,583.57465,589.87915,93.943695,675.22614,661.1947,-287.7394,581.3356,698.8745,179.5489,682.2079,782.86426,-278.54208,588.1326,800.4219,273.8289,698.09863,809.8553,-279.2621,599.33545,827.8134,271.9501,648.10974,806.8,-392.96353,551.5992,817.6318,185.77802
image_007.JPG,532.96014,91.628685,-288.66397,542.10815,71.89827,-316.63202,546.62067,70.877686,-316.64865,551.2553,69.857216,-316.95004,536.76715,72.5822,-272.52655,536.0842,72.43052,-272.432,535.4203,72.51058,-272.5618,577.68427,71.993706,-347.9919,558.3455,72.93421,-149.79375,553.7665,104.59146,-292.08835,544.00836,106.2953,-234.40578,648.412,172.9301,-335.5451,601.56396,140.38866,-17.811556,694.6915,299.76572,-317.76456,607.90546,232.80505,218.41722,588.4766,297.81134,-188.77405,545.6247,253.70631,320.27927,557.9022,303.93808,-197.27953,531.60706,261.65298,330.15903,556.0648,274.46185,-193.26549,522.09796,251.48242,309.03528,570.4005,270.71597,-180.97618,528.011,252.13547,311.50015,663.6339,402.89053,-99.10805,640.3075,371.44183,99.61328,657.6699,526.93823,233.57579,622.40466,462.01196,411.99557,671.9307,615.12115,575.32336,635.35065,548.3606,717.6166,687.4621,626.64777,611.5399,647.1838,564.64935,748.58984,624.97485,654.4666,576.2223,597.15796,579.71387,730.13007
image_008.JPG,510.76498,98.44953,-282.79236,518.2513,76.08493,-298.09204,524.1182,72.776886,-298.06088,530.1643,69.46028,-298.2816,507.1865,83.3547,-262.15707,503.76,85.34472,-262.13193,500.22964,87.491974,-262.348,555.0353,66.333206,-280.19583,518.67535,87.54418,-106.754105,535.3925,104.86244,-270.2297,519.77966,113.74602,-219.60489,647.4712,149.9937,-273.4952,528.3298,155.68675,20.146156,665.41364,296.33768,-367.62335,507.10425,266.55133,-22.280388,549.42334,232.40591,-487.35672,433.84515,221.4533,-286.07095,511.48718,225.64604,-529.78424,414.37036,211.61638,-323.5677,519.6699,195.8183,-524.8327,408.9352,193.55913,-331.4901,531.8127,200.08963,-484.2847,423.55316,198.41045,-299.1723,622.5333,393.8845,-99.63282,565.0641,385.82117,99.94337,625.5732,528.52264,146.3617,591.6851,512.352,346.58887,650.97644,623.7148,469.92276,628.67725,610.522,644.82306,670.01105,635.6395,499.22003,643.4981,625.55457,669.8497,612.0705,673.4218,412.23706,601.25745,657.3971,588.4526
image_010.JPG,594.2063,88.34819,-516.3894,605.76404,62.556984,-495.87686,615.1528,63.013523,-495.77017,624.6084,63.40038,-495.745,578.7382,60.53019,-505.88232,568.1049,59.15404,-505.97467,557.43164,57.913517,-506.0152,631.06415,68.03919,-309.73508,537.1779,61.183002,-343.31735,606.87506,110.41306,-438.17642,571.76825,107.67163,-448.59418,687.12286,182.12212,-198.88226,450.8147,176.85219,-260.3678,747.8731,331.67892,-371.27225,414.83658,355.70856,-249.22078,751.138,275.92847,-819.8166,406.6587,517.6284,-354.96402,744.89,269.0503,-912.69165,394.4496,564.5877,-376.20746,743.38416,240.67618,-923.7555,410.43677,569.488,-441.66348,734.54205,245.92506,-832.85095,427.3126,551.8458,-378.63336,630.7726,532.9585,9.392637,495.72977,533.2795,-7.43893,631.3756,760.4287,-48.998684,507.00476,756.355,-50.291965,635.8707,940.4317,325.90094,514.91956,944.3725,321.06808,634.29193,966.75446,351.65805,508.9655,973.0571,342.37344,630.14526,1005.2946,176.2639,542.00726,1009.3507,146.681
image_013.JPG,496.1429,144.51126,-325.09427,509.54565,109.639626,-331.28146,519.2237,104.67111,-331.4391,528.98364,99.7511,-331.7821,489.39587,119.71295,-289.75485,483.00192,122.44106,-289.86472,476.42896,125.28923,-289.86838,564.68005,95.318634,-257.8216,498.8426,124.58246,-61.98363,531.6486,154.96922,-291.14023,503.88284,167.37305,-234.00035,658.4625,221.7123,-268.5449,574.9061,202.23726,156.5037,695.3733,444.7149,-213.17271,601.2014,378.02826,153.47964,555.61224,366.0813,-68.05336,525.68365,334.27704,-129.96887,509.16785,359.64468,-77.59608,507.09207,323.32755,-175.16138,522.72375,317.52023,-85.962456,492.03357,306.3306,-164.25282,540.35046,317.1037,-62.847416,505.61154,311.3178,-140.52313,695.0398,516.285,-154.13226,644.6734,479.9613,154.81435,613.7949,681.97205,12.055657,584.641,632.62897,388.81668,659.475,810.955,344.93884,604.9556,768.51953,664.2898,689.0844,830.3594,379.7374,631.96906,794.3128,685.57605,589.24,859.50134,311.4754,522.6593,820.9884,603.11707
image_015.JPG,278.60886,50.794384,-68.566795,268.96942,38.302567,-44.296585,269.2829,40.098392,-44.22988,269.74503,41.82451,-44.320873,262.4225,35.09887,-89.97325,256.74246,34.10845,-90.2664,251.03539,33.23394,-90.575294,243.88068,56.367275,68.36085,219.86606,47.47519,-134.54436,268.44983,76.63427,-25.448492,257.68124,71.90494,-83.33442,235.29205,173.19933,162.10918,150.34996,158.5285,-220.81433,284.05487,263.88406,153.14691,236.87526,293.551,-271.53433,355.88174,171.15463,-11.2963085,330.09232,174.53561,-209.27219,370.85385,141.54253,-28.488632,354.17007,144.11032,-231.7298,381.1959,126.8349,-49.929386,336.90295,122.30479,-223.31967,370.95273,140.1231,-29.88237,332.91852,133.9098,-203.64467,226.7284,420.75317,127.21123,169.96748,425.97614,-126.91101,328.5764,498.56192,152.65892,299.2737,511.25528,-209.07056,288.33075,636.4527,258.80917,247.09851,654.5113,-45.53887,265.38464,655.1721,268.72678,220.0032,671.9193,-27.433743,318.69882,687.46204,232.53928,289.83054,712.62683,-42.45049
image_016.JPG,297.02365,144.47945,-347.66095,310.59274,119.480545,-326.56784,320.35535,118.898895,-326.6969,330.22693,118.252106,-326.70972,284.42285,120.956894,-327.17645,274.4532,121.05624,-327.32288,264.4866,121.24601,-327.4601,344.6775,127.57134,-187.13228,254.79926,130.77,-181.14742,316.94553,167.22887,-297.01938,281.38895,168.46603,-294.4016,402.58228,244.79207,-133.36806,213.35953,249.41379,-50.243645,452.3704,407.11887,-241.6996,178.30257,414.75583,-208.44595,459.8867,286.4217,-471.34457,159.07645,299.98358,-484.34152,454.98856,254.64772,-513.3262,158.64719,272.8629,-520.12897,463.58667,229.45122,-497.04712,152.86162,240.49411,-507.1667,455.54404,242.41788,-466.988,164.4755,252.5769,-486.5538,364.90317,531.8745,-26.328753,247.86842,527.178,27.369347,376.78296,705.485,-20.122566,260.99207,700.57025,92.67955,377.15814,848.18353,253.2697,274.3049,845.4522,338.0457,379.8458,868.3712,272.55615,275.20883,865.5966,353.2331,363.92062,906.33105,142.35742,277.76996,906.9001,225.77832
image_017.JPG,300.3013,93.15714,-314.9308,311.71906,68.89941,-290.40494,321.326,67.91412,-290.6429,331.14206,66.855606,-290.9353,284.53537,71.971436,-289.9764,274.05963,72.867615,-290.04376,263.54688,73.82183,-290.21564,343.15332,80.57403,-148.25764,250.67212,88.50371,-135.9874,320.06915,118.09767,-263.15988,282.4288,121.345314,-258.08383,410.31052,220.77518,-111.12667,201.53809,231.72665,-21.748686,444.72873,398.387,-50.43254,158.97182,406.743,-186.69087,426.37454,551.249,-146.30025,155.08388,281.81082,-538.47144,428.7825,602.5858,-173.04407,167.49338,256.64374,-595.5278,403.09137,599.2885,-204.30435,159.23238,221.0282,-600.1829,394.30817,579.54456,-155.0996,167.98854,233.9192,-546.7181,362.07944,541.5001,-24.377018,239.64287,539.54645,25.510794,372.15622,732.9031,-18.00527,238.02737,724.9825,76.82201,368.16113,897.56335,260.266,235.08998,890.2163,344.4123,368.52332,919.04175,277.47318,233.53339,913.1934,360.16095,355.1352,956.9297,124.22675,246.20761,951.72253,205.5618
image_018.JPG,259.17563,93.346954,-266.15897,272.07132,68.333626,-243.8776,282.25787,67.53188,-244.02017,292.649,66.64042,-244.18561,243.61243,70.90584,-241.06277,232.80751,71.56464,-241.26712,221.98714,72.2796,-241.65004,306.1548,80.782074,-114.403305,209.44344,86.865715,-89.48679,279.7107,119.4917,-218.2223,240.93289,122.193054,-209.62123,372.58463,219.37546,-77.40715,161.67867,229.79259,3.514431,403.52124,392.0796,-27.87388,110.70603,391.70453,-168.24258,401.5408,556.48975,-127.25301,125.563835,259.1827,-485.6536,411.8246,610.9028,-150.55217,143.23431,231.45627,-535.918,386.93057,610.8113,-186.58871,135.87428,197.4186,-535.31946,374.64154,590.8067,-138.67451,142.83905,211.7045,-491.24908,333.0161,541.5079,-25.72471,210.41972,543.33655,26.861332,345.92267,738.67426,-33.801205,216.65166,735.96014,54.086548,352.17422,909.3192,222.28334,228.03905,905.5049,312.09042,354.3831,929.8234,237.56834,231.33109,927.9237,326.81076,340.8524,975.4928,80.52482,233.33894,971.72076,172.35252
image_019.JPG,222.1892,86.291504,-311.12384,240.73743,65.1196,-320.24905,249.5277,64.125084,-320.30276,258.37137,63.174557,-320.41415,224.02332,67.93585,-284.39963,218.86923,68.81436,-284.38486,213.6956,69.83992,-284.50183,289.3502,75.02447,-287.84503,233.8321,82.059326,-120.50999,249.12897,106.15433,-292.0911,223.89511,109.020676,-243.09613,300.40094,194.62694,-300.14127,294.5052,171.41367,32.644577,209.06197,311.05496,-331.8708,252.35196,268.8709,236.64748,157.60541,182.97256,-326.69278,211.27856,202.1401,344.14587,140.00713,149.56311,-366.7751,209.07481,184.83366,356.36487,159.17339,133.58212,-353.5401,200.96754,173.88612,339.2425,168.67029,145.82152,-321.11313,205.33403,184.2464,335.809,278.5931,451.2696,-109.26842,280.76434,430.39578,109.71307,284.82828,605.2004,81.951866,273.533,593.48206,283.9335,320.10837,720.5279,313.5932,289.65707,708.84235,531.6378,342.08987,743.5543,336.6521,304.4525,728.5084,557.6316,273.59723,749.557,288.762,244.37459,742.9667,517.07074
image_020.JPG,374.89822,129.70076,-213.76625,372.5472,112.158066,-194.79712,374.31516,113.61064,-194.75018,376.305,115.00553,-194.99895,362.92792,107.62268,-231.91449,356.35083,105.23364,-232.1042,349.74753,102.92563,-232.22128,350.46478,119.90578,-92.020195,316.52338,105.15832,-249.65865,362.09982,149.8636,-170.18909,347.788,142.70328,-215.43953,313.40414,193.34012,-4.4655266,225.99612,209.19466,-275.44354,349.76617,298.4808,19.251839,254.24992,384.92902,-307.61026,425.2143,272.7214,-112.92564,407.15363,303.8534,-297.09943,442.87918,264.5613,-124.52829,459.71957,291.7012,-322.10846,453.6012,252.82512,-150.12013,441.78104,254.13818,-310.53983,440.95053,259.10623,-128.8579,425.25592,259.61234,-290.3829,293.26624,433.92154,89.05553,245.66086,458.1049,-88.69538,324.4558,568.1476,175.90433,305.39798,601.79083,47.725,308.86685,676.06976,419.1309,284.94562,714.46686,298.10904,290.6128,694.6533,441.80432,258.55396,729.887,322.02124,361.18292,714.28253,392.43503,349.95038,759.55676,271.41373
image_021.JPG,275.20523,176.22655,-328.2244,282.84177,151.82964,-318.00708,290.28082,151.88622,-318.0889,297.80408,151.86864,-318.012,262.23746,150.00226,-328.12784,253.21046,148.53128,-328.2127,244.18959,147.14275,-328.40118,298.87415,152.8111,-204.08717,224.31972,147.10388,-243.01668,283.45767,191.29208,-279.34653,254.72008,188.9573,-290.90063,334.38904,222.299,-135.15623,155.60667,234.14767,-202.29033,385.14423,335.90134,-241.42885,121.14701,373.05304,-240.92116,377.80106,287.29514,-477.53525,112.54562,490.4075,-260.04877,368.12643,278.15533,-523.1607,101.156044,523.27203,-257.50336,367.9904,254.92352,-516.4289,114.57606,525.3972,-290.1622,361.11877,263.11963,-478.3043,129.05618,513.991,-270.17236,305.91324,467.7355,10.202475,212.1444,475.74194,-9.109773,312.794,616.3092,47.303944,208.53838,627.13635,23.168257,301.25177,719.7257,258.90726,206.3169,739.5932,225.8239,291.6589,730.5359,274.23846,201.56104,752.149,237.6784,311.21722,779.4598,191.73831,222.71674,799.0627,137.62115
image_022.JPG,507.58493,150.10014,-261.08817,520.92285,132.17587,-263.1123,527.559,131.44012,-263.06946,534.3472,130.59238,-263.11722,507.21844,132.80751,-231.54868,502.77856,132.51175,-231.4754,498.27173,132.36032,-231.62772,554.8319,133.78615,-209.3479,508.32748,134.11903,-59.984253,526.07574,162.74428,-237.64288,506.39023,163.21895,-193.44617,618.1523,214.94101,-157.30016,486.30978,216.29128,46.354454,657.4028,335.03842,-129.50603,460.19507,330.21487,-67.271996,683.45667,426.9302,-177.77896,423.74866,263.0183,-385.44742,697.42615,455.15106,-191.88675,416.87756,246.8161,-445.90744,688.09735,456.25214,-222.28265,414.69327,225.76404,-441.66254,678.3136,445.85733,-186.38382,425.5497,232.8482,-394.68628,593.9883,432.2657,-59.52621,519.6776,435.47183,60.05013,600.11615,573.00476,9.958692,510.5204,575.34314,163.35147,609.13043,689.7884,277.20197,508.63068,686.2453,452.5291,613.90936,705.86914,297.3013,517.607,701.5728,473.16553,600.2065,738.11255,178.25787,486.2473,735.5158,359.11975
image_024.JPG,598.5295,154.01701,-355.48987,606.2276,133.13882,-336.99973,613.14526,132.21988,-337.04825,620.15753,131.2302,-337.16113,587.4179,134.43764,-340.43,579.9519,134.36803,-340.30338,572.4688,134.39291,-340.51627,627.5811,134.7919,-194.8489,562.1403,138.24034,-206.56978,611.3845,166.8975,-298.84393,585.621,168.33269,-301.11642,668.61,214.97223,-80.12874,521.40765,219.58578,-123.19064,692.283,332.63116,-0.769297,483.5384,341.4256,-248.0382,730.2214,417.09085,-115.96519,504.22052,260.78604,-530.5216,745.894,441.31857,-135.98721,517.7926,241.55273,-590.55615,743.68884,441.39038,-178.4896,514.6301,216.31288,-589.62946,730.66016,433.63675,-133.72327,519.90497,224.70898,-535.092,646.9125,438.0125,10.002847,566.4126,445.26062,-9.247105,644.1653,581.6882,69.05957,560.8981,588.68994,62.54744,641.9763,693.552,338.87662,552.9939,693.24854,388.5997,640.37604,707.9761,358.6631,552.67554,706.1523,414.2688,647.72894,740.0247,255.6134,555.994,740.8774,313.7413
image_025.JPG,673.3857,203.63582,-131.94449,679.0565,195.14914,-108.59118,682.9474,195.15385,-108.58055,686.9466,195.10477,-108.55159,667.10254,195.35577,-110.001686,662.8423,195.40341,-110.03337,658.5658,195.50089,-110.16282,691.80347,201.16537,2.906964,653.4166,201.42632,-3.5643232,681.32416,214.83661,-93.005936,665.9308,215.10004,-94.68378,717.5108,259.71902,35.25096,627.2612,259.17285,54.020493,755.0121,312.42572,-65.137764,598.1477,314.08167,-39.043007,775.91077,252.91103,-209.72873,573.9674,252.24733,-187.94759,786.9902,234.02245,-245.81335,565.62994,232.84221,-223.23552,783.21277,227.18439,-236.38303,565.1402,224.03221,-217.74268,776.75006,233.56763,-211.90445,570.90704,231.28445,-192.50113,699.34296,403.28058,-3.9730217,642.58527,402.95386,4.2406206,702.8366,498.7233,-6.9109893,644.669,512.2556,-14.306439,707.55743,576.81616,178.99727,646.7402,596.6435,161.46959,709.34125,586.1198,190.26286,650.70544,607.14825,170.88547,698.6856,611.0849,64.09393,641.0227,631.15985,42.806377
image_026.JPG,622.5205,187.59492,-35.22521,611.6327,175.32266,-25.017366,609.93317,174.38063,-24.920704,608.34656,173.40443,-25.00273,612.2649,176.96043,-60.827003,610.01416,177.13737,-60.812992,607.7758,177.41496,-60.920933,591.7243,175.62343,43.674694,591.637,181.33539,-114.7114,616.3565,195.45724,-7.552267,614.9951,197.53372,-53.155823,583.2879,231.02435,134.41454,572.4055,233.36214,-191.26503,604.72864,299.08737,82.49344,598.0236,315.20483,-178.45406,635.43274,261.22177,-114.7568,632.86414,268.02692,-61.663185,644.29596,249.90794,-143.12927,645.4448,257.77478,-68.17213,649.1075,242.55064,-146.04317,637.6961,246.51526,-71.97257,643.34564,247.11461,-124.822754,631.7194,250.09567,-57.618668,590.0904,370.42233,100.632935,583.5463,372.98944,-100.532845,581.5374,489.8093,169.2036,585.6387,489.95673,-27.7931,583.8601,585.5545,278.86566,575.3741,597.6801,41.67941,574.95026,602.49097,287.63162,559.54626,614.8349,46.435623,627.4986,613.1378,249.41257,623.8682,634.8806,-25.39607
image_027.JPG,637.0715,190.24565,-271.46024,643.9332,180.96872,-253.0558,647.58673,181.31413,-252.95953,651.31396,181.60133,-252.9448,632.77185,179.87527,-254.65793,628.9685,179.32085,-254.55122,625.1357,178.82161,-254.57275,655.2823,186.65205,-118.20744,619.57117,182.35364,-122.21253,642.62006,200.97871,-220.39816,629.0679,199.29118,-221.84575,677.3364,245.13298,-12.946505,586.105,239.9883,-30.05972,680.0291,310.6875,-99.63968,573.6661,314.53214,-154.48337,688.27026,285.2874,-395.96466,574.5463,266.11227,-444.61176,692.4154,282.23447,-458.17844,574.5034,253.76523,-510.8968,693.09766,271.96967,-473.20807,574.08545,242.08923,-512.3082,688.93774,271.90964,-409.5967,578.0343,246.01845,-452.5538,651.17053,378.50586,-0.066352695,596.7953,374.24258,0.19962592,642.13245,499.68524,-27.159575,587.2845,491.1528,-7.4399424,636.86365,596.2475,161.62103,579.5325,588.3203,198.6622,632.9292,607.08374,171.31349,581.88025,600.0469,209.93326,635.16327,635.65454,19.930998,573.4083,629.4289,61.267067
image_028.JPG,578.15717,187.80112,-92.16034,570.1773,177.76949,-76.68767,569.99207,177.29343,-76.58919,569.96136,176.78679,-76.606804,566.9563,178.97774,-109.88637,563.6559,179.12611,-109.88102,560.3406,179.37326,-109.88994,557.2252,181.2386,9.591881,544.73895,184.93344,-142.37009,575.0517,197.60443,-58.47477,569.613,199.06497,-101.98542,562.43634,234.77213,94.69187,523.7127,239.70352,-206.64365,579.8575,284.65488,44.89319,542.57874,314.7187,-242.58072,630.72754,254.65115,-131.05984,594.7864,279.06845,-168.18526,646.9922,245.7232,-152.37822,609.9391,273.69974,-179.93707,649.90466,240.03459,-165.01288,607.1493,260.00256,-178.43143,640.59235,244.84451,-143.24931,601.6964,262.59695,-163.33858,561.1414,370.44885,93.42875,537.8692,371.6486,-93.24768,555.6433,470.4045,200.78304,539.69165,475.17148,-30.483364,550.1974,547.7435,367.62405,530.17096,568.9989,54.62431,540.9983,562.1742,380.47897,518.004,583.7322,60.249485,585.9419,573.52374,333.56644,568.3453,605.53516,-18.289286
image_029.JPG,606.2129,221.43439,-269.06378,614.7024,214.37248,-253.60286,618.6105,214.64061,-253.62933,622.60443,214.8291,-253.6119,604.04913,214.00284,-243.33676,600.75836,213.80507,-243.19943,597.42377,213.66962,-243.19662,631.34656,221.85593,-154.48,597.7055,219.89023,-107.69755,614.955,233.14734,-233.62196,601.554,232.26291,-219.94046,659.49963,283.09918,-98.88955,578.2309,280.56445,-5.4722023,674.05426,355.65173,-85.190025,564.6627,350.38895,-98.448204,689.38184,424.4516,-154.12186,531.15985,330.59137,-365.16827,699.4486,442.53928,-170.55627,518.0987,324.46625,-414.33517,693.97595,447.5041,-203.38454,521.2903,314.3759,-425.13892,688.2457,440.85455,-166.49338,528.37274,317.37994,-377.15344,646.3821,410.72092,-28.280077,597.45013,410.86206,28.355282,650.97534,523.0364,-41.803093,600.87213,521.18463,15.780994,656.713,624.00946,94.494804,604.3517,621.5881,151.03937,656.8382,635.4027,99.10696,612.7156,634.75085,155.41138,653.9581,662.2624,-32.67964,586.4228,657.3091,25.272566
image_030.JPG,620.6929,222.6688,-267.44003,628.07074,215.32988,-247.31258,632.1185,215.2061,-247.229,636.2398,215.00868,-247.18857,616.8465,216.15729,-244.75569,613.25446,216.34222,-244.76508,609.6424,216.63046,-245.21523,645.496,221.90964,-133.9054,609.2508,223.62943,-123.17842,630.8139,233.64603,-226.1331,616.6272,234.16785,-222.63573,674.78503,286.34775,-53.59828,590.0167,271.05685,-90.27243,686.6392,359.6661,1.6407866,554.92676,307.68076,-339.10046,697.5362,423.87302,-15.903008,554.7752,266.156,-649.0385,704.64667,443.3499,-17.062075,549.22235,254.89725,-712.11365,701.1728,446.9256,-55.805733,557.3086,252.22696,-710.96136,696.7918,440.3444,-30.113272,563.55853,259.09134,-657.5044,649.8284,415.2229,5.64805,599.14716,411.67288,-5.798477,648.19336,524.9083,7.6182003,600.15576,523.4718,-8.785356,649.7537,624.8094,165.96767,603.68225,621.0362,180.76292,647.20306,639.1411,171.22699,614.39996,635.4144,187.89195,651.7877,657.0583,26.939226,578.84576,653.9766,44.13945
image_031.JPG,88.53741,91.92193,-153.99065,103.91272,72.229805,-188.6434,108.2716,71.43683,-188.8372,112.70095,70.668625,-189.13387,100.65101,74.56074,-149.7845,101.26617,75.23886,-149.83118,101.71526,75.990005,-150.07748,141.45448,80.24598,-257.2895,126.14739,86.17816,-77.470535,105.64646,111.33396,-170.73093,98.27691,113.59822,-118.789566,186.67128,211.71875,-275.84747,133.62007,186.24525,16.79679,167.1262,361.05804,-202.17358,125.11319,326.82928,36.67558,60.36703,286.98032,-46.538498,82.627625,293.00073,-142.57921,30.249208,275.3281,-52.20394,76.23736,287.41043,-176.7673,36.116444,244.86674,-57.46455,69.11173,267.10965,-181.01613,48.438972,245.11263,-46.05974,76.464455,268.95343,-154.76707,151.61525,453.8154,-98.77428,120.72479,427.08173,99.50191,144.47627,607.4003,45.98844,110.74637,583.67035,246.67577,151.83519,741.46564,269.1704,126.57727,717.61993,379.23767,167.93459,761.4734,288.057,138.27417,736.776,389.60718,102.87427,772.48315,243.74336,91.7662,758.2583,348.0654
image_032.JPG,133.32321,111.03981,-110.47302,137.22797,91.544365,-138.62288,140.66223,89.7528,-138.70628,144.19724,88.00008,-138.8639,133.91385,93.81816,-107.44994,133.63092,93.82046,-107.3811,133.36443,93.945915,-107.47087,166.82698,86.77234,-205.80528,152.86269,93.47159,-57.01508,152.17325,120.310844,-129.02867,145.38103,123.385994,-85.29257,223.003,172.60818,-228.13336,192.84723,149.28506,3.6808531,153.49545,293.49643,-168.04836,167.87321,245.93828,38.140438,96.492134,205.1201,-37.955402,128.86101,195.06007,-68.708855,73.18635,186.50531,-43.73338,121.2911,179.56664,-81.45483,89.90807,166.49161,-46.9845,115.52392,166.09532,-80.05982,100.08124,170.51103,-35.48617,123.83195,172.65262,-73.664246,228.11053,388.31253,-72.86339,207.33633,369.14105,73.715706,222.10588,529.84906,60.086674,194.70738,507.97723,203.78711,239.03882,639.6206,255.91412,203.76958,621.8367,349.34622,252.77864,659.73224,272.33173,213.8441,642.8781,364.43918,201.73329,664.97736,232.39458,169.89786,650.76184,338.97345
image_033.JPG,118.60633,104.053856,-216.23882,133.5602,81.02703,-241.51744,139.37526,78.72846,-241.63275,145.3201,76.40677,-241.84804,124.834625,85.84609,-197.16779,122.650375,86.869156,-197.24484,120.26683,88.027115,-197.0661,173.79633,76.69,-260.65643,143.62836,88.22619,-49.888756,142.13882,115.99793,-216.12242,129.23329,120.96236,-154.7865,262.8641,184.02443,-247.67355,141.57457,171.78734,55.997982,260.642,345.9117,-352.36346,123.52819,296.42154,4.8678603,174.91101,251.3611,-485.25525,56.93503,229.74457,-231.39067,144.67621,238.40025,-514.8923,36.672806,215.15407,-267.2718,158.05098,206.94539,-516.6836,30.751205,195.019,-258.7927,167.27036,210.38266,-483.40073,43.97239,201.17346,-240.21309,212.82707,445.5537,-106.00434,145.97392,429.38397,106.68037,208.0343,613.2525,9.267877,144.31825,596.4729,234.8042,212.83348,757.9412,271.42535,158.38242,741.3791,451.66183,228.40465,781.0213,292.7037,169.33134,764.7834,462.8869,159.19086,805.05383,182.74014,113.383575,789.5531,372.14456
image_034.JPG,215.50789,157.34865,-419.95334,228.70099,136.7878,-397.17822,236.74928,137.91202,-397.02185,244.81772,139.031,-396.93002,206.97069,133.383,-400.3394,198.02815,131.5824,-400.4171,189.04373,129.89946,-400.6447,250.53421,146.5924,-237.40935,173.80757,134.16759,-237.69019,224.86385,178.71681,-357.38913,195.1686,173.71404,-358.6748,274.05774,253.52838,-218.79938,105.37514,231.01907,-122.52788,264.24774,406.70477,-464.86008,75.63017,389.20746,-141.85172,250.1847,267.58273,-833.6771,59.099873,519.7421,-220.13184,231.21767,233.067,-898.19,46.180733,555.40674,-214.33313,255.3526,209.25444,-891.0918,56.33672,563.39777,-265.45465,251.26857,223.79242,-834.6632,72.938065,551.3212,-239.70987,216.55905,529.18756,-40.36147,112.74931,519.0806,41.67776,229.01198,707.3646,-63.793953,108.640144,692.3846,32.82535,241.3419,849.6534,240.52194,115.64418,844.84296,353.95822,244.81674,872.0723,264.62802,115.34571,869.7651,372.91086,224.20703,905.3136,141.82071,117.92322,900.70856,235.91994
image_035.JPG,208.88484,147.11906,-212.64993,206.11171,131.87695,-185.68642,206.95854,133.68181,-185.61194,208.0077,135.47101,-185.82191,199.61728,126.63667,-228.23738,194.54558,124.22262,-228.38951,189.42819,121.90665,-228.53723,184.745,141.54776,-57.065952,161.79434,126.25059,-242.8191,197.18805,167.36288,-161.72687,186.18616,159.78986,-215.02051,160.30974,236.07133,55.844112,77.2965,231.4252,-318.61978,172.36493,356.4401,39.828335,105.36762,408.69882,-354.83038,258.3771,318.69006,-175.27708,241.05945,331.56754,-282.55777,280.26846,310.20477,-201.84502,287.86734,318.37717,-299.9167,295.3136,296.8074,-231.69933,269.91028,286.56827,-292.7801,280.07016,300.16977,-197.2469,255.94952,292.82257,-274.614,146.45538,472.37723,104.64666,90.36747,486.49738,-103.94567,175.27519,608.7924,201.66,137.42772,640.38055,-13.6543455,159.43451,722.2546,491.09262,117.75629,746.902,297.97235,143.40073,743.681,517.14233,93.90261,761.50745,325.79437,206.59128,758.25793,465.33945,172.61388,788.5317,269.68167
image_036.JPG,195.33395,128.93655,-326.49423,189.51863,110.84743,-302.17032,191.73096,111.50895,-302.1773,194.1472,112.131905,-302.39508,179.0229,108.53358,-344.7088,171.9984,107.23303,-344.81354,164.92476,106.10616,-345.1037,169.88405,118.38872,-158.09242,131.66158,111.96752,-343.16168,186.44077,148.13034,-267.368,170.42435,144.69931,-319.67972,154.96834,193.35037,-20.995106,59.825775,222.7391,-395.7426,224.62984,278.71695,-9.594693,128.07864,385.5699,-414.52515,209.12224,285.2858,-203.63165,231.81494,290.3539,-255.07622,200.86859,292.67834,-242.16425,267.5937,270.77682,-275.81,191.56796,278.8994,-242.34312,248.26587,242.66296,-266.38748,190.56609,279.76596,-211.41095,238.4566,250.65524,-246.40562,141.08234,447.4433,115.61317,83.597626,467.16165,-115.29859,147.39626,603.00494,245.15671,111.125595,621.72296,68.256905,131.74365,723.89746,549.67706,101.04168,744.993,361.04666,115.51803,748.52673,576.23346,77.99775,768.0608,384.64932,190.6082,763.28674,500.75128,163.98901,790.3668,280.40305
image_037.JPG,237.39038,158.57236,-624.39124,249.59181,130.28532,-606.89557,258.85583,128.49596,-606.78723,268.27094,126.64369,-606.5297,224.45348,133.65752,-593.9184,215.40529,134.06154,-594.00836,206.3276,134.65077,-594.2328,285.84402,127.25438,-427.86353,201.37404,137.16162,-358.43494,259.68942,174.48932,-555.05963,227.29689,178.38031,-533.5252,354.71173,226.48134,-306.29068,170.07384,231.45695,-167.16272,401.1644,395.25687,-518.82697,121.30007,388.4203,-451.04648,423.299,267.93323,-862.5189,59.795765,271.2556,-856.95416,429.80603,232.30576,-930.5296,33.995968,238.5151,-926.85345,437.71088,207.12825,-915.45685,36.87823,216.86662,-907.67163,429.18994,220.75072,-862.2939,53.337612,229.86574,-864.84717,322.01636,518.2229,-52.340897,203.35506,513.7668,53.71028,321.84955,689.03033,-251.4558,198.23979,692.58984,64.29375,321.7773,851.86017,106.023094,198.99466,844.0087,444.71317,328.6,877.79584,129.20586,200.54936,866.8377,465.89954,300.10767,915.81433,-95.34457,199.20952,910.1078,253.68477
image_038.JPG,144.65378,128.20497,-369.68518,150.03471,105.93343,-356.0221,156.7563,106.32771,-355.9745,163.60522,106.70271,-356.12494,131.0949,103.79438,-375.4418,122.3273,102.34546,-375.47116,113.53446,101.05112,-375.87265,157.71004,112.02781,-216.47496,90.58489,104.499626,-299.03262,149.26236,144.07835,-310.1377,121.639206,141.14038,-333.31207,165.43777,183.46857,-100.67396,38.55668,209.39107,-267.9508,143.56671,308.09717,-73.38845,89.6866,369.42624,-355.39032,83.75395,327.03323,-188.58624,147.08456,245.86784,-437.69028,65.51759,340.99493,-209.69296,173.1976,214.81203,-468.0276,69.998726,325.29974,-215.01544,147.28159,191.39468,-456.27286,71.293526,320.69366,-194.13933,147.55502,199.36073,-434.19824,159.80255,416.84402,65.57205,94.35414,436.73767,-64.86318,153.04417,545.3944,196.99771,97.01109,567.96686,79.34274,140.17696,632.06586,473.52774,92.41065,657.26984,378.74655,129.67871,649.068,496.28494,80.71719,671.94214,405.6974,175.26385,672.2207,421.87585,122.9737,703.43744,317.4653
image_039.JPG,88.97873,91.13835,-145.28572,107.88827,74.777664,-161.77458,112.779854,74.7587,-162.08972,117.73303,74.66554,-162.42188,100.922516,74.93206,-131.3692,99.620735,74.7127,-131.43181,98.103745,74.587715,-131.13812,141.15321,84.055214,-181.4382,115.84089,79.816025,-46.445824,104.96459,110.16259,-147.54092,93.84873,109.02091,-108.61405,197.45456,196.94922,-193.56793,103.70405,170.37025,14.764674,187.82399,335.9492,-183.65422,88.48916,278.7936,-21.00563,84.15467,288.51358,-160.82129,55.034492,261.36804,-210.18253,47.94351,288.1223,-163.75447,54.671677,263.02264,-247.54315,55.85956,260.23444,-171.0533,50.394756,244.36557,-247.68385,68.17256,258.37158,-157.36545,55.926235,245.0929,-218.82217,166.7477,404.00958,-74.6436,113.002266,387.13263,75.14521,163.9149,528.8248,15.670858,109.24827,514.1954,202.01639,179.1384,638.72253,202.44739,115.38342,629.6608,349.15143,192.82376,658.18665,216.4721,125.09223,650.7705,353.90036,129.19438,663.369,142.18948,67.526405,657.4454,304.15533
image_040.JPG,111.73265,114.57796,-192.28345,124.26427,93.51425,-194.3765,131.40802,91.81,-194.43419,138.56,90.08188,-194.5175,109.71768,96.28891,-178.75386,104.597404,96.88559,-178.82507,99.47519,97.601974,-178.8894,161.82184,92.31464,-145.93991,111.604164,100.39516,-76.85699,133.8061,125.37015,-172.38834,111.39473,129.04773,-152.57086,208.14758,181.62097,-157.45001,135.53688,155.8497,4.6567087,182.07436,317.66965,-146.49454,131.6825,252.79623,38.685165,87.29325,280.11365,-105.94649,103.72762,268.4036,-15.536328,58.52652,276.8142,-121.596176,96.23626,275.28882,-29.731777,65.14572,255.8812,-123.5661,95.406334,266.45438,-34.918694,76.81065,254.87872,-105.89469,103.45462,264.7802,-20.635973,219.83704,364.98456,-59.642525,181.68404,336.8948,60.136154,109.30697,395.7044,-41.979996,81.486244,340.4305,110.48091,121.25811,474.26117,90.40477,98.074005,453.2982,154.56955,138.46704,488.09674,105.52877,115.25107,472.6541,159.68945,71.563156,505.32947,113.47388,51.14478,494.4657,165.62589
image_041.JPG,116.11236,156.1692,-241.23506,122.33106,129.39624,-248.5718,130.03233,124.90772,-248.77351,137.85751,120.346466,-249.19028,107.12656,139.93246,-218.38135,102.3331,143.25723,-218.71185,97.575226,146.85548,-218.89165,170.13023,119.853546,-219.28621,116.38077,153.35443,-69.62793,149.2123,166.92795,-229.76755,127.41955,180.8468,-186.42007,298.8621,212.91727,-183.60966,137.61931,268.66013,-22.197006,366.9552,298.1338,-320.18546,119.28181,383.13522,-69.83045,246.24841,183.93398,-469.7456,50.12236,311.50363,-191.14124,213.48938,151.22144,-503.597,30.15452,291.00702,-213.81372,206.61537,128.55827,-488.66098,21.68161,274.87396,-211.6381,212.62201,144.84091,-469.3111,35.739414,283.62106,-199.2428,343.45285,526.2687,-54.82271,246.80397,547.05646,55.434845,399.95984,590.97107,19.960392,220.61569,622.95374,268.66476,432.11124,738.95966,220.39117,215.6105,754.79,538.7267,437.72894,761.106,237.70535,219.36644,778.71936,561.0335,433.7796,797.57654,161.6198,208.72229,799.4835,498.95187
image_042.JPG,219.85204,150.88445,-350.5651,237.37283,123.62024,-344.2191,248.1198,121.845764,-344.22906,259.01236,120.03092,-344.2914,212.71094,127.132965,-318.0728,204.26508,127.68617,-318.3252,195.82173,128.388,-318.8269,288.12006,123.92795,-241.18285,204.08371,133.78282,-115.81564,249.16182,169.9324,-311.27637,215.74171,173.7914,-274.10022,365.25876,245.29214,-148.03732,177.47446,238.09258,7.1548758,421.26764,392.62396,-184.80966,108.77257,371.56058,-77.70525,443.35367,270.13306,-374.56528,51.48491,280.13696,-356.43008,447.69186,232.23184,-425.17407,35.253365,255.70734,-400.18942,450.5735,209.90419,-424.30615,32.4038,232.31952,-399.64255,442.51318,222.00082,-380.54584,46.809383,242.8836,-367.15704,309.18066,537.8534,-50.95845,202.52295,524.83624,52.570934,325.70694,717.1054,-66.92569,194.54565,682.6464,121.92592,301.66183,810.3063,270.3655,196.69662,825.3485,349.62085,300.8627,822.30853,301.1537,198.26036,846.2975,363.62036,280.27072,855.0453,230.78745,195.79686,880.709,267.56375
image_043.JPG,93.84998,76.389465,-196.59358,107.73592,64.145615,-195.9621,113.46985,64.26802,-196.05402,119.27501,64.37413,-196.20595,95.513405,63.90243,-175.61702,91.63668,63.615555,-175.63812,87.70353,63.44097,-175.58081,136.66449,72.288445,-149.37807,95.74929,69.38654,-53.316734,108.93666,90.79014,-179.19138,91.54674,89.82721,-151.20366,173.0532,144.74849,-156.41019,86.438675,145.8298,43.33995,182.50464,237.8482,-266.54156,75.3242,229.16408,-11.269037,177.0368,170.25513,-425.3077,39.298733,184.8628,-179.71283,169.88148,154.70433,-456.4861,32.365314,174.13745,-204.62866,179.65703,140.69186,-461.6964,24.733055,158.36272,-204.86015,179.40887,146.77632,-428.78683,30.72692,162.93086,-187.87701,154.7852,331.71048,-55.69647,101.97685,328.23425,56.27458,158.3241,443.59772,-7.2642283,93.23605,437.4699,114.43091,164.00685,544.73694,141.6233,95.1141,536.8602,235.07324,170.87408,560.9362,152.10034,100.278336,552.3281,241.05579,143.18266,575.4621,86.57418,76.306656,569.2329,181.20497
image_044.JPG,88.46368,46.301632,-321.46033,94.16957,38.19451,-305.14584,97.99975,38.500904,-305.18478,101.878136,38.750835,-305.2446,83.49214,37.51031,-305.68787,79.52714,37.213127,-305.59253,75.542336,36.98745,-305.68152,106.05466,45.231228,-192.64209,69.63774,42.460747,-195.38438,94.992195,57.249397,-278.98782,80.491066,56.100166,-279.5354,130.6149,103.9266,-114.40287,38.9399,97.915054,-109.85314,159.24092,173.99939,-225.99002,10.894175,163.247,-202.49742,147.02473,136.93816,-487.03366,17.543558,141.25165,-450.93448,138.5305,130.59799,-542.36224,22.996897,138.77814,-509.8784,139.77855,114.85357,-543.19666,25.501535,124.68409,-513.62274,138.53882,118.01746,-492.77954,28.155777,126.27164,-458.2221,107.692314,238.07304,-0.195744,58.25234,237.85106,0.49340475,107.5764,337.04047,63.766087,55.879807,340.7517,57.603615,105.38116,418.19107,281.09656,57.808197,423.56003,274.0922,100.86646,427.33542,295.29797,63.801872,433.27454,287.30768,112.30824,456.9588,181.62451,43.584,462.7838,164.78503
image_045.JPG,68.89506,45.870197,-204.12404,74.69488,40.42407,-190.8097,77.52678,40.9117,-190.81754,80.37748,41.354076,-190.80615,66.89031,39.24562,-189.85297,64.25492,38.784954,-189.79897,61.61851,38.368176,-189.838,84.645515,46.12111,-108.55002,59.208557,41.752586,-104.425476,73.69665,54.456097,-174.41656,63.628567,52.79165,-172.98776,102.018715,87.67745,-56.890663,37.871044,87.295906,-58.188534,121.458885,130.7311,-146.90366,27.249712,139.0629,-149.99428,128.25362,107.12295,-321.11774,25.920237,113.79539,-331.2452,130.52176,100.90614,-359.14783,27.152521,107.669975,-373.8881,128.77333,94.38191,-358.93536,26.331097,98.257484,-373.38004,125.136826,96.79605,-326.00208,29.053421,100.83284,-336.25357,86.887856,183.41301,-0.6744077,48.75485,183.42627,0.7946662,88.68138,254.83313,26.035505,36.40196,255.3966,19.394476,90.966,316.1779,156.86873,28.106499,313.9615,158.25531,88.54316,323.81143,164.1341,29.89481,320.17975,165.58649,95.55109,340.23102,77.18323,23.499151,340.24744,78.544624
image_046.JPG,90.85248,58.28844,-239.76553,100.26431,47.566406,-237.40102,104.451195,47.23332,-237.36717,108.72842,46.849564,-237.39937,91.524796,48.26247,-218.16704,88.84261,48.295113,-218.11365,86.098976,48.428463,-218.17175,122.73084,51.300644,-178.90158,93.378334,52.07934,-84.472244,103.15296,67.92868,-217.66824,90.75306,68.48914,-190.11127,163.02759,112.44014,-132.65652,78.9871,113.62175,21.38964,178.54445,201.99239,-266.51953,69.060844,195.91948,-50.492264,156.26924,133.82721,-468.77686,37.427803,159.37099,-285.23886,144.35652,118.57925,-508.61392,29.310831,150.1042,-323.5284,152.52127,103.82236,-506.0199,27.546644,137.06819,-322.915,152.32947,109.804214,-468.98138,35.57031,140.37029,-291.76294,134.35072,264.878,-48.62038,88.80104,262.62613,48.755486,133.13992,373.05472,36.45322,84.86432,374.76218,131.8585,136.75214,469.05374,228.4189,88.46847,468.60947,325.41534,143.39613,480.0377,242.20212,99.11572,482.90176,338.1114,116.87907,509.92215,145.63681,53.010326,503.71838,251.4653
image_047.JPG,78.12483,63.789177,-206.7223,87.60344,55.500805,-201.21962,91.39811,55.733223,-201.17207,95.28418,55.90144,-201.13312,79.401146,54.845623,-183.77686,77.045784,54.44422,-183.79155,74.618935,54.127075,-183.88515,106.90064,60.541542,-134.57294,80.383705,57.12647,-50.587326,87.66446,73.503876,-182.09549,76.67508,72.41361,-157.6646,135.6774,113.16971,-83.356346,61.59221,112.614105,45.58808,150.60455,183.43338,-209.14581,52.132084,182.75708,-20.556198,154.87692,141.253,-406.5381,26.667923,161.04749,-230.6571,156.39256,131.49388,-447.80844,19.261007,156.2518,-270.8274,158.44405,119.9842,-449.431,17.177908,145.5961,-273.41956,154.27484,122.86855,-410.0309,22.7231,146.89973,-238.15617,108.68492,241.44344,-38.069675,64.61854,240.56544,38.237873,118.585785,334.34866,-6.7950716,59.121635,335.74008,88.38374,131.2864,422.458,156.09918,54.140884,417.26892,269.8557,134.16183,433.7536,166.58365,59.663845,429.86298,280.0631,124.676025,455.56836,50.15478,35.163143,445.95883,175.72623
image_048.JPG,85.47507,60.603104,-218.66966,94.39435,50.022312,-216.27272,98.42234,49.769333,-216.2861,102.53566,49.46106,-216.32442,86.06583,50.386105,-198.0863,83.51722,50.308983,-198.02419,80.89302,50.323708,-198.16379,115.43576,52.973442,-160.70445,87.37749,52.680004,-70.18525,96.91684,69.95555,-196.45853,85.1554,70.11217,-169.89774,156.59416,111.98091,-114.386955,70.28696,113.91155,30.909233,174.28084,201.5805,-204.0599,59.36937,196.25702,-50.3523,131.36197,168.58998,-377.24484,38.38729,150.07945,-280.34088,114.23766,166.16615,-416.50732,33.926067,136.77411,-320.39682,117.514755,147.2,-412.42822,30.702137,124.01042,-317.45367,120.37589,148.42653,-375.68268,37.752747,128.51399,-285.98444,129.63753,265.41226,-51.69002,83.71147,265.48886,51.760128,130.61063,370.9338,-2.3072278,84.77589,377.20795,114.34912,139.22295,470.10806,157.94554,91.43634,471.2294,288.50366,146.96509,482.14978,167.80684,103.55469,486.0815,298.82587,119.71548,509.87405,67.50037,53.178997,506.13834,211.68599
image_049.JPG,77.658806,65.46264,-299.78525,87.67898,56.186752,-292.28888,92.07707,56.718662,-292.31995,96.479675,57.212753,-292.2275,77.62258,54.5256,-282.5916,74.352516,53.76627,-282.5651,71.04005,53.076576,-282.5688,106.008316,61.820408,-214.27985,72.28863,55.45862,-169.85463,85.95988,75.527,-269.33554,72.034386,73.21153,-256.16953,127.22971,110.69559,-157.95366,45.341537,106.64574,-85.09153,134.84251,178.15749,-226.76703,36.102676,176.69878,-175.9946,139.21068,165.18063,-379.52,17.97435,153.90967,-382.8051,138.53024,165.20091,-416.95508,15.351061,148.91515,-421.4313,138.8792,152.78387,-424.06534,12.1331215,137.14133,-421.7114,135.7224,152.0763,-383.64108,17.431087,138.739,-387.78806,105.91426,212.08623,-22.351969,59.906094,212.10141,22.79268,101.703156,291.6149,-69.069855,39.92126,296.16513,12.358605,111.25843,310.66055,173.21315,47.054173,310.30615,290.82544,114.11117,309.26782,196.31088,48.52809,308.53305,317.5574,107.39691,333.69226,183.80878,51.06667,332.82037,309.5969
image_050.JPG,56.497757,103.06363,-99.39588,61.736618,84.92183,-118.96376,66.058815,82.14109,-119.037415,70.45866,79.33817,-119.20929,54.829113,90.322945,-86.9017,53.117195,91.55917,-86.90109,51.343884,92.907036,-87.020546,92.00776,74.412735,-150.67665,68.86665,90.48559,0.84326035,76.540436,107.668816,-106.71704,66.98481,114.26811,-62.782143,158.00987,143.6713,-165.83775,91.63543,139.75705,59.249844,134.37445,261.1101,-127.81182,89.625946,231.73773,41.500435,63.26462,212.8778,-30.288708,73.29782,201.32843,-102.264404,39.949203,204.12427,-29.842436,69.443596,193.12953,-121.10368,48.237793,185.64247,-30.20232,66.920525,182.76352,-113.25453,56.342026,188.11021,-25.876059,74.67899,185.55269,-105.937454,148.49437,334.329,-76.680824,105.48147,324.6525,77.03582,130.58925,462.68106,-49.212273,82.49369,454.0473,100.34658,147.55719,535.10834,99.745476,110.46826,528.74774,232.12466,159.25342,544.4684,114.81474,120.82954,537.5469,244.36136,123.96341,573.7328,86.60514,95.94981,573.01105,226.6959
image_051.JPG,159.31964,83.02835,-382.47733,167.19366,68.61433,-360.54117,173.19624,68.60755,-360.52335,179.2799,68.55176,-360.58447,150.83084,68.55768,-362.1654,144.37616,68.31028,-362.05588,137.8725,68.19273,-362.11237,184.81274,76.84622,-212.2287,128.7286,75.59388,-213.38228,169.75113,97.98887,-328.1357,147.10579,97.59719,-327.86786,217.28558,156.2492,-132.97581,89.24301,156.42386,-110.52021,241.57614,259.18692,-301.5419,73.7484,263.04373,-260.86752,251.39227,186.14372,-607.19464,61.923992,185.2587,-559.75385,249.06877,169.39798,-658.0479,63.388817,167.40976,-615.2117,255.90662,150.28374,-660.6963,57.45691,144.8059,-609.0242,248.95389,156.90547,-613.5873,65.12929,151.19592,-563.7823,184.41495,356.27618,-3.765052,109.65777,355.3378,4.1879716,188.45856,493.21072,115.17554,96.434265,486.67426,131.47806,187.42416,598.53296,413.8597,88.2588,589.8505,442.47467,181.6465,612.23346,436.10437,93.11057,602.5523,463.6917,206.30121,647.87573,303.4515,72.31479,642.0698,321.71994
image_053.JPG,257.16626,140.58847,-159.64253,255.17334,117.21144,-141.68517,256.23538,118.19554,-141.7204,257.57983,119.146034,-141.91084,247.59804,111.70608,-179.53876,241.95107,107.8546,-179.74968,236.2137,104.063965,-179.89145,233.09416,112.429634,-22.089628,203.51065,94.48188,-185.91624,241.07726,155.51488,-111.5243,230.38193,147.70998,-158.36765,220.39603,195.81207,31.0008,77.15803,172.17213,-161.55316,242.79324,326.94,-40.77804,40.108658,361.9988,-165.38582,265.39365,300.7927,-306.44632,164.78944,282.67087,-97.52946,263.39743,298.94846,-351.69565,214.33125,277.73764,-99.53212,267.11105,275.57248,-347.44336,198.64928,227.78424,-101.10595,259.21185,275.44986,-312.70877,187.45511,232.00418,-93.27578,155.36967,445.74283,66.610916,63.823483,444.6139,-66.07159,182.63646,597.3993,98.956436,94.911476,616.99335,71.312805,166.93367,724.63556,330.02994,85.430595,743.40625,313.46957,151.44377,741.0564,348.58936,68.56463,754.8671,333.18936,198.76906,778.8588,242.58252,133.69585,808.62946,220.21046
image_054.JPG,301.4696,175.4487,-581.70764,317.0272,141.20999,-571.18713,327.82144,140.8323,-571.301,338.7223,140.34824,-571.16187,286.56952,139.61537,-573.9768,275.1864,137.79587,-574.1871,263.81458,136.07411,-574.5429,350.31024,136.5583,-395.41656,247.72383,130.69957,-405.58502,318.55142,194.55212,-508.78262,280.53473,192.08876,-510.2803,409.19873,238.12584,-238.31499,168.13406,234.04922,-224.61855,471.3255,433.3483,-334.09198,109.85267,448.81622,-423.56772,515.9658,325.1936,-602.4602,69.91399,302.13776,-751.9558,531.8128,290.17932,-656.43585,56.47859,258.82144,-801.83685,534.2274,265.7046,-639.8852,50.77757,222.3286,-779.97656,519.326,278.2069,-601.04926,65.8026,239.05518,-753.1332,351.93423,548.349,4.2151217,204.22162,542.0829,-3.0917363,369.56116,726.01733,-206.85495,205.25212,734.2122,27.744644,358.16125,897.6846,69.357895,218.09189,895.3917,310.14743,351.54254,922.4358,85.22644,215.53293,916.92035,324.27655,359.82663,969.99896,-122.28715,236.59834,970.8568,136.0229
image_055.JPG,226.67258,140.44919,-314.63385,231.39192,106.15917,-316.5023,240.18192,100.471756,-316.5985,249.12254,94.69974,-316.6496,209.39267,118.13056,-303.47397,201.37732,121.33866,-303.6459,193.38393,124.59849,-303.94653,272.70822,82.06765,-228.9959,197.35747,121.61228,-165.06232,256.83746,144.58606,-278.1647,228.80801,159.65294,-258.84625,380.76352,165.07729,-113.11084,177.40097,199.23538,-46.094772,452.80652,336.6591,-171.0595,133.92422,375.4247,-194.8025,443.89752,197.37811,-316.87238,73.75023,282.03543,-454.73508,434.58832,153.4838,-347.75647,58.45099,254.58003,-485.67902,441.35425,126.51471,-327.84744,50.06438,225.88052,-468.63913,434.39764,145.91502,-310.10074,69.14377,237.62608,-455.98654,354.00897,468.4188,-14.506929,236.62924,471.023,15.536507,347.95963,639.16956,20.147884,230.58507,635.1204,94.120445,341.5751,782.8444,254.41792,230.29689,773.2587,310.39774,340.527,802.74817,271.36725,230.8462,793.25806,323.33682,330.2875,846.9177,155.57799,234.12694,836.34595,217.86903
image_056.JPG,405.81448,204.9983,-662.129,407.27728,158.57625,-632.9266,417.69638,155.9432,-633.126,428.26807,153.24564,-632.90594,371.63614,161.93361,-670.25476,355.92142,161.60246,-670.48315,340.2079,161.31874,-670.9824,417.00888,143.72888,-371.50745,295.713,155.21248,-534.18085,414.98502,223.88109,-554.8654,370.2002,227.82826,-600.84753,472.03925,271.06052,-222.07932,195.79509,287.93826,-280.1624,553.475,518.81067,-368.1173,141.27397,535.8832,-492.88284,543.41455,411.89996,-851.34393,89.73875,392.0923,-882.48114,536.0936,386.81964,-953.05347,73.76696,353.35046,-951.7565,539.9578,341.79773,-932.85736,62.89889,310.02927,-944.84,531.2305,353.4347,-853.56256,80.53432,322.56024,-891.4453,428.58948,639.3868,7.647769,256.60986,643.8595,-5.727407,432.29874,865.9445,-50.016636,266.0531,862.2702,72.77552,436.29727,1055.479,355.7408,278.84235,1056.6241,461.6435,437.34097,1089.0701,381.0692,271.59918,1087.878,482.66086,435.37012,1118.3601,152.03319,304.26266,1132.233,250.4547
image_057.JPG,259.3449,135.53496,-389.69138,273.17813,112.83568,-353.06946,282.49725,113.49192,-352.93033,291.93347,114.07816,-352.8046,246.54175,111.28126,-361.14264,236.08313,110.46975,-361.23242,225.62376,109.775215,-361.3598,300.84854,125.91271,-161.20271,209.82507,120.04555,-190.24568,273.5396,162.02298,-319.45676,237.89517,159.62001,-329.21906,333.2421,267.0132,-111.4891,135.2916,238.42365,-105.41902,352.88226,447.91638,-350.84985,69.924545,414.12958,-174.43216,396.23285,297.09827,-727.51166,30.348236,564.3093,-285.8521,403.6755,249.46925,-800.04034,6.969879,602.9898,-292.1183,420.73566,228.0371,-788.04346,23.205547,613.36786,-349.9267,405.62354,245.14769,-730.3334,44.219433,601.2793,-309.97113,266.69003,586.6493,-16.203157,141.93103,571.97095,17.800997,270.26355,798.2739,-30.48904,127.34572,783.88574,3.7670794,265.48,985.13354,251.09024,121.66491,974.49493,316.8164,267.27432,1013.8724,269.0211,116.58826,1003.1395,330.85767,243.7295,1045.3962,98.377106,133.07808,1041.0371,148.64494
image_058.JPG,212.66376,150.5598,-322.8781,233.73656,123.39499,-338.02527,242.62997,120.76381,-338.1635,251.82848,117.977974,-338.44803,217.08968,129.56612,-273.78372,212.32053,130.9399,-273.95236,207.34558,132.50859,-273.63654,287.73282,123.359024,-319.05585,231.10492,136.5041,-19.386986,245.18588,169.80515,-309.91074,220.8524,175.93205,-221.45885,417.5582,260.0617,-311.432,213.83908,276.4498,122.30397,467.35675,468.92282,-378.6315,148.24762,439.30994,-94.56126,431.10544,624.5213,-474.354,71.006195,305.29224,-581.7715,430.6455,683.2667,-513.0576,49.388382,273.33765,-677.00836,401.38123,669.9442,-537.05115,48.92449,244.19144,-667.07776,401.53113,648.3572,-475.1376,65.92126,258.36136,-602.09436,350.18985,624.1877,-130.46347,225.95181,623.17004,131.53506,347.67694,849.0481,-295.0907,201.95677,837.25104,231.62337,348.0257,1068.5635,50.911964,214.44746,1055.0455,570.15424,360.6487,1106.3345,74.66823,229.47388,1092.9492,583.19696,291.42487,1128.8495,-153.61253,161.63455,1115.495,399.3842
image_059.JPG,349.04245,257.08194,-197.22119,340.0962,231.93118,-179.91403,339.23987,231.67068,-179.94878,338.62494,231.36597,-180.4197,334.14783,232.23436,-233.73679,328.16998,231.35663,-234.13446,322.17737,230.5046,-234.35098,305.51028,236.88582,-75.16342,283.69327,235.9669,-307.28845,332.02884,282.3057,-147.40283,323.577,280.5177,-214.11133,243.85167,341.2489,49.00664,211.0488,376.93164,-397.85892,307.06564,516.62244,181.93793,302.36868,584.8281,-421.7256,422.48343,588.2176,91.407745,506.78827,601.1166,-345.715,450.43686,604.4043,74.260254,560.3562,618.2103,-405.92712,459.71188,597.12756,24.454002,561.5839,582.4477,-396.40344,446.67337,597.1835,65.46653,538.07153,580.2154,-341.65686,219.4574,694.99194,124.98683,178.40305,733.8437,-124.01694,324.2385,874.32196,209.53403,294.59146,930.2545,7.2498245,334.77347,1065.7618,468.94412,287.83597,1124.0869,311.0691,309.38922,1099.3624,491.73032,258.63547,1153.916,337.9793,416.39673,1112.6321,391.34784,379.35028,1169.2755,232.95859
image_060.JPG,118.500114,56.507866,-292.0927,125.13987,44.91996,-274.32806,130.1395,44.504913,-274.3322,135.18121,44.03148,-274.36557,111.91124,46.176727,-272.31894,107.001175,46.586365,-272.2126,102.070786,47.06594,-272.14398,142.39078,51.03824,-163.16032,97.97464,54.54259,-146.7994,129.20815,68.29601,-252.16397,110.92519,69.80328,-247.02565,173.78873,119.124084,-88.666115,75.43209,124.277466,-75.49523,189.87723,205.97131,-207.27843,69.94284,215.77013,-206.78983,204.4535,146.23624,-429.86163,52.641857,155.76712,-448.61612,205.11171,129.94124,-469.68866,49.72257,140.45013,-490.5083,212.42665,116.45655,-469.58395,43.306316,123.76618,-478.79932,206.86993,121.16236,-434.58923,49.73958,128.46529,-449.6711,154.59032,264.23126,-4.1395926,94.162,265.58826,4.5598717,167.48396,372.28687,21.767918,79.938736,376.10892,52.15686,183.39586,453.13052,249.69612,63.289524,454.5325,311.3289,184.93608,462.7228,265.57294,65.23011,463.19193,329.73526,186.67482,493.43542,154.29233,51.79733,496.85663,222.99521
image_061.JPG,293.37604,108.02987,-306.3759,291.07132,88.726654,-273.44464,296.07263,87.85753,-273.47067,301.207,86.93668,-273.4896,272.9703,90.319534,-294.74564,264.6089,90.53135,-294.804,256.27002,90.76065,-294.80728,292.17892,90.216255,-112.89703,232.17984,96.55582,-204.35448,298.01035,123.26918,-249.59584,273.79086,125.30902,-275.97522,330.32968,196.32256,-73.55401,166.13683,194.97949,-124.50023,364.2638,332.0947,-232.25851,146.97362,343.41803,-268.71725,388.7436,244.06711,-493.57327,123.008,262.88895,-522.21246,391.95297,217.58398,-541.0132,120.25915,244.13744,-560.6365,398.13504,198.77238,-525.821,110.966774,218.11224,-557.3134,388.62607,206.48909,-494.3028,120.51598,222.84825,-525.21124,294.94495,427.92654,17.04432,192.87978,425.4566,-15.830695,306.26907,595.67126,59.97015,194.74886,591.68835,19.793118,314.2709,705.4741,385.63434,190.7359,713.3028,331.06415,312.38712,717.6804,410.74866,185.29222,727.0185,354.8323,316.99246,756.42316,286.01007,206.00732,767.3595,214.79501
image_062.JPG,277.07706,92.26733,-301.2882,278.4316,77.49054,-260.90347,283.57608,77.915215,-260.96637,288.8384,78.2651,-261.0308,260.89273,76.221664,-280.077,253.03743,75.530685,-280.1288,245.17674,74.89098,-280.16507,281.6538,86.30831,-88.11963,223.76802,83.08577,-171.32657,281.35812,111.033325,-242.81064,257.0734,109.27178,-266.97357,317.17316,196.12257,-54.208225,152.96895,191.01767,-111.29618,361.38998,320.62054,-217.91238,131.67711,335.97723,-263.71024,354.9703,215.09947,-458.6541,125.30442,248.5923,-510.83612,348.4549,184.73839,-506.54272,131.03072,227.8711,-551.0712,352.5816,167.83717,-479.89984,118.55333,203.48299,-544.6064,346.43875,177.51477,-453.855,126.03174,209.50974,-511.089,283.77408,429.80167,27.000643,183.26993,429.47806,-25.74372,302.73468,604.3391,81.73966,191.17892,604.3562,24.566172,313.0245,719.8595,425.73273,188.84492,726.3599,373.03818,310.7608,733.38763,452.62848,181.85376,740.2782,400.82193,321.12042,771.27563,323.7381,211.50087,779.95294,257.4443
image_063.JPG,224.84998,100.66035,-321.0326,233.21962,82.70445,-290.913,240.35457,82.2454,-290.95914,247.58546,81.71499,-290.96753,212.90968,83.93214,-293.3689,205.08679,84.17362,-293.372,197.23564,84.47575,-293.41254,255.21933,90.04019,-127.14992,186.96463,93.324425,-134.50574,238.91504,118.420845,-263.0051,211.41037,119.73137,-264.81,303.56305,195.48402,-59.12845,141.51175,196.79172,-32.12687,344.4975,331.36603,-176.80653,114.67032,343.7286,-188.0285,374.74124,260.7463,-455.17657,92.3276,262.555,-514.3226,380.20474,241.05682,-508.56305,93.349915,243.68956,-572.7777,383.81766,218.55507,-504.10013,84.45018,215.71582,-566.02325,374.26477,224.87907,-457.68066,93.6835,222.69165,-517.7775,280.64166,436.0481,-5.211818,176.80745,435.6996,6.536869,297.67502,602.519,2.5810306,185.23694,606.2476,11.967279,311.14005,724.7255,337.50613,183.30168,732.5823,372.56378,313.82098,741.20337,361.9508,181.45457,747.9215,398.22684,305.86865,774.47375,209.29633,195.39488,787.02313,247.80634
image_064.JPG,261.75452,101.17438,-404.07343,267.84253,82.13173,-375.08347,274.94897,81.520805,-375.15778,282.14807,80.84078,-375.15576,247.33353,83.65919,-379.47235,238.95575,84.01551,-379.43735,230.57443,84.43299,-379.50977,285.94095,89.571014,-219.35095,216.6137,94.38798,-233.2702,274.44376,119.35742,-348.8567,245.72424,121.11742,-352.4197,332.4084,200.07509,-155.26984,166.83803,202.12799,-136.27936,372.1079,339.09924,-293.40094,140.37074,347.21564,-289.98206,388.81845,267.3885,-572.85376,118.955,273.96335,-592.6581,387.806,248.3275,-624.01965,120.787384,259.212,-643.94794,394.08636,224.54637,-614.6915,112.22352,229.93884,-635.69916,386.17825,229.99649,-573.484,120.8712,234.39763,-595.2298,303.91992,431.46176,-11.163869,202.65707,432.38144,12.474404,306.0365,596.12036,10.20957,202.87053,606.0109,27.253464,312.04657,710.3036,360.28287,208.24095,713.2771,410.6919,314.89923,723.7918,387.19897,206.63887,723.32166,440.47076,302.53473,765.4925,250.79655,221.70181,773.15344,313.06516
image_065.JPG,256.6555,102.03443,-237.04219,262.99948,90.15009,-217.25443,268.04248,89.91712,-217.22592,273.1922,89.60379,-217.25356,248.75826,90.924065,-216.34097,243.39812,91.1294,-216.2498,237.98526,91.40152,-216.24432,278.28067,97.6088,-92.48429,231.08945,99.42974,-81.96626,266.3043,115.20729,-192.10658,246.79305,116.110565,-189.16066,307.53665,173.78221,-22.594942,200.29716,176.66777,29.07344,331.99594,269.73624,-126.33384,187.47113,276.04272,-70.85003,374.69833,226.72495,-377.91116,139.95464,236.59442,-368.91016,387.0437,215.5044,-419.74298,125.052765,227.73032,-420.48288,393.49506,200.92169,-434.95447,121.59825,209.94067,-428.35684,383.6553,204.39084,-389.82394,131.07645,212.29303,-380.11206,284.68677,353.2109,-17.859018,218.84795,355.9478,18.388605,298.08542,491.77902,-17.213957,221.3867,495.6401,56.15569,318.43365,611.84796,166.70059,217.4453,604.3611,281.62158,320.29187,626.68365,177.80548,222.62357,617.3898,294.70276,319.26477,657.46246,41.680218,204.84541,650.809,160.17473
image_066.JPG,221.73262,97.059235,-268.13345,229.66226,82.985596,-253.68777,234.93025,82.70346,-253.62622,240.2717,82.36126,-253.59358,216.0021,83.47994,-251.12236,210.74512,83.40208,-251.02977,205.44998,83.398445,-250.97368,247.5245,88.72837,-143.53552,200.84904,89.2483,-123.41777,232.21004,108.81896,-227.7771,212.99843,109.10869,-221.97919,274.67502,154.91222,-84.09227,177.63959,154.44783,-10.998339,285.63086,249.87671,-214.81624,162.13821,245.57652,-136.05475,302.49252,176.11133,-464.65735,143.83566,180.892,-405.02686,301.98508,157.99023,-501.84705,141.37685,164.7297,-448.73276,312.41608,142.26625,-504.43848,138.9045,147.17801,-437.33353,306.6078,148.41287,-468.44778,146.13338,153.2374,-406.28342,257.21426,316.1246,-28.113546,199.65913,316.46057,28.437138,262.4009,447.45612,-22.6509,197.54102,436.93488,91.53149,284.7806,546.4914,147.62085,198.8517,527.0946,319.62292,290.34384,558.1268,158.5267,205.53047,537.5738,334.6724,280.8584,593.72626,39.334568,183.2148,574.8651,224.4836
image_067.JPG,208.50977,89.40726,-271.4817,216.27579,76.62511,-256.09628,221.47304,76.68058,-256.05203,226.74323,76.66751,-256.06372,202.51073,76.40859,-256.21945,197.2,76.15275,-256.1398,191.84602,75.98068,-256.09396,232.68518,84.08553,-143.4179,185.62523,82.531624,-137.20993,217.8319,102.29903,-230.18597,198.50658,101.7329,-228.28757,259.1958,150.83337,-82.10854,157.9482,151.74619,-35.002457,279.1293,238.15639,-215.90852,144.77742,240.9405,-150.20844,299.83685,173.32687,-477.6215,125.78385,181.24832,-411.1452,302.3589,157.6756,-518.2279,124.951225,167.3479,-454.21912,308.27173,143.00412,-521.2232,120.95584,148.41718,-449.6744,301.15692,148.8028,-483.4624,127.88553,153.94048,-414.59286,244.74539,308.43915,-21.138302,186.38994,310.67142,21.331217,252.74236,436.53958,7.0110354,185.77075,426.1041,113.29528,276.52774,537.8017,166.0235,183.97198,511.15173,333.84653,279.89233,549.45355,176.15733,190.06549,520.65295,349.72113,278.12833,583.80347,59.577225,167.35698,556.897,246.90001
image_068.JPG,215.96976,87.29377,-253.52182,222.42296,72.6556,-238.59673,227.60605,72.29616,-238.5321,232.86421,71.87566,-238.52089,208.44536,73.28648,-241.30147,202.79788,73.229645,-241.2162,197.11339,73.2465,-241.15593,237.54053,77.92035,-125.86347,189.31909,79.18095,-129.80641,225.20403,99.164,-211.7162,205.57426,99.67023,-212.82347,263.05,142.34612,-70.758224,164.43594,144.9956,-28.22484,279.7422,232.72575,-202.41104,153.25241,233.93071,-157.03246,300.98224,166.4784,-454.67236,136.29585,169.2695,-408.82806,302.58426,150.61232,-491.5032,134.5141,153.69263,-447.87067,310.4456,135.25758,-495.43076,131.30453,135.37947,-439.43466,303.63422,141.43405,-459.97903,138.34807,141.5618,-410.2676,250.28581,305.73346,-19.62045,192.24881,307.2147,19.83759,257.9908,434.92123,4.139035,189.27634,422.80637,90.52385,282.98642,532.247,163.18427,187.3115,509.48358,295.39923,286.60214,543.3999,173.26758,193.14793,518.93555,309.01984,284.96103,579.45917,60.164097,172.7648,558.176,206.44005
image_069.JPG,292.53958,69.97824,-527.5151,267.2599,58.063354,-513.43005,263.8511,57.446674,-513.563,260.99533,56.812847,-513.8667,267.67288,64.14531,-566.1313,263.85632,67.79441,-566.2731,260.06067,71.63715,-566.58453,229.85495,79.21972,-385.5304,228.1655,100.5815,-618.24585,282.6848,99.05176,-469.0105,281.80643,105.18904,-534.4277,222.58281,196.8636,-234.49542,192.62305,255.74577,-597.6324,277.38107,327.7137,-60.852688,278.74716,434.69254,-453.81802,309.27716,255.33266,-104.30551,368.3339,283.04446,-172.45232,308.2408,233.17508,-143.84702,397.99628,250.08621,-208.16908,310.6047,219.9713,-155.7945,366.6975,224.94228,-212.15784,310.1294,230.84402,-115.175186,357.08566,235.78697,-172.36435,237.30496,465.85413,121.04573,203.27238,497.82346,-120.142815,275.5725,610.70935,471.95087,209.51567,634.4802,267.85428,265.49908,739.0578,1028.2904,204.15198,774.7059,809.16516,245.65387,764.7969,1085.8535,187.04521,804.2819,860.2987,321.97476,763.547,1019.61285,269.40912,791.6135,754.69385
image_070.JPG,300.31406,149.79488,-87.6209,294.55884,135.7082,-82.3819,294.81036,135.88832,-82.31842,295.07858,136.06238,-82.643745,291.3463,135.23842,-103.64637,288.35727,134.89769,-103.680824,285.44714,134.73672,-103.73182,277.57263,147.60608,-53.860596,265.764,146.61794,-142.97525,292.6937,169.66824,-70.178345,286.626,168.6115,-94.90851,248.46803,221.82985,-4.6184816,231.37927,244.14818,-174.31522,268.0397,261.69995,118.61832,261.08,356.85373,-79.13102,287.95828,216.30014,205.17868,281.81094,278.69995,35.189682,289.6848,206.29361,206.26562,297.34085,263.0443,35.295288,297.32556,201.00047,197.02417,276.98892,249.35295,33.832634,296.90552,205.81436,199.3952,272.2222,252.84277,37.47806,239.19296,476.5592,54.750134,231.77324,482.46518,-53.718407,236.43404,439.3502,342.64526,236.9274,399.27072,257.7071,252.7442,430.64758,603.954,238.63326,411.36594,560.4326,245.744,431.53598,631.33093,230.01614,424.5138,592.7968,262.54358,423.1493,611.41614,256.97543,388.87003,603.39575
image_071.JPG,286.85333,160.91756,-373.118,298.73492,132.23682,-372.35092,307.5311,132.34831,-372.4562,316.44244,132.41595,-372.55502,275.30698,129.09518,-377.54633,265.50308,126.35963,-377.592,255.68619,123.73002,-377.6685,321.95383,126.80509,-259.34583,238.56471,115.66008,-280.28232,297.76514,173.89182,-320.6343,266.4638,169.44362,-326.69473,364.94458,213.37244,-159.30972,161.49022,190.63768,-186.87663,367.30457,359.7956,-215.07445,135.29782,343.14706,-110.78316,418.50662,310.419,-425.97635,137.22763,353.37125,-88.209984,428.89975,290.5736,-466.2769,142.44374,364.7698,-100.975,444.06107,273.19092,-469.6367,142.14102,344.05304,-120.18007,427.16013,276.95102,-432.41733,151.55846,337.74347,-93.3629,294.51947,472.79242,1.9577168,181.25726,468.1165,-0.4951032,299.89957,632.4693,75.42443,169.21223,627.19977,87.05146,302.09607,740.65234,373.0072,163.65877,737.78406,406.19415,292.31854,755.79126,400.01532,162.17451,749.972,434.7743,318.30438,806.859,306.55176,165.79689,810.0738,346.54895
image_072.JPG,245.63052,143.84303,-560.08014,257.56583,115.56454,-557.5168,266.6053,114.973495,-557.5605,275.70972,114.31694,-557.6539,233.74149,114.79175,-556.92346,224.28966,113.089066,-556.90936,214.79674,111.5409,-556.8778,286.42972,110.15583,-420.29126,202.18124,106.568794,-407.7948,260.73627,157.08583,-497.0124,230.04674,155.85426,-493.79736,339.7116,203.24263,-302.3726,142.61612,172.99214,-262.74274,345.30704,362.77484,-417.66995,107.49034,305.58502,-147.84459,342.5676,270.34085,-702.75006,92.68384,368.6881,-177.86514,327.9296,244.2641,-758.9552,86.600044,392.37872,-185.3331,346.65625,217.53894,-757.539,90.69181,382.55008,-221.29903,340.23895,225.45566,-704.2202,104.73345,374.2701,-189.44598,263.04434,472.33206,-4.1062336,151.96245,459.89615,5.4841413,264.79306,634.07886,-0.009546596,136.21315,617.3147,23.446852,259.07968,745.49384,370.57397,123.26945,728.79266,408.83063,250.48419,760.7578,402.62613,123.36011,744.87494,439.494,265.49536,813.87585,283.87512,116.194786,796.5713,312.6276
image_073.JPG,274.60303,149.60234,-486.39325,292.84198,114.26811,-479.8785,304.83832,111.109184,-479.90247,317.08084,107.91458,-480.32407,264.68115,121.54574,-426.0381,255.19495,123.13447,-425.9898,245.63606,124.973694,-426.34357,351.24997,114.43152,-349.20395,259.00385,134.33281,-91.83078,310.31024,172.28674,-439.75055,272.57864,180.2157,-364.16504,447.31488,281.87918,-369.60767,242.90262,276.07083,176.64127,382.83057,543.27325,-636.3731,175.13977,462.12192,-102.272606,369.10056,350.66003,-945.21606,87.73581,314.44003,-676.9295,349.93588,302.12634,-1012.59296,53.629383,273.17642,-765.8142,394.98553,271.18713,-1012.92664,49.63372,247.07272,-734.7078,394.48505,285.28845,-943.15094,70.507324,262.2874,-689.48834,367.64572,692.28076,-155.63477,233.76741,680.5576,156.57533,358.66052,945.2705,-161.26894,212.23352,935.4831,253.41681,357.92688,1189.9309,276.12613,221.6908,1178.5764,701.667,377.9936,1238.0852,309.44852,230.45949,1221.9288,724.7181,300.72876,1249.2985,65.1105,196.89691,1247.2388,498.58917
image_074.JPG,205.11919,126.85817,-439.6529,235.73001,92.858986,-437.82947,248.25638,91.292656,-438.0294,260.95203,89.65854,-438.38037,207.8973,96.52304,-384.47162,199.29141,96.90023,-384.79208,190.46451,97.485085,-384.73196,301.27545,100.2669,-336.3781,211.69824,104.31891,-98.695526,242.68922,155.38515,-400.66064,205.76642,157.56001,-331.7526,414.7302,277.6464,-350.0779,189.55484,262.26785,132.28075,350.16443,566.129,-518.5978,165.13348,484.54544,61.550697,283.71918,372.9393,-723.57184,93.05041,466.73868,-376.4198,247.4931,333.97247,-772.73254,64.54683,468.1322,-440.69223,295.5026,294.3287,-784.5868,55.960346,441.44113,-447.52634,305.01892,303.32892,-724.13257,70.676094,441.0365,-400.4987,351.05945,656.8197,-122.245766,208.94557,644.52704,122.91427,335.51498,913.6627,-163.75226,197.04016,904.31067,132.53612,333.89255,1161.1957,173.38145,207.78278,1147.0603,448.86188,355.05307,1209.9797,197.60785,219.64127,1193.9705,455.44742,253.40137,1215.6316,-38.7449,157.31905,1201.6781,259.54904
image_075.JPG,245.52661,196.5245,-485.52505,262.89844,156.367,-490.35556,275.12888,152.17543,-490.25128,287.59766,147.93338,-490.5286,234.81865,165.36978,-438.1467,225.44992,167.23808,-438.16074,216.01921,169.36552,-438.6073,327.02844,147.16809,-393.12872,233.52983,173.25125,-142.80777,285.39468,215.11975,-448.3433,248.5908,225.13824,-374.5148,446.6196,307.00278,-370.80405,212.93141,289.70334,83.51119,380.13712,588.83105,-586.2665,128.05666,465.09988,-196.23653,368.76614,371.10098,-888.7424,71.37089,306.08826,-749.2493,348.04752,316.18085,-950.7094,48.44794,263.36023,-829.533,398.70126,283.66736,-949.4577,52.396217,238.0386,-788.69275,397.2576,300.08377,-885.9324,74.19522,254.47176,-754.5036,361.9539,714.9222,-133.41068,213.33745,697.58215,134.29994,357.8416,954.79987,-225.61162,183.84196,942.6491,219.62819,353.6415,1189.2266,181.64026,193.51878,1171.6749,636.9989,370.38193,1234.0378,213.258,201.86458,1212.7477,659.303,301.72552,1261.0288,-18.501448,172.83551,1248.1641,456.93326
image_076.JPG,261.9843,142.51361,-343.97995,275.1105,114.21395,-350.26288,283.96396,113.25172,-350.31573,292.8572,112.23995,-350.27872,253.57985,114.19779,-344.3778,245.34846,112.91708,-344.4408,237.0951,111.71452,-344.64392,308.18646,107.85685,-257.9389,231.67886,106.66667,-227.48657,279.7469,153.11908,-301.094,250.86961,152.74242,-291.54193,363.57013,182.18694,-153.54494,188.76373,174.607,-113.995,381.98138,325.13522,-200.55934,157.40822,320.72992,-210.2513,390.03296,258.08786,-422.7998,154.88959,235.26639,-455.6377,384.45862,240.05754,-462.12506,165.54855,216.46808,-492.77454,395.27292,216.14185,-458.2279,155.60349,182.93797,-485.0901,385.54205,221.47493,-422.67633,164.12456,191.14462,-456.0041,309.97293,433.0088,-17.849209,217.16133,423.94055,18.795639,280.14432,602.84143,23.645582,211.71017,588.1854,75.76139,269.7433,717.7577,253.15323,215.71898,709.46564,277.26227,269.05905,729.98114,270.2442,219.1366,722.1052,290.56723,257.3692,782.3736,166.7775,207.36455,777.3012,182.68018
image_077.JPG,251.60373,160.75359,-542.0223,259.80994,137.06485,-540.98926,267.24005,135.78558,-541.06635,274.7416,134.44525,-541.03186,240.67517,138.55672,-536.3274,233.44476,138.18898,-536.24664,226.18155,137.93153,-536.405,287.08414,130.47003,-410.0554,219.81367,135.36156,-383.28378,267.86792,169.34605,-483.7446,242.56512,171.07208,-475.33942,343.78967,200.00182,-266.22894,186.61,196.61414,-234.56961,368.6006,330.57333,-381.36774,163.5874,324.0393,-416.64972,365.99258,268.917,-697.09424,154.86584,241.80722,-772.5158,360.18228,252.3634,-765.3075,156.81465,221.78577,-838.79504,366.502,229.28516,-757.49023,151.1831,195.59085,-829.0262,359.8529,233.47012,-698.62714,159.13977,202.91412,-776.40356,303.77823,422.7364,-18.2863,215.67552,419.222,19.43383,278.23862,579.6348,-99.98121,218.5638,587.2032,32.619884,273.51196,700.5644,202.43375,221.62877,696.9547,409.01822,274.95773,713.64624,224.21788,223.56676,706.1885,437.07648,257.67575,761.80927,84.425476,221.99443,761.8173,300.73224
image_078.JPG,275.49057,123.03859,-391.22397,296.79526,105.66963,-381.72244,305.5497,105.71158,-382.01328,314.4328,105.71798,-382.19217,276.82977,106.37063,-351.9114,270.0211,106.44296,-351.9017,263.04703,106.62099,-351.7957,335.59265,119.282074,-272.2192,270.519,116.57444,-139.68713,296.89075,145.61537,-346.14032,268.50424,144.73146,-307.73007,363.6008,244.82571,-311.82596,282.52966,222.54564,115.47746,340.03403,413.5672,-262.03445,241.41661,351.19974,130.69576,229.62334,372.8045,-215.30151,173.25917,328.30896,-170.50778,192.55383,375.84512,-248.55139,154.51001,328.33365,-222.36978,201.92209,337.43118,-251.40889,145.72118,306.8667,-257.2571,220.55759,334.8751,-210.41995,155.08682,308.09998,-200.88013,335.44275,493.3043,-132.19708,282.33182,472.07477,132.9894,330.53845,647.95734,-25.597822,274.2597,621.7879,289.7896,340.215,785.29034,289.83423,275.65533,769.1568,529.91296,356.95438,811.35486,315.6973,284.4026,796.3235,539.93787,289.45358,817.45056,189.81718,227.61925,804.7965,430.18484
image_079.JPG,207.62085,97.68405,-357.3478,228.09691,81.7943,-347.72247,236.14935,81.994644,-347.9825,244.30385,82.15271,-348.12393,209.94682,82.356155,-318.87762,203.91605,82.507835,-318.91223,197.74168,82.78393,-318.8571,266.16553,95.30771,-248.012,206.31998,92.470795,-125.000595,228.36914,119.64904,-317.3934,202.42696,118.66908,-281.57098,302.098,217.5134,-290.5194,207.59479,191.54659,94.47852,274.17535,379.34137,-231.68483,166.82416,311.33606,64.836555,173.25575,316.07925,-168.70924,105.9094,279.01407,-259.60175,140.45447,310.87085,-195.93784,89.69171,277.89966,-321.60187,147.75749,278.71503,-195.22617,89.016655,254.69899,-342.31622,162.64783,279.8645,-162.77242,98.0501,257.0071,-284.50983,276.1012,465.8965,-114.84646,212.30052,446.2303,115.67744,273.4233,617.4496,12.698802,202.41154,598.3594,232.26369,278.75943,759.6486,316.418,207.40198,740.4238,460.836,296.9602,788.49896,340.50296,217.70097,766.8041,470.7431,222.96986,794.7157,222.22754,158.73566,781.8991,364.43503
image_080.JPG,276.5457,130.4768,-331.9466,298.7646,113.095184,-326.75052,307.28027,113.13188,-327.00635,315.90765,113.12707,-327.06326,280.17365,113.63569,-297.22495,273.83713,113.65127,-297.2864,267.35196,113.79964,-297.13077,339.49887,126.01436,-236.1057,277.29938,122.60279,-107.85466,298.62646,152.4568,-293.52402,271.52676,151.30583,-256.02325,369.6807,243.85454,-268.59897,286.53873,222.06197,116.560074,341.08105,410.22797,-240.29802,241.65442,341.30722,152.83977,233.15547,360.3589,-214.8649,185.10466,312.52594,-82.84671,198.02293,360.24304,-245.44969,171.15726,313.1239,-124.80467,204.22835,325.52808,-242.73378,167.73232,288.7327,-148.15608,221.23299,325.73593,-208.2205,174.8674,290.90967,-105.54816,341.6504,495.8006,-116.999435,285.96802,476.97488,117.80658,325.2298,649.18115,-29.39748,268.82172,630.3362,229.85493,329.02054,792.1743,222.36192,272.71902,774.9049,421.00525,346.55704,820.74664,241.55864,284.1117,801.8492,428.2527,271.65042,826.2696,128.12866,217.60376,815.9692,332.07874
image_081.JPG,194.75958,145.86792,-319.8558,215.37148,125.316475,-319.0755,224.52348,124.92861,-319.26315,233.73492,124.57122,-319.42325,195.57661,127.458694,-291.8556,188.91638,128.14586,-291.83658,182.22527,128.95593,-291.9392,258.26004,138.95961,-246.39207,193.9701,142.10121,-119.00422,218.26761,168.68793,-285.9188,189.19681,169.822,-248.69318,251.3295,264.54642,-280.13983,242.91272,251.3985,52.270584,174.67958,425.63037,-283.96567,208.41927,381.43076,182.87483,103.54578,347.91333,-220.51299,173.05377,329.47778,225.06041,82.04861,332.87283,-247.80975,169.26762,320.59894,224.24638,95.82717,309.12256,-231.32039,160.63498,305.0098,206.79117,109.24643,315.26718,-212.05864,164.00752,311.9584,212.95587,231.51558,534.9903,-107.69376,226.0735,520.65814,108.29008,237.25217,687.2234,56.702396,216.91542,679.0803,276.2622,251.08519,833.8105,267.4951,224.70415,817.54785,484.70886,269.72513,864.3485,286.59766,234.15712,842.8989,503.1888,204.58595,858.3481,223.58865,185.33437,847.7016,451.99704
image_084.JPG,223.82741,98.148476,-171.74442,214.892,87.397095,-133.29837,219.50974,84.85673,-133.23352,224.24602,82.142944,-133.37204,200.43404,96.40343,-157.5867,193.54611,100.583984,-157.73814,186.69064,104.82495,-157.76122,223.2353,97.03291,19.852411,174.51761,128.55177,-77.3444,239.12271,113.94761,-116.75928,217.48367,126.967094,-145.19955,313.56277,189.5267,90.334625,166.79552,254.0221,-66.20796,413.03442,273.6134,-2.877681,171.56004,385.0883,-260.88495,414.80637,196.56697,-253.92186,168.45778,279.5877,-527.11584,416.17188,175.3384,-296.4003,169.55927,254.68771,-570.81793,406.21265,161.96855,-293.16476,163.76782,235.60345,-554.5874,399.3683,173.8527,-259.56784,172.30618,244.76294,-523.75287,406.05682,416.21753,65.96013,323.3297,470.99326,-65.1599,586.57574,526.8234,-93.21932,491.578,612.5409,-193.81378,620.5023,621.52246,243.11905,490.89978,697.1737,174.0772,608.8688,635.74384,277.47256,474.45862,701.84216,214.8259,682.56354,659.55444,266.42334,542.81995,749.1154,219.66222
image_085.JPG,212.11479,147.74176,-225.05159,203.43771,137.84683,-186.13889,208.10678,135.15442,-186.08817,212.8966,132.27052,-186.22461,189.23575,147.60573,-210.26361,182.58807,152.24951,-210.38948,175.9488,156.94278,-210.44193,214.09671,147.63771,-25.627775,165.66602,181.44077,-122.97262,228.84563,162.59265,-167.88124,207.56343,176.65482,-195.76572,304.18726,235.71524,59.115395,162.99538,302.45068,-105.7392,390.09433,329.36218,-34.93465,185.97757,431.45535,-271.90726,426.60947,256.38406,-331.16095,175.46446,321.78458,-542.2918,439.26367,234.08499,-374.31754,179.05647,296.03683,-591.0407,434.1014,220.05748,-389.389,167.11995,275.2843,-587.05396,422.33435,231.8297,-345.16885,175.13962,283.0532,-543.21075,398.72668,467.83047,69.466125,319.37268,521.10046,-68.52316,573.1485,578.4902,-56.658733,476.16968,640.50085,-167.84984,632.61,656.5497,271.3432,499.74615,762.8949,133.7322,627.7745,671.26746,302.8909,488.95264,778.11316,164.9573,693.1967,681.7419,263.24796,549.7463,808.63293,118.63866
image_086.JPG,200.0539,116.02011,-211.79227,194.80888,103.380714,-172.72812,200.39116,101.393616,-172.68605,206.0737,99.25276,-172.7954,177.78687,110.66183,-195.19739,170.00421,114.00671,-195.33862,162.26704,117.40865,-195.3756,205.25575,114.540115,-13.4883,147.86255,139.81876,-103.56196,214.81732,134.17259,-155.85518,189.73624,144.80067,-182.06139,288.01843,206.75577,61.496975,137.26234,271.3199,-91.096016,386.24518,293.17123,-52.361977,161.26036,400.98404,-287.3354,390.51953,209.11018,-316.91,160.96585,278.93558,-547.63696,393.84146,184.44853,-357.37662,164.46216,250.41643,-588.8257,383.2989,171.56323,-351.3516,156.36569,230.96265,-571.5494,374.81616,183.8853,-320.5953,164.46013,240.19011,-542.1584,376.28598,429.6098,60.697964,290.4189,481.42172,-59.715824,542.67523,551.9513,-42.06732,438.44345,596.8061,-171.19672,584.4794,609.426,321.34048,444.92007,703.3677,146.6253,578.8527,616.85913,358.52396,432.64313,711.811,180.17108,634.66583,643.686,351.9924,490.89044,757.79694,157.40024
image_087.JPG,376.54532,216.58249,-268.2262,404.8491,196.34947,-266.83112,416.40955,197.76071,-267.01443,428.13046,199.10109,-267.25507,380.41873,194.18593,-232.52132,372.5541,193.27078,-232.74309,364.5751,192.49088,-232.82806,462.33987,219.42609,-200.80518,380.44098,208.72577,-35.758686,403.9904,249.54039,-244.58875,369.728,244.97682,-196.76295,529.5713,390.3993,-178.45082,338.83987,339.03436,77.51723,527.79663,620.1423,-302.66556,254.47234,499.84464,31.278572,510.7628,473.81403,-482.5489,188.57867,420.70956,-194.35995,490.12958,441.2821,-521.7144,168.2836,407.9521,-207.54102,516.67706,399.714,-524.3843,170.03171,374.58963,-212.0021,513.71954,413.01892,-483.25443,185.27255,383.34177,-203.72699,374.90686,712.50336,-87.19831,279.27902,664.99945,88.00974,253.85678,730.0922,-44.001892,137.89528,669.03046,184.61385,146.60068,868.4879,160.30917,109.600174,835.40686,301.49442,146.20937,901.632,180.26971,120.0168,864.33527,310.76965,65.76931,887.2523,108.44204,51.411423,883.7387,254.32346
image_088.JPG,280.5148,197.53932,-256.61942,315.6788,182.62218,-280.7612,326.46582,186.34879,-280.78833,337.2546,189.93643,-280.8327,296.97833,173.8586,-241.16867,292.42505,170.55347,-241.16864,287.86566,167.4691,-241.4114,380.10327,212.7778,-309.6818,312.85938,182.36723,-125.94423,303.949,235.60695,-262.6545,279.79617,223.38008,-209.74763,410.209,367.11334,-300.22723,317.2071,266.46304,-73.59626,327.36655,515.1675,-217.257,238.54506,346.10226,18.999352,225.63487,437.10257,-175.05432,171.16869,336.4762,-90.57377,191.11836,426.86444,-203.46898,148.55899,335.44986,-97.971535,204.8746,398.16556,-206.58156,150.32623,329.0189,-136.84355,219.98149,400.31555,-175.99861,167.4603,338.00998,-110.045845,349.39078,573.60394,-61.776424,301.4032,504.1923,62.842415,285.00534,514.69574,-227.19513,200.69707,364.08743,143.60579,194.82224,470.0289,-59.935696,131.93677,391.35132,100.03046,194.92708,473.82486,-38.37151,128.85382,413.05167,98.777275,117.84871,404.33557,-52.365864,81.05399,339.88028,108.21503
image_090.JPG,405.45837,150.50403,-336.6456,419.6051,118.3653,-331.0416,430.89404,116.74445,-331.21484,442.33636,115.00595,-331.24524,389.19476,121.296425,-323.6916,377.95316,121.65234,-323.90323,366.69717,122.10326,-324.13007,461.03842,117.170494,-195.5732,356.36993,125.945724,-160.20425,429.54007,170.71783,-279.78235,389.74277,174.31827,-268.3016,541.65857,237.02153,-102.444595,304.53674,257.46094,-35.16592,595.10785,421.5766,-129.87625,279.37146,460.3747,-109.494156,657.0581,388.17285,-360.1226,190.97743,418.35638,-386.1319,677.53906,378.07834,-399.7816,167.82742,412.0677,-437.02673,681.5849,352.79346,-423.4917,159.3615,377.3559,-457.26572,664.07166,356.9123,-374.32077,177.11046,379.82318,-404.9777,515.01855,605.20294,-29.975554,367.75638,609.8611,31.876856,526.6257,837.27686,-76.245674,374.61005,830.92944,10.447847,518.7807,1029.8656,223.16096,384.5856,1024.7703,264.75546,519.824,1057.4895,243.62814,384.18384,1054.3923,278.7956,501.44867,1106.2911,82.318726,394.9362,1096.2905,106.60605
image_091.JPG,326.3373,166.92377,-459.91086,341.58118,138.79579,-433.41428,351.98428,138.37962,-433.39398,362.46985,137.90889,-433.24628,313.0634,138.81786,-436.8624,302.4791,138.17961,-437.06262,291.89188,137.69868,-437.46954,378.2913,144.67526,-230.01135,279.45895,143.62016,-244.74638,346.47534,189.36713,-379.44458,308.89005,189.14949,-383.57327,442.06024,256.89713,-106.74115,224.30821,239.68484,-110.55475,540.794,393.3419,-301.03976,93.93964,295.99286,-372.5006,540.75903,270.87393,-665.30206,141.81767,248.42226,-687.6104,544.3366,236.37851,-741.9379,151.42413,242.67665,-759.334,534.6096,213.36433,-714.4713,170.09296,229.92506,-736.2352,522.88257,230.83482,-663.42584,173.29384,240.95656,-687.6352,419.74988,579.5845,-14.611939,285.07098,581.16766,16.160715,427.2998,786.6356,-12.422407,284.77557,789.0152,24.165901,430.94727,956.06134,362.99188,285.94293,964.2949,391.8537,434.00903,979.875,389.63742,287.76813,988.0085,413.6533,416.7098,1027.3405,199.23401,293.2858,1035.3204,203.76138
image_092.JPG,281.85687,127.81645,-296.9765,271.69147,112.23606,-262.15897,275.69534,110.2531,-262.34128,279.89005,108.16597,-262.44406,257.6033,118.995255,-296.24957,250.0837,122.09071,-296.14914,242.61382,125.27052,-296.2831,270.5521,119.92328,-114.43061,220.19919,144.32458,-252.89873,289.52484,146.25499,-241.85495,268.59485,155.81194,-281.6453,313.49817,234.49207,8.214382,180.28728,262.99844,-287.63434,366.31308,366.2276,3.3727047,204.97406,424.86023,-267.53366,374.33902,357.55612,-253.38353,331.1733,378.64938,-161.84526,370.58365,361.0616,-300.84854,374.26877,377.56888,-174.03557,367.64038,336.19974,-313.35666,364.3545,347.78082,-170.0017,361.6602,336.74326,-263.8278,352.93643,348.24896,-152.58194,313.10535,494.01358,97.585106,234.07645,512.9479,-96.75246,368.60925,636.9552,100.16378,298.3746,689.6324,-40.963253,331.0396,720.87225,396.39752,271.1223,766.1636,241.39067,313.09924,735.3529,424.12366,250.96071,778.2942,267.17056,364.944,754.2082,424.6335,317.10034,798.60693,242.5587
image_093.JPG,274.0962,119.52383,-342.88007,282.72058,106.032646,-315.9267,289.2757,106.705055,-315.92938,295.944,107.312256,-315.9743,264.7602,104.62762,-320.11557,257.5746,104.04168,-320.07217,250.33586,103.54125,-320.12064,300.42505,119.079666,-169.56279,239.04326,113.906235,-183.0373,284.59982,138.9514,-291.6567,258.9982,136.83797,-294.8972,336.4305,217.02942,-100.323006,189.7481,213.43672,-109.95817,381.2873,334.84457,-256.68832,170.16165,344.08908,-289.55075,393.97305,251.7322,-543.36743,176.16464,247.72554,-603.3673,389.1164,232.17264,-586.55206,186.47516,226.45178,-651.0321,395.6929,209.06013,-579.6498,177.93909,198.56636,-640.0086,388.19873,217.14107,-544.5674,185.09264,207.84251,-603.35474,303.34662,441.20297,6.8206825,213.53183,439.8723,-6.0890336,302.40186,613.5982,62.92767,206.78654,609.58594,64.764824,302.38962,729.25323,358.70746,192.2051,722.5423,377.98593,297.16827,743.0304,381.14777,190.44592,733.88025,402.0012,315.50742,788.78986,256.20462,195.59023,785.44037,274.84354
image_094.JPG,316.96103,147.7606,-351.73166,346.3022,124.6893,-354.06628,357.82852,125.87527,-354.40833,369.41187,127.12791,-354.62732,321.4124,123.36166,-326.08664,313.46475,122.8065,-326.1631,305.38773,122.38976,-326.3743,400.96115,148.45818,-278.4693,320.2122,139.18109,-143.21762,343.8575,181.11131,-315.4407,308.4928,177.61241,-275.4742,402.043,320.42386,-294.52875,346.16876,279.40585,21.081318,262.90048,510.00354,-266.3158,246.45284,426.07465,112.952126,160.17221,378.33215,-232.2776,203.55206,330.1568,36.461266,123.40381,351.09985,-271.48016,200.67557,307.04422,14.657373,150.07268,314.18622,-268.3316,198.55907,281.12656,2.4337127,168.33261,324.73615,-229.60661,206.32559,296.36472,22.94975,342.56445,672.2037,-107.77827,310.1303,647.42285,108.69269,332.54843,863.53107,88.43092,292.08493,847.2627,317.65656,345.29733,1049.7759,363.25665,304.1816,1027.4607,545.4172,365.36197,1093.5094,386.74246,315.62564,1063.48,567.5969,289.91394,1064.4216,312.3178,255.96602,1054.5226,502.9646
image_095.JPG,341.02536,180.46826,-500.99533,372.63065,154.68254,-506.0924,384.93726,155.0816,-506.31046,397.38803,155.5466,-506.53842,346.0451,155.04303,-460.5043,337.21906,154.92737,-460.56607,328.28268,154.99257,-460.7441,430.40045,175.74586,-413.83292,345.04816,171.13094,-201.18759,371.4028,212.85352,-457.2416,332.83377,210.43382,-394.5604,432.77518,353.53848,-455.21603,375.63004,309.39297,79.45306,291.138,569.1911,-350.72516,270.71817,468.6108,176.65767,198.67728,442.04507,-176.20274,229.02733,363.1608,33.638977,161.91719,420.55713,-203.43613,220.43309,339.63196,10.671626,189.32315,383.74347,-198.96523,216.60977,314.15326,4.5032024,212.21904,391.18793,-166.3828,225.43936,327.21075,17.87037,375.7219,703.9192,-166.58907,336.62424,673.14557,167.16833,348.9394,909.013,57.849648,306.5221,885.9042,419.88113,354.94095,1106.9854,443.0767,309.3911,1082.3649,763.7492,379.41153,1155.2578,476.76038,319.9196,1121.7458,790.76434,274.47592,1125.6184,335.58585,249.85341,1117.3285,689.557
image_096.JPG,598.4096,139.49753,-623.4699,634.42596,113.286476,-617.1175,648.4272,114.92222,-617.0395,662.5561,116.623955,-616.9548,603.0703,109.80466,-564.697,592.12616,107.94118,-564.899,581.0831,106.37379,-564.88837,693.71265,141.49586,-460.98816,591.41254,124.33938,-225.67603,626.8405,178.67915,-557.06085,582.2074,171.10628,-487.78793,657.2637,307.11328,-566.698,631.69116,284.7696,166.34796,507.13358,502.58902,-702.5,539.0281,442.5109,291.0303,448.87903,339.78116,-702.2829,500.25143,309.61298,164.74994,425.99298,299.09848,-768.7945,493.8911,276.30026,144.75996,454.9842,277.14386,-742.58936,485.78635,250.8717,138.1281,470.4399,293.4976,-691.14355,489.0937,265.824,146.13997,611.0691,706.27655,-205.93741,587.95087,689.15826,207.00461,590.6955,950.4733,-55.083702,556.8945,937.7158,432.8438,604.6626,1206.8539,394.49313,552.15985,1177.0039,818.2262,628.4705,1260.2717,433.75076,560.38007,1217.5924,844.46356,528.98627,1242.1011,254.22754,505.2745,1227.298,692.71674
image_097.JPG,227.03879,174.99532,-230.43282,243.52681,157.42032,-260.12064,247.77954,158.148,-260.14383,252.03766,158.90646,-260.24408,240.21997,156.11441,-225.7909,240.6265,155.66537,-225.6242,240.98878,155.31161,-225.67316,278.86584,171.67729,-294.7253,265.49118,165.06564,-136.64903,242.65433,196.08516,-231.5834,234.5998,194.01947,-186.21016,284.1872,308.33777,-290.0097,323.6833,244.98567,-45.209873,239.5628,461.25415,-204.96622,297.9574,371.3293,106.1298,174.88087,407.48456,-23.262798,245.13838,390.26382,151.91658,156.71022,398.2366,-31.520784,236.43488,395.1558,149.84337,165.17223,374.22354,-26.303387,235.87273,386.4782,131.4827,178.43275,374.73328,-16.841171,240.47958,388.33517,143.8372,266.9824,530.8303,-96.74893,288.09512,493.96823,97.66785,264.6755,653.56335,110.35308,268.69644,617.3203,268.85275,288.7802,760.3733,377.58102,278.32465,721.15564,503.91943,307.75848,785.2648,405.83118,291.82898,744.37854,530.0933,239.37404,767.28424,406.3443,228.10793,732.97656,534.9473
image_098.JPG,132.50142,182.53334,-188.62332,146.49301,168.29167,-218.39775,150.2169,168.72597,-218.5023,153.95618,169.15126,-218.64116,144.30244,167.95975,-179.61229,145.088,168.00511,-179.51003,145.7849,168.14543,-179.67535,179.93596,181.00873,-270.4931,168.79477,178.27605,-93.943634,146.87868,201.2345,-198.5704,140.85962,200.86516,-147.52368,198.9777,293.48203,-289.13577,211.85898,244.74478,4.4892187,166.91367,411.43042,-204.04103,196.66924,335.0775,166.82141,107.449684,346.99258,-16.162785,148.46721,325.10403,235.71834,91.73737,336.82492,-20.27202,140.07474,325.50104,236.77847,97.14554,316.44562,-20.55805,138.05135,316.0026,218.8409,106.74384,317.44357,-12.595631,141.28143,318.56763,226.65462,183.62724,491.2772,-104.66792,188.55278,463.87964,105.218414,195.0002,623.2726,33.57145,189.14754,601.1499,242.38788,208.3121,733.389,249.767,209.62627,700.0351,444.34174,221.90793,752.62604,273.28702,224.08495,718.3303,466.28082,168.83629,760.36926,257.248,163.0023,726.68243,455.35165
image_099.JPG,272.60727,111.80277,-372.9294,286.09073,94.43928,-335.1338,294.9833,94.98492,-335.164,304.09253,95.45983,-335.39328,260.9027,93.85787,-333.67563,251.69894,93.59313,-333.7444,242.43626,93.444916,-334.13678,315.68375,111.23923,-149.23004,232.61781,107.34756,-135.05923,289.4998,138.46869,-306.60983,255.82503,137.15573,-300.71475,377.17392,247.62401,-50.65886,179.53831,251.45691,-63.102295,409.12567,422.6363,15.83035,157.33289,425.90384,-309.14584,429.02258,577.32166,-79.197105,148.3704,284.81598,-697.0424,446.5819,624.01117,-87.55455,152.63167,249.88864,-779.1846,434.22025,630.3346,-134.70451,140.96829,227.62459,-768.40625,421.5867,615.03595,-96.77604,151.86661,243.94243,-704.5494,339.1688,563.45404,-6.3712773,207.2928,566.2363,7.8692427,352.12164,773.8132,-60.187134,203.94785,769.704,16.58325,346.66696,965.32007,329.45062,204.42299,960.0077,415.09915,349.15857,992.789,355.84177,205.28407,988.83923,439.423,328.74847,1029.7429,132.9335,214.4471,1023.66614,210.02713
image_100.JPG,453.8117,117.45862,-381.81418,469.02414,102.83226,-336.43048,477.94745,103.967224,-336.3792,486.99283,105.022835,-336.14767,443.25305,101.65983,-338.36105,434.33936,101.71216,-338.45193,425.42438,101.915184,-338.64194,501.90668,121.66578,-128.48015,417.2345,117.23852,-136.73868,471.0566,147.40659,-308.613,438.22937,145.69122,-312.24396,561.52356,274.65158,-68.27578,353.61493,262.35074,-74.371185,601.0743,450.27814,-342.04483,325.5568,448.35132,-122.146,630.7338,304.52234,-747.49896,303.85086,589.3219,-283.4693,642.0261,261.54697,-823.7007,290.0734,631.8993,-301.2853,647.59546,240.00307,-818.3565,298.60437,635.27155,-363.32516,633.3121,256.5198,-752.6977,314.48505,621.64056,-310.52734,525.82324,603.27826,2.501038,384.46188,596.91266,-0.5106844,527.7826,828.8293,-102.781494,390.4484,815.636,-95.68818,526.0525,1032.1815,281.4085,401.18506,1020.96967,295.20282,529.08075,1064.0488,307.3517,397.75146,1053.2415,316.8136,499.72742,1094.5975,98.64847,418.28833,1083.3087,99.39802
