image_001.JPG,579.7304,167.5458,-451.43628,587.2255,154.24046,-430.06287,592.521,153.79756,-430.10327,597.9405,153.28365,-430.08255,571.6132,155.22974,-428.92462,566.0255,155.33803,-428.73663,560.4135,155.54689,-428.48572,605.3332,160.13719,-281.89606,553.7245,162.59778,-268.85242,590.5027,180.48125,-395.4117,570.42334,181.27914,-392.196,641.06744,240.08606,-168.4594,520.3219,240.39937,-163.66373,650.419,340.29572,-152.52103,510.27313,334.9145,-134.70378,673.01575,431.50885,-326.4288,492.4302,418.62662,-299.52454,683.5703,458.5877,-361.48117,483.58008,445.38406,-333.91556,680.0049,460.3772,-411.35532,489.11487,446.62213,-383.53473,670.4651,450.46768,-349.77808,500.26758,436.59518,-322.80826,618.4313,416.71588,-3.908633,548.58075,417.15042,4.5135756,613.756,560.44904,-5.975829,552.2108,555.59515,-16.822939,608.41046,671.0845,218.59973,556.69147,665.25854,214.55392,604.04047,683.1008,232.19089,562.16595,679.91815,228.23958,611.0217,723.77704,79.97953,548.0297,715.31055,63.111824
image_002.JPG,582.06836,170.80997,-414.29025,589.2429,158.88823,-394.77295,594.1667,158.43315,-394.81427,599.232,157.8959,-394.79468,574.5512,160.16124,-393.62863,569.4627,160.49594,-393.439,564.34906,160.92493,-393.2081,607.13153,164.32143,-268.20642,559.0986,167.6806,-252.67993,592.6516,183.72272,-367.02457,574.2271,185.00523,-362.87164,645.9177,243.43434,-194.98497,525.3137,246.54874,-164.61081,653.6668,337.82947,-188.19698,512.1181,341.6949,-142.21751,663.2121,424.85123,-350.27057,502.55457,430.24597,-274.06308,671.81104,452.00635,-398.45673,495.86487,457.72092,-310.46185,658.76227,452.02438,-438.33182,505.15118,460.52036,-356.33414,650.7637,440.72763,-369.28912,515.7448,449.82922,-295.53537,622.29,420.4555,-11.736386,549.2641,421.516,12.091836,641.4737,566.3665,-32.62035,537.242,555.56134,11.998774,647.2957,684.453,165.53752,525.2021,660.9878,224.51033,645.4708,699.2559,177.47404,528.92413,676.9444,237.12393,648.9939,734.38,39.168846,515.3031,706.563,93.33414
image_003.JPG,582.0522,174.56277,-428.02725,589.4463,160.41133,-407.49792,595.5038,159.80217,-407.52448,601.6802,159.1057,-407.50476,572.2989,161.98172,-405.40485,565.9614,162.39468,-405.2187,559.5807,162.91437,-404.99774,610.31836,166.74985,-275.15598,552.3751,171.29405,-255.03227,594.75244,188.4643,-378.53638,571.85596,190.2226,-373.0319,651.1359,251.55347,-196.53044,518.5387,253.61612,-175.14989,662.0112,355.79382,-186.1673,508.37943,357.64194,-160.23244,679.4838,455.9442,-308.70444,495.15164,455.2651,-278.66187,690.1134,484.00317,-338.88022,486.7716,483.9631,-308.2119,681.7615,487.55106,-379.8629,494.58725,487.8856,-355.51147,671.95056,476.9248,-328.0466,507.44507,477.59283,-300.8541,625.07007,447.09494,-10.530182,546.01166,449.65912,11.113628,640.61035,594.1074,-16.909952,541.2536,587.0647,-3.7881985,653.36566,702.9081,225.63379,517.8755,686.87286,263.69116,652.86554,717.0612,242.61296,518.9877,701.0036,282.70377,655.74945,755.1181,106.96356,503.28564,737.3687,143.74464
image_006.JPG,511.8999,176.36636,-252.18295,530.7089,147.45773,-281.16983,537.89923,144.10992,-281.41107,545.28,140.74622,-281.85016,519.1542,153.40483,-216.88925,516.93787,154.47575,-217.32082,514.57715,155.7072,-216.84737,582.9641,142.68971,-329.28937,543.263,156.61069,-42.619095,542.8641,194.15172,-260.60233,526.2839,200.82774,-178.17921,680.9493,277.51587,-382.75604,593.5897,277.23398,84.795784,731.7689,488.40372,-454.64008,654.7562,463.06137,140.41447,742.99493,655.3887,-439.36142,700.4332,617.71277,78.664604,752.33026,698.36743,-484.5044,715.32,663.6402,60.439404,742.3693,697.69684,-489.0213,714.83014,657.9987,19.87382,739.8408,681.1352,-439.65167,710.5863,641.2564,51.78769,664.5177,638.93567,-143.10239,609.35767,619.7185,144.69157,645.92944,838.00037,-48.47166,584.69507,801.4795,294.1448,665.6911,1006.8582,278.84155,598.82385,973.37555,568.2421,684.2649,1036.8323,302.83737,619.6194,1001.9131,581.60205,602.5094,1048.8251,168.45045,524.02637,1022.48413,485.3419
image_007.JPG,450.60104,206.06694,-192.67886,446.30753,184.82793,-229.25786,448.54086,181.20677,-229.31264,450.87384,177.44682,-229.43074,444.87454,186.77472,-179.39305,445.19543,185.76093,-179.31049,445.53046,184.91702,-179.28976,473.32043,157.80559,-316.25793,466.75162,166.30481,-87.09092,474.34384,203.29482,-218.10551,471.1775,207.49513,-151.83444,595.11444,189.66728,-381.1324,535.2144,210.04996,38.1322,659.93976,339.92038,-374.67444,602.2948,328.84546,117.57324,637.94904,461.36673,-281.76666,623.4586,440.40268,83.60583,641.1533,495.29318,-311.6223,630.1143,471.0264,96.674286,625.7456,491.73074,-315.95303,621.8581,471.79285,63.895844,624.184,477.41678,-278.5622,624.6847,459.48257,68.337364,729.65344,386.34726,-128.19888,684.896,386.3341,128.99336,650.2666,548.31,-75.16155,650.7114,542.4601,241.56332,696.34705,669.24567,183.87793,709.8064,664.29956,439.62714,716.9647,680.3348,210.94531,733.06464,673.5422,456.72614,667.63947,736.903,203.27332,695.696,739.69965,427.32202
image_008.JPG,432.38986,77.02693,-380.4617,439.08655,51.97793,-403.90652,445.32275,47.154842,-403.97464,451.76642,42.27193,-404.14682,428.607,60.771973,-351.49466,426.39127,62.81219,-351.51697,424.05368,65.03934,-351.4571,484.03937,31.849789,-413.89084,448.6735,59.63179,-174.16426,462.8898,80.21238,-376.77182,448.81876,91.54465,-306.65173,597.0185,119.66174,-433.03998,486.95648,132.7175,-15.428094,626.33295,289.96722,-437.30994,510.64417,273.04565,88.2505,617.93726,433.6864,-491.72812,495.31564,376.3238,43.313164,631.40326,471.62,-543.7589,494.4627,402.48526,58.177288,609.41205,473.5995,-570.30774,480.00598,403.54114,4.6057777,604.549,459.6151,-499.76166,487.9659,397.4271,19.3456,601.9851,390.94864,-126.39001,543.5791,388.61017,127.13101,613.6251,558.7376,84.98741,577.1151,550.7733,330.20407,640.54456,697.86316,421.63403,626.2293,674.31226,626.1978,661.08356,715.27167,447.94333,645.42615,689.6086,650.7037,592.8719,763.2714,322.31894,594.2901,734.0112,558.1347
image_009.JPG,821.5077,27.582836,-233.5236,828.654,19.892155,-209.20021,833.18854,21.88065,-209.06981,837.9547,23.76874,-209.12732,813.89935,15.16925,-222.75125,808.3189,13.467107,-222.82541,802.6821,11.824462,-222.80138,837.1916,35.503647,-74.64507,787.4207,20.002592,-140.49666,824.24744,49.115753,-181.31503,804.9937,42.584137,-200.69955,861.99713,145.19513,7.4927487,706.4208,106.879395,-99.6733,880.51544,271.72202,94.08329,642.51776,216.60745,-55.126595,912.87067,376.22873,-44.050644,641.55475,336.86133,-193.11275,924.85815,409.63086,-76.81913,633.3748,376.21274,-241.12865,922.2764,409.18375,-124.10395,655.09344,376.25397,-281.77692,911.0328,397.4117,-66.46179,662.9627,360.009,-211.22687,822.8235,370.71106,55.483036,723.35803,367.7998,-54.369007,843.127,570.5258,26.729841,723.82654,564.462,-95.56266,851.1567,717.3639,272.15976,722.8789,738.6749,111.588234,842.79504,739.3468,289.95538,718.6374,761.0506,121.411835,878.1906,765.67957,172.70137,748.7543,797.64233,-53.048645
image_010.JPG,516.24884,135.86475,-431.8258,528.85156,104.21883,-420.88626,539.497,104.25287,-421.01053,550.3137,104.19981,-421.1996,498.8865,102.06538,-427.5313,486.9447,100.20651,-427.56113,474.97852,98.46514,-427.65567,558.0633,108.03245,-286.58408,452.94455,100.00082,-306.35855,531.8232,158.10992,-372.07532,491.10535,154.94461,-377.40967,619.71655,225.86293,-227.30386,368.38403,211.64964,-250.45586,654.54254,398.18106,-216.3042,331.52982,391.5938,-244.41524,680.68616,562.4893,-287.9504,326.70035,538.5034,-304.45303,699.2136,611.1203,-312.7805,312.2114,583.9061,-337.3383,681.10016,615.2095,-354.32288,333.23254,589.6852,-382.23666,663.7346,598.2725,-305.5903,350.93835,575.4852,-323.23004,545.6561,562.1386,-8.773392,413.40063,557.67786,10.423059,550.8596,735.42615,-16.6743,399.5348,741.13086,40.269268,542.0851,890.267,272.0707,397.24094,894.8157,366.22327,537.26385,908.32275,294.26947,398.661,916.1518,386.96695,540.74084,956.07104,173.75586,392.1862,958.9009,259.11578
image_011.JPG,616.4889,101.43693,-463.15234,616.5443,79.51448,-430.58215,622.18567,80.454834,-430.54868,628.16956,81.38602,-430.5117,597.8415,76.00384,-472.07864,588.1674,73.87231,-472.21887,578.5039,71.896225,-472.68613,611.7746,87.60261,-251.8775,546.42316,77.1105,-425.90686,615.2574,123.79569,-391.09302,587.2492,118.74921,-441.94617,607.1185,206.08435,-71.93607,449.7404,198.5146,-493.06534,573.02094,358.4604,58.99205,402.99405,383.54285,-508.28296,583.0886,466.37036,-2.1071048,407.23422,560.26514,-449.04202,582.3417,500.04953,-7.9484806,391.4117,613.26306,-479.8825,598.1748,498.02975,-57.70031,416.91748,614.4807,-503.61514,590.289,485.887,-28.178425,428.34534,592.8324,-455.45065,562.464,496.43033,121.17373,468.74695,505.0408,-119.94393,558.4834,658.48926,278.52985,486.955,691.0266,30.91045,516.0378,803.0731,600.0489,422.00906,775.7851,491.42688,500.73203,827.73676,625.08795,393.62677,786.00146,535.6558,544.83594,856.57526,546.89514,453.13602,832.43744,485.10654
image_012.JPG,667.5493,194.97044,-630.61505,678.3553,166.86436,-622.48,685.3666,166.75467,-622.64075,692.62616,166.59074,-622.59283,656.4331,162.62883,-648.6714,647.012,158.77943,-648.7693,637.5764,155.00517,-648.7144,689.7687,153.8102,-468.158,612.31506,138.15729,-575.6507,669.1573,204.4286,-557.6371,641.93274,197.99715,-589.52264,715.1027,218.32993,-314.1133,504.54453,205.29378,-501.4435,719.3401,370.94278,-182.35464,448.3571,393.43842,-521.8146,739.9655,513.54285,-256.83636,420.2394,558.61206,-534.14197,751.5437,552.63226,-281.88733,396.77557,599.88074,-564.57654,746.56067,559.0728,-337.43225,412.76224,609.3904,-614.3044,729.0973,545.51886,-281.27533,433.7985,594.3833,-555.51074,626.22626,490.7139,57.72217,513.5375,486.55606,-56.6891,626.42535,674.79065,127.61261,491.4104,659.7494,41.985085,607.43195,786.8099,530.4971,482.66232,787.56287,456.17395,594.7225,797.3115,566.4804,475.23932,801.627,491.50592,620.58685,858.5052,475.8208,493.32913,859.388,373.06693
image_013.JPG,505.74817,105.225174,-279.841,524.66064,73.07608,-298.73572,534.0247,68.75198,-299.01962,543.6003,64.41826,-299.3494,506.4439,81.07279,-244.51413,502.11996,82.74475,-244.77943,497.56903,84.59116,-244.4292,584.4989,63.392982,-294.32767,523.7441,83.52483,-51.165504,543.13605,120.510345,-268.3717,518.42554,129.99571,-198.09499,703.05005,192.06384,-357.8782,572.995,206.29732,102.67486,744.7732,434.10675,-435.82306,571.711,400.46655,144.95789,716.8265,597.9171,-471.4906,525.7739,552.63995,71.973045,719.2194,655.236,-511.88895,510.5222,600.1012,84.26512,699.4585,641.58624,-530.99146,504.2594,598.2383,27.156336,699.34344,621.07275,-475.00687,515.3825,586.36584,40.65091,691.2292,591.9569,-143.97423,613.8952,574.4119,145.55023,653.0541,832.8272,-26.873114,587.939,786.55817,274.67096,665.13904,1030.9417,269.3332,606.5604,990.2253,502.60376,689.13965,1059.12,290.13998,632.88354,1020.947,512.2994,590.1931,1094.0691,167.90057,514.1374,1058.6296,415.08948
image_014.JPG,506.56934,94.59613,-288.12,522.52795,64.00234,-313.22977,530.8074,59.83936,-313.40973,539.331,55.650143,-313.69373,507.77692,71.84856,-255.29196,505.07553,73.544464,-255.48796,502.17703,75.402565,-255.35837,581.12274,53.48445,-335.56686,532.7096,74.70115,-70.510414,542.4717,109.167404,-287.61282,522.7823,118.907875,-210.66063,708.3508,184.0126,-384.03296,580.1842,199.7644,78.46635,751.28723,421.51178,-426.54385,580.3848,393.6119,134.56787,709.73737,583.08514,-473.61923,533.0091,546.243,44.749058,706.02814,638.2234,-526.883,517.1246,591.2885,52.60727,687.2696,622.2703,-549.9849,513.90125,591.6199,-8.364723,688.1618,602.1082,-480.59616,527.6207,578.94775,12.793708,695.1503,564.4772,-148.24672,620.312,548.9722,149.64145,656.1302,800.99225,-48.37087,602.89124,762.48047,266.37537,683.3414,991.32605,250.10626,626.2465,970.1083,480.3349,708.035,1016.73065,271.46323,648.98663,1003.0279,492.37833,620.30963,1053.6318,162.16582,553.4389,1030.0149,392.50677
image_015.JPG,273.2335,48.94613,-250.45021,258.53687,35.416862,-220.58443,257.37698,37.24702,-220.49268,256.58347,38.97935,-220.73553,254.76292,32.621227,-267.84064,249.78964,32.134132,-268.09836,244.76276,31.729801,-268.09662,227.62437,57.869347,-105.72397,212.7264,50.489525,-313.955,261.70206,77.685905,-207.18314,252.7647,73.30865,-267.94653,191.86554,183.06651,-42.223038,142.01143,193.38065,-394.53436,175.56728,355.70456,-17.481787,120.47727,391.15598,-473.3583,228.14583,518.8152,-99.883575,202.77373,558.8499,-483.66116,240.22765,554.6438,-117.385765,210.35721,606.3191,-557.4546,249.3254,563.4784,-167.2549,236.74548,600.81976,-553.44366,241.69926,554.52893,-126.35868,231.4626,583.6505,-485.1531,192.7068,466.39536,124.54319,162.92,491.93573,-123.62326,214.38582,614.20496,301.56168,192.7498,654.42755,47.478294,212.59515,753.6488,565.3957,169.05325,785.9247,326.28085,194.66512,777.68835,588.1909,142.53195,807.5841,347.21027,282.4112,785.54254,500.84668,232.07632,814.5625,219.94472
image_016.JPG,271.94238,174.02509,-344.24054,283.94522,146.19087,-333.8544,293.94128,145.85391,-333.86902,304.13483,145.42818,-334.1178,256.26257,145.77492,-337.0328,245.36334,144.81622,-337.08298,234.4609,143.95956,-337.10013,313.40186,150.73422,-211.90231,217.09712,148.10152,-216.2283,288.17313,194.6998,-290.8005,250.72285,193.83365,-292.04294,370.8332,257.36365,-169.67647,153.51093,258.14362,-166.28241,415.49197,408.35672,-175.59369,122.58427,427.6522,-188.29678,433.10776,564.5935,-260.0184,91.997375,558.77655,-250.13345,448.66272,612.3074,-287.39603,70.79332,597.8652,-269.28403,425.50302,613.8536,-317.97903,82.24454,603.733,-315.79462,411.23056,597.94257,-273.1846,101.74994,592.58484,-270.3913,310.48047,567.8519,-4.462528,191.94214,561.3928,6.161029,326.1657,746.15643,-47.02235,195.52797,721.407,41.153976,299.67148,857.16797,249.62717,191.7965,859.7689,316.0999,295.31393,870.69824,274.746,188.72795,879.19305,333.92923,287.54385,907.0971,189.21541,203.11131,918.28845,227.56284
image_017.JPG,262.3441,79.69693,-280.12048,276.20978,57.867157,-253.51111,285.80948,58.638092,-253.54764,295.63345,59.29519,-253.6722,250.25185,56.411648,-257.41904,240.1486,55.77255,-257.66232,230.01306,55.245953,-258.0327,306.0718,76.51139,-127.53925,216.56644,70.49066,-135.35922,278.98083,108.516495,-232.66621,241.36574,106.25256,-234.87256,363.62656,220.41403,-110.871506,148.76376,217.23483,-134.21423,401.68912,386.15582,-97.98394,119.34417,392.77625,-161.73276,395.09595,544.0334,-180.51028,98.52736,537.2325,-204.83826,405.0532,598.9435,-208.34932,81.69524,585.5267,-222.62628,376.14218,599.8163,-244.35034,99.66146,590.9664,-269.64664,364.08368,579.57684,-194.38103,116.16049,576.7712,-223.18114,312.21567,555.2685,-6.3331594,190.27419,551.71075,8.148383,334.86618,749.7524,-13.58096,190.99957,750.56287,25.097656,329.5441,929.72296,205.27042,201.84131,932.9154,258.08835,327.7029,951.245,219.00438,202.47324,957.9908,267.11456,324.0733,997.36096,98.73132,209.09297,1000.4805,119.756744
image_018.JPG,268.82288,81.92165,-278.50012,282.89108,58.868126,-253.85497,292.7343,59.373417,-253.8859,302.82086,59.751083,-253.99376,256.33252,58.158348,-256.77737,246.0139,57.772053,-256.9997,235.67322,57.49946,-257.34668,314.29037,77.26724,-132.68605,222.35843,73.53223,-135.66743,286.4681,110.9703,-233.185,248.10732,109.71957,-233.83914,374.9699,221.37514,-115.05248,156.16733,224.84851,-131.8586,413.72678,383.59982,-110.79931,124.61675,402.7616,-159.29514,402.52823,542.5214,-194.27765,101.457184,544.21606,-201.03053,411.52567,596.5599,-227.31253,83.90777,590.0386,-221.46474,380.9363,597.86975,-260.23358,102.3969,595.2144,-267.9669,369.5644,578.33374,-207.3976,119.915375,581.3341,-219.56807,328.5724,551.09375,-2.136592,207.27953,549.70197,3.7090888,343.52213,742.05396,0.40347606,198.12437,741.32495,21.366606,339.31137,911.1945,204.56522,201.11635,913.5775,250.7038,336.56393,930.3388,216.32089,201.36,936.9076,259.89413,335.24493,978.50305,91.171745,206.69202,979.92786,116.323395
image_019.JPG,150.12975,146.65916,-342.82474,157.27338,119.60797,-343.9341,164.9195,114.64573,-344.03073,172.6834,109.62525,-344.20828,141.48218,129.43753,-315.56595,136.4532,132.36586,-315.47934,131.37192,135.42348,-315.33395,201.15192,108.18206,-287.08606,148.97365,137.72984,-158.11975,181.1568,153.84421,-316.52408,157.72803,167.87123,-279.64288,272.13968,215.58315,-318.97702,236.227,216.694,-28.115723,340.1053,395.30576,-341.5906,316.98035,366.7542,-15.659209,375.95807,577.1211,-340.19775,355.67435,510.26633,-31.019442,398.38388,624.5377,-384.69858,366.0952,547.06494,-37.64085,379.22757,633.9412,-395.29257,367.06363,550.6037,-65.715004,372.79834,616.4518,-340.78625,369.51105,536.4196,-45.812267,389.49033,464.4709,-88.51198,368.5235,451.71674,89.350204,419.9289,608.4929,34.37516,415.78088,585.01605,265.15567,513.559,677.4554,274.4176,486.86948,684.8422,454.62518,538.8495,683.6593,294.87054,509.17145,697.2645,469.95154,503.33694,723.14264,267.42026,467.6364,737.3703,429.87192
image_020.JPG,366.58243,138.52464,-164.40556,362.28677,117.45746,-146.42169,363.07333,118.13378,-146.46008,364.1278,118.74285,-146.66048,354.89868,114.10809,-186.06001,349.0273,111.64449,-186.31311,343.09946,109.214096,-186.47165,336.27396,120.53479,-54.25806,309.60855,109.4225,-225.60304,351.29828,157.28673,-124.901825,339.83008,151.70302,-175.92754,296.03638,205.93736,16.687422,225.07642,217.51562,-297.7281,298.50412,357.14966,70.22146,252.08577,408.3775,-331.9194,349.66754,478.806,-10.995016,355.785,543.45575,-262.64682,363.47546,511.02777,-26.3461,372.5079,586.9306,-300.5554,368.5128,509.72678,-63.066227,395.00366,572.012,-298.18494,356.10007,501.00214,-29.97656,387.3833,557.03534,-259.0861,291.0957,469.58734,90.69014,242.18637,499.80566,-89.75596,387.43204,560.29205,147.49272,392.9534,646.89844,-55.984127,368.49377,695.8458,272.32742,346.9418,716.8235,178.74791,350.38342,719.5091,283.79846,318.94867,723.71234,200.36266,409.84442,738.73926,237.09698,391.14066,754.98956,154.95566
image_021.JPG,276.79318,177.60944,-403.04346,284.76358,150.35283,-397.98798,293.19363,149.89084,-398.1116,301.74716,149.333,-398.22366,261.15823,149.4943,-405.6521,251.09898,148.2432,-405.68463,241.01399,147.08383,-405.75262,304.72043,149.52036,-285.05405,219.94739,146.89716,-315.44403,287.6624,192.86903,-351.63766,255.00151,191.64198,-360.16232,350.4542,230.20094,-228.79388,150.66615,238.09355,-252.71059,387.618,366.89673,-210.48386,125.83183,383.9778,-263.27264,400.93457,499.89746,-288.9025,108.614655,514.0052,-310.26724,411.03055,538.80676,-317.0615,92.31123,549.55145,-330.39597,392.09775,541.5853,-343.55365,107.1549,556.61945,-375.72614,378.54086,528.8917,-298.7444,126.5697,545.2799,-329.3141,313.98553,490.987,2.4866848,212.21033,498.1149,-1.2133985,328.58563,646.3989,63.83245,209.16718,658.32025,61.32732,319.35764,769.37573,297.80997,213.28027,784.85443,308.42258,312.27844,784.44977,315.59158,213.2541,801.3653,325.18365,328.07474,831.17664,237.47713,218.4221,843.8623,229.19398
image_022.JPG,562.42554,103.05262,-297.55658,571.10156,93.32275,-273.06287,577.05316,93.86619,-273.02676,583.17535,94.29278,-273.1221,553.891,92.97674,-272.63907,547.5844,93.038666,-272.52765,541.1996,93.24327,-272.46643,590.55554,107.804535,-150.62674,533.02637,105.931465,-140.7486,573.56683,122.90944,-253.6169,550.39404,122.18645,-251.25563,633.46686,216.36908,-106.439415,486.91928,210.30911,-78.36077,651.3514,335.81412,-93.6359,461.76843,326.26633,-70.56491,693.12946,433.74854,-231.1081,426.0554,421.34268,-203.65878,710.53955,463.5548,-257.99518,411.02478,449.58707,-223.40416,704.01984,465.47968,-308.50076,413.81003,453.09708,-280.90927,690.7836,455.41153,-253.43655,430.02054,445.05936,-230.3806,601.3498,445.22156,-10.764532,513.6296,448.2832,11.902623,604.61786,596.2163,12.250869,507.349,604.6123,14.985904,603.6893,724.8961,228.17848,503.49405,728.95667,257.78943,602.5163,742.49255,241.39267,507.59613,745.5429,271.6301,601.03876,778.7452,128.02667,494.79218,781.56024,138.55548
image_023.JPG,588.00055,190.15152,-488.42963,594.6577,171.52893,-481.46097,599.35345,171.4531,-481.41873,604.1306,171.27448,-481.37106,581.1591,169.09288,-487.78073,575.7423,166.89111,-487.6005,570.25867,164.78328,-487.541,606.10236,164.44998,-338.09283,557.63544,155.86987,-361.9164,592.1782,196.91248,-425.48453,575.18475,193.3539,-432.51718,642.4302,224.75304,-220.29863,495.2566,208.19547,-252.9564,655.33093,342.16046,-201.09184,467.34808,330.26578,-255.06183,695.99023,429.5602,-371.05597,424.69415,409.05197,-429.83304,712.18097,452.6176,-408.81158,407.0693,429.70355,-463.7261,712.17426,450.3933,-455.97,405.30234,426.0948,-517.3665,699.61646,443.4649,-393.14825,421.3267,420.4548,-455.24713,606.9356,441.59924,17.063429,522.2372,440.29642,-15.802875,600.7768,589.2526,-26.013487,514.9954,588.17834,-58.306236,598.31036,685.02313,312.9739,510.8714,698.5448,292.51227,595.68506,696.4293,342.17902,510.614,711.579,320.2477,596.8572,735.5753,248.89136,511.28452,752.56323,206.45894
image_024.JPG,625.8572,93.52608,-376.1671,628.3353,81.69082,-343.4784,633.3982,82.33984,-343.4368,638.5935,82.878075,-343.3995,612.14935,80.306366,-360.3665,605.1808,79.78343,-360.2692,598.17706,79.379005,-360.26804,635.35675,93.8129,-193.2528,579.6558,90.134964,-262.09314,631.04407,113.21104,-321.46335,608.1736,111.361565,-341.6395,667.479,203.78297,-112.670334,516.3602,191.24426,-248.31548,684.301,325.13275,-81.12501,489.27655,319.94562,-265.54593,723.4956,414.60797,-223.00333,473.73248,421.88086,-363.52408,738.0199,439.99582,-257.84277,461.78473,449.82425,-403.06644,734.6042,440.6396,-303.27795,474.6254,453.1756,-444.26508,722.5016,432.12,-246.16936,487.53165,442.64084,-383.1681,637.311,425.26715,46.066975,552.33014,428.29355,-44.88861,629.9152,569.24744,108.05334,555.30444,580.2049,-22.13037,636.0796,677.2981,372.20978,549.65234,694.2869,275.04123,631.15466,694.1982,391.57565,543.34283,709.3191,297.15775,653.13116,724.13824,292.8655,566.2845,746.47546,179.46762
image_026.JPG,630.574,182.07277,-96.71263,620.73303,170.07167,-88.71387,619.1417,168.86957,-88.666664,617.6892,167.6296,-88.737144,620.7316,172.60732,-125.44886,618.5475,172.95032,-125.40645,616.40735,173.35045,-125.395164,603.0956,168.27736,-28.784582,602.40234,175.80978,-191.18796,625.18207,189.69327,-69.54505,624.22565,192.5286,-116.57045,591.43396,226.20609,87.67083,591.78143,227.5445,-259.03656,597.7947,311.78293,137.8469,602.5412,315.05957,-270.1518,613.6091,371.96936,88.11266,619.9627,382.64648,-238.90036,618.4247,384.71448,90.56805,621.1601,397.4841,-262.5677,625.9037,387.01816,62.414715,625.44684,397.2671,-260.94522,623.13007,382.7817,74.68987,624.21564,392.52396,-236.64914,590.42505,364.49045,107.81558,585.9306,368.85434,-107.364334,584.61237,478.69086,165.43182,585.0564,483.16202,-78.24749,582.19525,579.93396,249.93513,582.00275,593.4627,-3.4840448,573.34503,597.95636,253.93765,569.2824,610.864,-1.5279857,617.60187,608.23114,207.49826,624.6947,627.7151,-79.3267
image_027.JPG,638.2326,198.71547,-449.68304,643.3245,187.67726,-433.58325,647.0539,187.24953,-433.55426,650.9274,186.751,-433.49277,631.3997,188.24496,-436.43173,627.18854,188.10912,-436.29694,622.9801,188.05173,-436.25253,655.30505,188.96541,-295.4116,616.4169,190.07413,-301.4252,644.73236,207.18706,-395.49112,630.69794,207.5947,-397.47528,682.5965,248.87813,-166.71965,585.9186,245.5133,-181.51385,684.419,327.44885,-101.78546,576.28046,323.11844,-114.960915,683.1491,399.044,-216.65445,563.3825,392.76932,-196.39355,688.0804,417.79187,-243.23729,556.1929,411.17865,-214.9616,685.48126,421.47025,-287.97742,559.06134,414.9258,-264.14835,679.73016,414.89902,-236.32918,567.29315,408.67276,-216.69547,656.0152,382.38773,3.183304,597.9357,379.63168,-3.1872425,651.8722,497.39246,17.602139,592.4418,493.37457,1.5519485,646.9799,592.07214,206.1815,586.10974,591.8761,179.3423,642.8363,602.82574,215.97296,586.94305,604.05975,189.07968,647.13525,633.58484,58.291565,586.2911,633.40234,28.80814
image_028.JPG,588.29376,188.00471,-145.06836,579.62885,178.07315,-135.68222,578.72296,177.2775,-135.62456,577.94336,176.42584,-135.60994,577.76776,180.4907,-169.79698,574.8798,181.0899,-169.7598,572.0522,181.74458,-169.70009,564.4504,179.41467,-64.487724,558.1259,185.96043,-221.50249,584.3382,196.18091,-115.28269,581.5337,198.7469,-160.93343,560.25146,232.14792,58.18903,541.6187,235.9699,-269.94794,561.8173,301.85843,125.359535,548.0417,311.37177,-289.9547,577.3184,357.31116,77.77596,559.3575,381.5583,-313.80566,583.7962,370.61276,82.04363,556.7733,398.66934,-344.02896,587.50085,373.53223,50.208466,564.89465,399.72592,-348.33044,583.2595,369.47565,63.53438,566.4714,393.5471,-314.9259,552.6539,353.8985,107.154366,538.49805,356.57434,-106.67582,552.43005,461.8687,169.29272,540.18756,461.7608,-132.4366,554.64734,559.12787,231.44647,529.9166,569.74176,-120.14721,545.1676,577.7301,232.4125,516.5327,585.91547,-124.86898,600.58984,583.67554,174.54941,570.77954,605.34155,-219.94102
image_029.JPG,597.4247,218.15991,-369.69455,604.81696,212.05055,-349.37393,608.8394,212.34573,-349.40918,612.97156,212.56424,-349.36755,593.3734,211.96417,-346.9287,589.6594,212.02657,-346.84424,585.928,212.16179,-346.79364,620.6608,221.40833,-233.66547,583.88916,220.4681,-217.14241,606.21716,230.37059,-327.7876,591.6147,229.97855,-323.2856,651.18774,281.64917,-151.8644,562.30334,288.9955,-134.11923,664.8422,350.8144,-119.977425,559.3439,363.71594,-103.44569,675.74945,420.6636,-196.77211,550.7858,430.18982,-171.78592,683.603,439.07858,-214.14238,546.66565,448.26645,-182.56537,679.93536,442.88052,-252.0104,546.4767,450.053,-222.28725,673.7391,437.48953,-213.63373,552.6081,443.8011,-190.15451,645.5877,409.58432,-5.09586,592.3749,414.53387,5.205752,645.2027,514.78076,-10.470064,598.26776,520.1325,-0.32213497,643.9717,610.8912,129.19348,602.8398,612.7755,140.26186,640.9209,623.44775,133.83997,609.4113,626.6345,145.8523,648.06915,645.87164,-6.3717275,587.2068,644.0657,10.499322
image_030.JPG,628.772,221.99852,-431.27234,636.33167,215.81079,-411.0142,640.28503,216.2553,-410.99646,644.34827,216.62375,-410.918,624.61835,215.15297,-409.46674,620.82733,214.93793,-409.38837,617.05054,214.79234,-409.3357,651.0908,224.75172,-279.24335,613.69025,221.87482,-266.7743,636.4517,233.98578,-382.20444,621.947,232.76997,-378.7766,676.95276,285.27606,-172.28374,589.4115,284.17133,-143.41852,689.48755,358.86987,-122.3321,578.50507,355.02402,-88.54441,699.1029,428.88702,-201.09676,559.60046,415.87292,-187.00679,706.8864,446.3985,-218.73192,550.9507,432.88623,-201.3162,702.9577,449.86032,-262.13763,551.41583,434.98386,-252.40843,697.2526,443.88742,-219.73706,559.09216,429.70093,-209.76213,660.2312,407.76297,-9.890516,608.6235,407.90308,9.897281,657.9387,517.7449,-32.483,602.54407,518.4263,-27.243341,653.5016,623.20404,95.34991,605.5031,622.7467,92.99986,649.4223,637.2384,97.99656,614.92035,638.87787,95.99262,658.33057,660.91364,-56.002098,576.9367,656.4062,-50.37716
image_031.jpg,60.529556,88.95465,-200.4532,73.28715,70.295166,-234.95847,77.36774,69.52287,-235.19218,81.603,68.782845,-235.41925,70.696556,71.268074,-196.8548,71.52434,71.45033,-196.77585,72.23444,71.69487,-196.68643,107.909134,78.53539,-306.9769,95.004,81.10193,-134.4942,76.440506,108.39545,-218.97107,69.817245,109.937355,-169.46376,139.15619,199.50569,-346.3792,122.2237,180.31833,-25.248814,108.88478,363.05142,-344.41772,128.88293,321.9957,23.716467,62.106735,497.33588,-305.1135,103.558075,437.94135,23.593004,60.759895,534.49164,-335.61813,100.17342,470.29117,20.058546,47.73061,534.2471,-343.85297,99.297066,468.56042,-4.929081,48.773632,519.122,-305.72836,103.429344,458.12286,11.201016,125.09378,449.8006,-97.56752,112.38451,429.17358,98.6887,120.2704,595.2916,57.58464,97.11655,571.6573,228.83179,130.3612,731.33826,268.94513,106.429665,694.2753,410.50473,144.76166,753.69574,283.37698,118.48802,713.8722,426.0263,88.462036,764.6384,225.94975,66.68537,730.0778,385.9629
image_032.JPG,66.08169,114.827225,-173.36414,76.76611,94.838,-203.5448,80.815346,93.658585,-203.7715,85.02504,92.42875,-203.98318,74.44635,95.56651,-166.21902,75.02782,95.23679,-166.1097,75.50906,95.010956,-165.96854,112.0427,97.35446,-268.74567,99.132576,99.324646,-95.98492,83.59066,131.31284,-191.82777,76.82524,132.49101,-142.33127,169.42538,206.46248,-320.08142,123.961754,195.10983,2.7019854,162.99445,376.5399,-316.2372,142.0048,339.46402,41.07658,96.98236,487.67462,-278.2307,109.69823,429.29962,19.673227,85.663925,520.707,-300.36218,102.40539,454.4289,30.480427,74.69258,511.01733,-308.89246,94.340034,450.70773,7.8201423,78.72412,496.6317,-277.57718,101.76907,442.10452,9.11483,169.3255,446.59583,-94.78616,132.18353,423.94473,96.11011,151.93393,581.6869,-50.0654,62.85164,533.17786,227.5149,168.66158,640.08026,179.77951,98.189896,642.3243,286.2007,181.57805,646.99457,201.13855,112.197784,656.8752,290.00073,132.9226,660.05225,209.99059,73.0562,676.2109,270.21017
image_033.JPG,83.56074,112.208046,-404.70477,98.03884,85.81207,-428.4061,104.53786,82.72343,-428.73566,111.27439,79.68292,-429.36646,88.89506,92.0203,-374.11414,86.64036,93.38693,-373.93045,84.35452,94.851395,-373.60168,143.85313,78.1207,-445.39926,111.0722,94.032166,-202.62953,110.333,123.31192,-402.53772,95.190445,130.02336,-332.20984,229.58357,193.23311,-477.89902,120.61354,180.12054,-22.99118,225.4488,357.76215,-532.64,109.98578,315.20026,78.075645,189.03557,495.76297,-620.63666,80.76788,415.9373,9.361779,193.5479,541.39124,-676.3636,73.92668,445.8263,14.997562,164.90402,542.66766,-698.8723,63.195526,447.453,-50.83578,158.95377,521.5152,-621.7444,69.42493,438.84647,-23.144567,176.2073,436.471,-136.53664,121.452255,424.33597,138.3983,179.25433,587.37946,-7.9218397,112.91705,568.4967,412.15445,183.50818,709.4693,314.87076,129.7129,687.72833,662.1344,193.98067,726.3096,344.61023,145.00514,707.87445,678.1624,131.46472,753.51105,243.48953,60.45758,738.73627,623.28864
image_034.JPG,132.40547,97.459656,-411.66235,150.48708,83.05907,-383.1517,159.54488,83.726814,-383.16187,168.7965,84.286415,-383.35678,127.8192,83.19245,-367.5866,120.25706,83.512215,-367.60794,112.58928,83.99484,-367.78906,190.27765,103.98286,-236.23721,113.886055,101.71993,-153.37994,154.37416,124.643196,-357.29776,122.07579,124.033226,-333.60123,262.41492,245.37987,-193.31273,76.24854,248.63501,-36.80802,309.12854,407.471,-182.13937,56.03034,402.99377,20.079731,342.78433,547.23804,-377.54062,31.08017,527.2455,-166.59177,359.89023,589.2367,-428.8679,20.246845,566.80804,-200.448,344.7223,591.5414,-485.20526,26.676254,571.4117,-277.4074,331.44388,575.3648,-401.5541,44.27891,557.7569,-202.15276,234.97868,552.8127,-55.473083,122.890495,554.7093,57.248405,249.97958,752.127,-82.772255,126.61558,749.8157,65.48657,262.35718,939.18317,269.826,141.78873,936.85425,395.61386,271.81366,964.4531,293.47717,148.90637,963.683,414.47708,232.703,1001.98254,131.94753,133.79118,999.6466,253.74632
image_035.JPG,247.38895,110.660126,-268.60275,235.35715,94.77568,-249.33203,233.91846,95.53419,-249.19705,232.80237,96.27939,-249.34267,233.0542,93.53237,-293.973,228.82683,92.84948,-294.0905,224.63947,92.24927,-294.0705,203.64493,104.87114,-152.81493,192.84341,101.626884,-345.4171,232.45224,131.54085,-227.5641,226.37286,128.28821,-283.92883,162.07614,196.53769,-54.315243,116.46722,219.57767,-410.60095,151.84659,322.0926,51.806988,96.014626,387.0935,-449.66214,187.79332,436.41965,43.365025,128.10042,552.91205,-407.3659,194.10542,462.6222,36.28243,118.86719,598.69257,-457.80188,201.70149,471.8919,-2.3552372,148.44576,599.5473,-460.812,195.6949,464.91162,23.436317,150.81992,579.08563,-410.80127,130.54709,444.30936,102.86048,96.3779,467.07632,-101.87442,135.34227,601.7481,245.16415,92.14917,619.5573,75.265,111.90661,727.54407,522.4539,81.05903,746.8976,362.04395,93.417114,747.4305,546.27527,60.760014,769.8028,384.3166,160.67995,763.8022,484.57565,135.53935,774.82153,286.18497
image_036.JPG,220.62015,96.65418,-338.53815,212.22029,84.29604,-305.61127,213.94212,85.18879,-305.48584,215.93976,86.0685,-305.58972,203.27124,83.449524,-345.7673,197.21368,83.32898,-345.72922,191.14232,83.32498,-345.73917,195.65277,100.15619,-163.8382,163.55762,99.39529,-333.58383,215.63995,120.11627,-284.80026,199.65358,118.12443,-334.30646,165.71217,215.68294,-44.427452,104.28931,224.90186,-405.563,132.95493,353.61456,33.988873,54.65901,399.41174,-456.3879,143.78421,477.57812,-18.67998,67.356964,556.92664,-417.7224,144.4243,510.7688,-21.98096,56.957146,601.8161,-458.78772,153.9765,518.6544,-61.510105,83.54453,603.0136,-463.87317,148.94269,508.32483,-38.472336,88.393326,582.96075,-420.67966,142.08742,481.3215,115.20852,103.99515,497.8081,-114.20438,147.34012,640.3786,279.43558,107.18241,666.239,74.68636,119.1103,772.97534,559.92706,82.98364,798.6585,347.65884,99.80201,799.55963,582.77936,58.986027,822.4794,369.25363,174.16563,810.7766,529.832,133.51097,839.21405,270.09875
image_037.JPG,202.62369,115.290306,-499.3475,217.31728,88.789604,-474.31354,227.91684,88.00721,-474.3699,238.68816,87.232666,-474.72583,188.54634,90.615395,-469.1465,178.57483,90.91206,-469.3247,168.57224,91.422714,-469.4883,255.95354,99.153046,-321.86826,161.45215,103.6957,-288.44736,225.46306,139.55856,-438.31342,187.56729,141.64992,-428.08517,324.58737,235.6747,-267.44537,117.882225,239.1863,-228.36604,357.7612,401.52625,-308.68185,85.78622,402.6515,-239.09773,416.487,543.52203,-450.97372,47.692757,529.6245,-432.28452,443.63312,572.1985,-516.63666,24.420925,556.57947,-499.83612,438.58334,575.4965,-563.65344,34.598858,560.1472,-558.96716,420.93115,570.28485,-479.5788,54.55324,555.9647,-470.7783,281.12265,537.5339,-3.9234283,177.18726,536.18176,5.3601146,289.96503,621.39984,415.4466,185.89369,619.59106,482.96783,288.56808,723.4823,1003.36163,187.84885,693.34393,1125.226,287.3521,729.6311,1059.4877,183.97148,693.8687,1189.9772,276.45544,767.5229,933.83154,195.62866,739.59674,1126.9589
image_038.JPG,190.3167,129.12796,-389.1553,195.1484,111.245995,-365.57373,200.3949,112.25429,-365.3667,205.76218,113.25521,-365.31274,179.6528,107.750854,-395.41507,171.87163,105.68973,-395.31802,164.11893,103.75595,-395.3871,195.5987,118.28645,-212.54153,140.69637,106.031136,-343.1596,190.46388,144.66454,-326.00925,166.646,139.53314,-364.4188,164.52148,189.95338,-58.463245,80.215645,191.80992,-374.3835,148.7394,306.26706,37.689842,35.01548,334.658,-400.43024,183.96416,404.48135,-23.618721,58.26039,480.78198,-412.6323,191.99883,433.5421,-28.22952,53.50564,527.0165,-460.31696,200.76233,435.0445,-68.08531,86.24367,521.0304,-470.51822,190.63846,426.60358,-41.5448,90.32055,502.1177,-414.82434,138.28325,418.54562,99.83268,94.288216,434.2978,-98.713524,142.69742,530.67365,285.17667,114.71587,573.1891,60.31044,118.40814,623.9035,569.21497,92.64322,669.7221,372.32883,103.63199,644.0275,594.1826,71.47792,684.81635,399.42993,162.46843,661.4798,560.2842,137.34525,721.3249,336.01227
image_039.JPG,51.81538,112.21673,-161.87352,57.75802,89.585396,-193.3177,61.213852,87.11011,-193.5061,64.79868,84.666565,-193.65247,55.68269,92.06152,-160.07935,56.809155,91.877625,-160.08157,57.895588,91.81144,-159.96918,92.8743,82.012886,-264.81714,83.55576,90.24502,-111.200455,73.07485,123.06744,-181.97176,68.67301,126.79943,-138.34633,160.8689,176.07875,-274.17062,137.04099,165.68542,-51.8329,207.43306,326.3311,-278.73224,184.98538,303.10318,-18.77408,198.2662,449.45367,-274.2467,192.07552,423.7736,16.18009,203.33112,482.5922,-309.10022,194.36292,454.127,19.310055,189.38725,481.73428,-311.30167,193.30487,454.4941,3.6246948,187.97423,468.1844,-274.3679,194.53607,442.9133,7.8658743,194.33022,394.03635,-60.248486,177.60272,377.8179,61.58267,185.00351,473.89786,40.221764,185.06754,455.89725,229.06075,212.52806,545.39685,242.73381,193.93294,538.8595,354.92947,221.35472,560.49084,259.08194,200.84065,552.2518,367.32852,195.91663,555.3458,268.6977,174.13747,562.703,378.98032
image_040.JPG,84.46458,106.5587,-232.90598,98.81922,87.459656,-233.1119,106.712204,86.19731,-233.13864,114.74858,84.87517,-233.27568,82.35163,89.68974,-208.73033,76.95824,90.05792,-208.70189,71.49136,90.53689,-208.73859,139.26854,90.76295,-184.99036,83.61226,95.94422,-72.96894,107.51168,120.49732,-212.43755,82.98994,123.120895,-180.55338,188.24036,184.72905,-218.30978,99.754105,182.39752,17.052765,189.17801,333.77057,-244.47067,103.42972,310.51376,25.24546,147.43903,450.27634,-237.47804,85.18335,399.90427,-26.9965,145.89207,487.64993,-254.59056,77.65908,425.17014,-27.768024,129.13672,483.1984,-269.89218,73.97682,427.7228,-54.39127,129.20848,468.20752,-238.50525,85.150826,420.6345,-40.25524,178.24858,405.96866,-65.85866,128.85724,394.42,66.609924,176.04704,525.993,8.329776,92.17221,494.54178,186.10753,167.94745,616.331,149.9977,123.91375,590.7063,276.55942,177.68889,631.3869,161.17424,136.93481,604.46387,281.1542,131.1801,642.6453,131.49492,100.97795,625.83325,250.85873
image_042.JPG,139.21841,183.26031,-463.63428,150.74084,150.06415,-473.28778,160.99588,146.1617,-473.33725,171.42415,142.16908,-473.66605,126.71601,157.90207,-440.31927,118.41456,159.7389,-440.37292,110.05258,161.74712,-440.30576,201.83142,138.5566,-409.06165,118.671684,163.21942,-251.42285,172.36363,194.74031,-430.66324,139.25035,204.54124,-384.35483,322.4558,245.74654,-370.72455,105.543274,264.72867,-142.72581,381.43155,438.60675,-377.27002,93.07507,429.0254,-100.1496,385.41788,606.42017,-406.63834,57.770836,549.95526,-216.83856,397.10144,657.3204,-443.45764,39.93909,587.8575,-235.82922,375.1886,654.53955,-465.7163,42.82732,589.63434,-290.22192,365.60388,636.77185,-414.7461,62.202034,577.98267,-245.49391,291.961,564.17914,-61.051563,167.87973,563.68787,62.407845,303.86252,748.38983,-83.128006,166.73448,746.5182,106.94696,312.67578,899.8287,240.54648,179.94606,904.43097,416.87195,321.38348,924.5575,266.33896,185.5498,930.6146,438.48947,291.29608,961.38226,130.90138,174.91885,966.7969,315.16748
image_043.JPG,82.998344,69.74672,-157.65424,97.62721,59.15138,-160.75443,103.04347,59.40359,-160.81996,108.57705,59.620083,-160.91808,87.77402,58.454964,-137.20558,85.30441,58.118313,-137.25581,82.73015,57.86082,-137.18437,127.51639,69.88687,-140.66298,95.01287,65.799255,-32.31929,96.88239,85.84794,-149.50015,82.332985,84.5621,-118.67718,158.64107,152.0089,-163.31706,88.84446,154.03206,38.447227,168.61198,262.69998,-185.74841,76.28227,254.62267,54.88038,143.5157,360.70767,-194.31335,37.158894,330.02118,30.067347,143.71901,388.48535,-211.38414,25.188925,348.95645,31.380676,129.01147,384.14194,-228.44157,22.923828,350.10016,11.3302965,128.2322,373.35544,-199.14441,32.99329,344.72882,19.350138,128.87796,342.74536,-62.308144,89.46422,331.09937,63.09595,68.09888,423.97406,-57.249878,21.742683,398.0721,122.67878,94.26563,503.38083,72.030556,57.50554,480.8428,150.56213,108.50644,514.9689,84.18708,71.799774,491.4654,152.46762,70.96127,526.00653,80.44739,35.19045,510.05984,144.38336
image_050.JPG,61.939903,138.80154,-308.82733,68.211365,117.710236,-329.39795,73.85667,114.5188,-329.5127,79.63351,111.29096,-329.7667,59.239235,122.571434,-289.0141,57.04832,123.752556,-288.95868,54.811867,125.02069,-288.91623,106.14538,107.57138,-357.80765,75.75967,124.43052,-176.89749,87.02755,146.2318,-313.31635,73.27554,153.51422,-260.8258,176.91383,196.44714,-396.3174,123.51614,181.12914,-58.64168,204.47742,350.53323,-422.01257,167.793,308.41565,-3.4712064,210.38474,487.74976,-419.53967,171.84236,410.60095,-0.18482047,227.06055,523.74176,-465.12213,175.88043,437.93192,14.441558,208.3657,526.98956,-467.3374,167.50432,440.2037,-19.698288,204.26703,512.5387,-419.13742,170.81493,432.04657,-14.154501,209.09004,401.02924,-97.16306,177.85272,385.47037,98.1018,224.30188,518.2047,78.563225,189.71957,501.16562,279.19617,257.209,601.30475,312.33618,219.29564,584.71765,489.75537,274.47144,612.5595,330.06995,231.7588,596.3525,508.58466,231.386,643.6118,271.2666,196.50397,624.91486,472.89044
image_051.JPG,155.14822,64.42061,-336.24506,162.9806,53.084255,-313.73892,168.60509,53.22606,-313.7226,174.36989,53.273598,-313.67944,147.1226,53.168316,-315.43686,141.24916,53.202763,-315.42227,135.3367,53.35116,-315.5478,181.65999,63.90239,-179.20773,127.94617,63.5544,-183.61552,165.7985,80.92791,-286.51764,144.42892,80.86732,-287.63394,216.17116,155.30925,-86.79168,89.38041,151.64845,-134.34616,225.00182,256.84583,-47.66272,73.19668,261.64178,-131.36232,242.4891,344.36594,-186.23894,60.38185,350.265,-233.18153,253.29623,371.8401,-214.43443,51.15487,377.06897,-258.3661,247.14935,373.3508,-262.95956,58.515522,378.14365,-301.65967,237.08592,364.04056,-209.05634,69.29929,369.76794,-252.49236,189.06496,357.59512,19.036531,113.470406,356.5098,-18.405102,195.20409,484.3398,70.60547,100.88038,488.1619,-10.584425,186.24733,595.934,279.47327,89.4091,598.4022,206.39165,175.65765,612.1512,291.2086,91.64035,612.755,217.11607,209.49062,641.9404,161.54645,82.58052,646.2899,66.76076
image_052.JPG,341.53577,158.12361,-80.75136,337.41776,128.68274,-63.063793,338.18457,127.90281,-63.02437,339.29407,127.06364,-63.16657,329.86072,126.57707,-111.446945,323.48743,123.24676,-111.58698,317.11835,119.90808,-111.73372,309.0915,118.344765,29.646997,278.99274,111.26465,-176.57156,324.38672,171.06151,-43.558567,310.92892,166.76892,-103.772644,282.2262,224.90286,89.89316,151.46042,187.30205,-248.83617,288.20352,385.27237,88.739334,86.366776,370.32217,-281.68137,317.39648,508.37378,-2.978648,40.20933,540.3093,-258.31418,326.75665,548.7567,-14.5356655,11.717825,580.3209,-283.56903,321.05795,543.9278,-51.23226,34.548912,591.91266,-301.67276,308.81357,526.0708,-22.082796,51.224487,577.6268,-264.65173,212.25516,451.60944,112.86146,127.993614,463.3082,-111.83952,453.27155,486.87704,16.665379,343.30756,553.3994,-346.9816,405.85178,686.8564,-13.207785,358.58997,658.61584,-91.6671,372.0077,707.77783,-13.683609,339.76767,663.7064,-58.607796,467.6266,770.4156,-33.34683,427.81754,717.298,-44.708393
image_053.JPG,269.6845,92.181755,-230.32764,259.29123,72.93174,-198.57483,259.30032,73.012215,-198.58981,259.67752,73.03822,-198.76202,253.05472,71.81374,-250.74768,247.07489,70.58467,-250.822,241.07108,69.45042,-250.91454,233.02275,77.75866,-71.63333,207.39606,75.91615,-295.9635,257.90564,111.62487,-181.4933,245.61601,109.10594,-246.97896,220.42853,199.90189,13.655058,103.249146,185.05339,-378.31345,205.36203,355.57837,85.57041,65.31571,355.3134,-438.6258,227.52142,500.44882,-18.215153,81.75618,520.8841,-471.94513,232.13185,540.31195,-31.61547,69.95104,570.2583,-528.56915,235.24867,542.4461,-84.79683,100.47561,572.2818,-540.33954,226.80554,526.6464,-43.59919,109.730606,551.1007,-476.12534,183.36931,475.37277,124.07898,113.14926,482.16708,-122.62958,185.46786,640.7135,279.7964,134.97023,661.5309,11.327628,161.63405,780.23865,562.72845,104.43096,799.7429,337.4232,145.10324,801.93317,585.1286,80.51263,818.7836,364.13098,211.38954,830.8198,509.10153,148.93095,856.215,262.92725
image_054.JPG,289.7357,124.10713,-544.2203,301.46942,98.68407,-515.26685,311.3488,99.16014,-515.3577,321.36176,99.49402,-515.5279,273.3567,96.78145,-522.0096,262.24402,95.54534,-522.0185,251.0929,94.41587,-522.0362,327.3935,109.70394,-331.5238,231.40532,103.09733,-354.392,304.12555,149.47115,-471.78113,265.31067,146.82385,-478.2418,380.5591,245.37561,-256.19202,152.29057,235.9805,-287.67975,419.0226,431.63727,-249.99484,105.822395,433.46817,-303.71527,485.19897,581.3842,-329.39645,51.45853,582.77716,-366.915,514.86285,622.7489,-341.78967,23.765392,625.8739,-376.0228,507.38342,629.26196,-395.8553,31.643564,634.1213,-445.1856,489.1563,616.69714,-352.38068,52.436226,622.4999,-394.93735,324.4925,587.2621,4.5559006,193.49478,584.4139,-2.2119737,324.59354,795.2765,-183.12688,187.25058,802.3579,-111.415474,316.82642,994.19434,130.6894,182.43523,994.08795,221.152,316.63486,1021.1444,151.97653,176.00703,1021.0202,238.2165,303.86038,1065.2589,-30.763311,207.29341,1063.3331,52.094925
image_055.JPG,245.04218,140.42131,-356.2013,255.78299,110.28178,-348.60977,265.7465,108.52361,-348.67795,275.91605,106.6673,-348.89404,228.78539,113.727715,-345.14865,218.4451,114.26018,-345.1651,208.07666,114.90429,-345.26398,290.8684,111.20615,-241.28049,197.0169,121.25244,-215.54985,266.84927,158.95883,-309.005,229.88988,163.1233,-301.4033,368.8636,221.13528,-217.1087,156.42786,239.78787,-135.67775,401.1122,399.1714,-214.65068,144.85757,413.21442,-155.68794,412.11102,568.86365,-267.4539,105.128654,531.59656,-235.37486,425.14432,623.1042,-285.34317,82.338394,568.777,-236.89925,406.38092,623.9688,-322.04214,83.40413,571.01807,-292.74164,392.65384,603.86664,-279.58835,103.7948,560.73083,-259.80692,334.60437,533.9644,-22.201235,215.19685,536.0684,23.998287,350.55154,713.6281,-52.64592,214.01175,715.85345,51.79293,349.5334,872.42255,166.78958,220.26884,873.11743,276.18686,350.58432,893.00836,180.81648,221.8124,895.886,286.436,341.36606,935.898,71.93863,225.87819,933.0596,167.92888
image_056.JPG,258.85492,166.9469,-661.1371,276.29565,132.14601,-620.73303,290.2125,131.5041,-620.733,304.3016,130.73006,-621.0673,239.38551,133.3456,-624.422,224.93202,133.25294,-624.434,210.39836,133.3916,-624.33466,320.85202,146.51419,-381.61575,192.337,148.6501,-392.61713,284.608,198.5945,-569.8752,232.72588,199.39732,-572.79126,399.4111,296.813,-322.10153,120.04548,305.12924,-274.30646,464.27267,504.4859,-339.39578,89.93382,509.85535,-275.94006,494.23257,715.1832,-451.9772,75.53527,664.8478,-413.6701,524.65375,776.51013,-488.72873,56.768234,712.3347,-455.23828,497.2685,788.75616,-533.04065,73.744934,716.41907,-512.596,476.93555,771.7024,-473.71848,95.26534,702.3699,-441.95056,348.4081,646.19763,-4.4781966,179.91841,647.5681,5.941975,413.38007,803.7405,-538.19495,131.39949,765.42523,-483.0532,342.1821,972.9525,-129.97217,169.18344,979.01544,-68.39414,339.27924,996.50165,-90.20992,177.6702,1013.0191,-30.16832,296.08704,1028.7755,-240.12791,175.85017,1044.2241,-188.301
image_057.JPG,201.60872,111.896286,-482.70087,218.61105,89.14429,-453.821,229.42856,89.04052,-453.8818,240.43417,88.8229,-454.04413,190.6062,90.120026,-446.26288,180.663,90.412155,-446.33694,170.66562,90.83881,-446.5768,261.3155,104.659615,-283.76074,165.71272,105.93396,-241.25418,225.95006,139.73387,-417.39246,186.78761,140.62141,-404.64847,340.89124,263.14856,-215.44847,107.181694,255.6278,-180.07716,379.63705,455.29147,-181.73143,68.8991,435.50723,-149.51247,395.5691,624.64874,-326.7323,48.148857,585.3279,-287.11398,410.0156,678.4373,-378.53726,33.186165,635.39056,-335.34003,386.00677,680.5196,-428.8844,52.591045,642.1398,-402.78598,372.81583,658.6207,-347.86044,71.32125,625.13513,-316.53473,283.12677,607.9514,-15.69632,147.2601,599.8476,17.775156,293.66943,822.7655,-97.363464,131.46478,816.2486,-51.597004,288.09097,1003.0588,293.33707,125.203415,1008.38464,353.14032,290.1789,1027.2855,322.4126,124.90226,1037.4105,378.20007,268.11993,1071.7153,152.7095,134.20801,1077.0343,193.62845
image_058.JPG,125.485,116.26289,-375.65475,158.80301,92.94614,-386.97244,169.11073,94.13853,-387.19867,179.6093,95.1958,-387.68234,139.80212,90.41334,-335.06125,134.56802,89.376724,-335.40277,129.06255,88.54465,-334.86505,216.78561,117.81469,-369.1518,149.46782,102.35937,-140.49706,153.9303,151.17,-362.76846,124.591866,146.50421,-296.6327,322.41843,288.2606,-383.82675,113.92144,279.22256,-26.505182,358.33514,509.35352,-422.18387,111.60092,464.71225,63.14156,379.1961,686.1002,-440.14346,98.03043,609.5447,-84.286446,395.24857,738.434,-455.8562,91.88463,656.56195,-114.81029,381.18307,743.4659,-494.86182,94.971214,659.237,-180.54195,368.25272,722.69336,-450.22302,108.97905,643.2633,-120.98977,294.53018,626.6861,-103.02683,172.85988,622.1594,104.662674,294.11115,841.69617,-111.18849,163.59528,835.68726,178.51332,310.18686,1046.465,223.1149,179.7445,1034.4481,467.84946,325.0206,1079.784,247.30019,195.61101,1066.558,477.35007,252.01505,1105.1233,59.922947,120.516624,1095.0782,341.72534
image_059.JPG,223.61815,218.15134,-482.15564,228.31001,186.81155,-502.45578,235.36894,187.39566,-502.83823,242.5492,188.01378,-503.4227,212.75769,182.99281,-492.13806,206.37173,181.39465,-492.37082,199.95142,179.91035,-492.7139,253.49786,202.35599,-491.092,195.90762,191.2669,-446.92554,240.20078,251.06741,-464.64938,215.20288,247.86407,-451.50674,339.66553,377.4644,-465.9814,189.7307,329.41382,-316.397,427.50204,627.5127,-428.1206,196.29701,542.2123,-168.48293,305.3981,723.1665,-438.52716,154.60269,612.6763,-225.35663,269.49054,767.61383,-506.6438,143.69676,636.27014,-274.27005,254.62646,726.20734,-491.7836,141.87169,623.46924,-320.93106,265.37912,709.34515,-435.6643,153.85425,615.5382,-249.67863,351.91147,701.39636,-54.228466,271.95056,670.03296,56.014114,346.2256,845.02795,218.67569,264.59796,801.4619,322.39517,327.52515,965.04236,718.18774,255.44702,951.2142,759.65454,331.85776,988.0817,765.1774,257.43503,977.6816,799.047,297.8855,1007.4376,669.2994,235.2283,1005.6371,697.14716
image_060.JPG,121.84008,58.59825,-351.82672,127.17192,48.025288,-333.17264,131.77373,47.544365,-333.2572,136.45454,46.984837,-333.2689,114.64953,49.22866,-330.54312,110.03464,49.581505,-330.4301,105.393684,50.01372,-330.36908,144.0268,53.15229,-224.78426,101.39392,57.10605,-203.73067,132.47736,69.01975,-311.91885,115.18129,70.501335,-305.7099,176.46739,121.46551,-153.04333,78.26549,120.32116,-145.84692,184.73598,206.88014,-134.98038,69.446365,205.51993,-133.95622,210.92563,280.2369,-210.90526,51.39561,277.24042,-204.99115,223.88388,297.3879,-227.93752,43.168095,296.99655,-220.80699,223.1418,300.34125,-267.35535,44.04943,298.2625,-257.97806,213.97986,294.89307,-229.7384,53.021366,292.55063,-222.60608,161.23051,270.46454,-1.7754878,99.88413,272.3601,2.3424184,174.14052,381.7893,-24.836794,89.46204,378.571,-50.11576,194.77748,462.80707,201.75308,63.962032,452.22693,240.71844,196.30199,472.69327,217.7587,64.25384,458.55286,264.0294,200.80838,501.11624,109.01293,50.803883,494.26483,170.43185
image_061.JPG,275.64023,98.99029,-541.0777,286.1622,80.37924,-512.3924,294.46097,80.40506,-512.37506,302.93134,80.291565,-512.41974,263.18066,80.664894,-511.87564,254.5263,80.6027,-511.8417,245.82004,80.67571,-511.8646,314.11423,92.75394,-347.48856,236.18495,93.14209,-340.54004,292.58865,122.205185,-478.81818,260.46304,122.31503,-476.44595,377.7144,228.19543,-274.0891,176.78523,217.69525,-262.64972,414.5556,389.47827,-232.82033,133.164,371.86996,-251.83798,461.09067,540.46576,-343.55008,104.6318,499.23682,-402.3252,484.047,583.8723,-374.8827,86.41983,541.312,-453.2319,469.57706,591.9171,-432.17325,106.07845,547.72437,-508.02197,454.20023,576.1639,-366.49487,122.39758,533.2423,-427.03336,328.7214,515.8243,-6.6817694,213.26555,510.1848,8.346393,339.676,715.2573,-65.47366,210.33815,703.60596,-45.873287,331.46036,870.62024,293.3735,212.33075,864.8569,339.02426,330.8814,890.9426,320.00238,212.38004,887.46674,362.59442,322.68427,935.24817,160.1181,225.41844,929.86536,188.98509
image_062.JPG,247.51813,102.36782,-374.3063,258.27786,86.83792,-352.33496,265.68304,87.22577,-352.2506,273.22232,87.531944,-352.25705,238.48619,86.097755,-351.2133,231.06778,85.70747,-351.13464,223.59703,85.43701,-351.06552,284.47232,98.35582,-226.95386,215.87389,95.472046,-214.42389,262.11,121.62125,-326.91174,234.22017,120.398094,-323.45343,332.35638,206.63895,-168.28154,169.5234,199.90541,-186.48932,352.49274,349.38284,-159.34993,151.11957,348.29175,-208.32207,390.35526,477.14966,-213.385,128.20552,466.9365,-268.4099,409.96933,511.72333,-214.81274,112.481834,499.57626,-274.0067,403.40576,519.7774,-259.76733,120.32835,506.61414,-320.55045,387.38403,508.4763,-229.92438,137.01633,496.26776,-287.9283,299.2332,453.52216,-1.8607144,200.0479,452.7218,3.3556104,299.03055,625.286,-22.725,193.01923,625.5701,-28.532154,304.46646,759.5287,250.30179,189.32706,759.037,293.86627,305.42654,777.938,270.6574,188.7785,776.26013,315.05957,302.39276,813.034,156.14748,195.37503,815.62585,189.29927
image_063.JPG,249.7642,93.57149,-303.22534,256.881,78.56157,-277.1719,263.8997,78.87974,-277.06955,271.078,79.09791,-277.0415,237.27145,78.18516,-285.44467,229.33583,78.006744,-285.41156,221.3676,77.94609,-285.36566,276.5436,90.9175,-150.23784,208.43288,89.8338,-178.16737,261.64496,113.8436,-255.38564,233.56294,113.19484,-263.63696,316.82394,205.22295,-88.233765,157.82114,197.23822,-179.54143,336.23505,345.49933,-58.275955,138.6931,345.2392,-206.61768,377.81693,465.22556,-121.62721,124.754616,469.03238,-251.89372,396.66138,498.31677,-128.01964,111.5824,503.8686,-258.9249,391.8507,504.83527,-171.84102,122.21677,511.08813,-301.78616,376.3771,494.0577,-139.21509,137.51494,499.18832,-269.39917,289.092,457.9757,30.071556,192.43953,459.41797,-28.691713,295.93985,629.7587,3.0633848,201.38249,632.82764,-76.15993,300.152,762.1167,252.73714,189.27618,763.83905,241.20998,296.15012,779.37854,271.2336,183.14455,778.8742,264.55145,310.50873,818.8768,169.03268,204.36562,825.59204,157.75385
image_064.JPG,318.67343,136.77074,-279.75912,314.59293,117.7813,-266.85803,317.50494,117.89667,-266.85266,320.6721,117.929405,-267.00256,302.37476,116.109146,-289.06186,295.69968,114.80575,-289.04874,288.97153,113.56424,-288.9724,306.66345,120.19593,-170.27399,261.6004,116.49555,-264.73373,315.256,153.96086,-237.83435,297.8898,151.40263,-265.42072,341.01193,223.21799,-157.47289,168.2405,209.45801,-211.10052,366.57938,357.4948,-115.21871,129.85294,348.16257,-216.9431,407.797,478.90164,-234.85425,111.284904,459.2073,-290.53268,423.0089,515.3182,-268.52435,96.067375,493.50046,-316.12997,413.0531,517.79846,-307.72272,108.80371,498.21884,-361.76865,399.4146,504.47464,-252.0247,123.63827,485.39746,-309.48398,303.7619,462.67075,5.761955,203.3889,464.75366,-4.259744,306.933,629.8414,40.741367,201.2085,632.4491,35.731365,306.27747,763.593,275.5357,202.54695,767.629,308.06265,301.73264,782.6044,293.9106,200.73726,785.9995,327.87018,313.61768,818.30786,205.70084,214.8559,824.45166,230.3466
image_065.JPG,216.58191,101.33327,-223.65016,224.01457,90.77599,-204.68304,229.26546,90.62586,-204.72003,234.65573,90.383064,-204.68124,209.46645,91.44073,-202.27025,204.1694,91.614265,-202.21753,198.84506,91.873116,-202.24866,242.74556,99.147255,-107.98994,193.82506,100.674576,-87.02403,227.78612,114.96874,-188.02158,207.88951,115.590096,-182.3075,273.05136,178.69588,-57.983406,162.91252,175.97134,-41.390507,283.90344,270.44315,-30.881567,146.37578,267.2786,-25.448353,312.66443,350.64746,-116.08957,129.14622,350.52426,-109.4432,325.46796,374.84344,-130.78667,120.93716,377.25528,-117.54134,323.6975,377.38293,-169.78079,124.74935,378.62546,-159.47626,313.57184,369.3176,-133.46301,135.18779,370.34753,-127.22468,246.2639,355.0596,-14.062182,179.12804,356.93658,14.830901,257.61462,489.49643,-17.04435,180.34781,489.6515,25.579351,278.026,598.6782,146.71408,180.87143,591.0003,232.2133,279.22195,611.295,155.99251,185.73997,603.36066,245.39368,280.8913,646.06946,42.472363,173.01256,637.1211,131.6491
image_066.JPG,213.31287,71.81251,-216.0577,219.95377,60.27422,-202.02853,224.73393,59.8079,-202.1022,229.65082,59.251774,-202.1044,206.68167,61.364643,-199.14877,201.85475,61.53888,-199.01765,197.0207,61.792824,-198.86313,237.6108,64.66045,-117.63826,192.76758,67.49028,-93.107544,223.82239,82.91019,-183.9772,206.11598,84.02225,-177.16296,270.42807,132.32022,-79.17148,166.144,135.44618,-34.92475,277.34256,217.26305,-68.318794,154.88507,220.16524,-13.068863,291.83014,298.8033,-146.2639,138.53143,297.8,-96.58584,300.7204,322.92535,-166.29811,131.90988,322.34665,-106.6537,294.30655,324.9521,-194.78978,136.03877,323.4251,-145.51437,286.02136,316.2637,-158.4754,146.55684,315.2999,-113.39603,248.91786,299.3468,-23.197914,187.8964,302.44855,23.658522,256.98398,429.2838,-36.415405,190.73994,422.9298,57.121616,282.38428,531.63666,81.23506,197.09038,515.26306,234.29977,285.9666,543.6608,86.83201,205.3968,527.9543,246.46011,282.22855,577.94653,-20.553347,178.90265,558.6901,148.26393
image_067.JPG,199.21085,114.300545,-330.53647,205.13382,102.13262,-313.57,210.0896,101.601494,-313.5997,215.16718,100.985466,-313.5624,191.19331,103.41443,-313.0469,185.94731,103.67693,-312.93436,180.69366,104.02535,-312.7884,221.63464,106.93932,-206.51213,174.77168,110.520905,-192.54694,209.44186,125.60117,-289.55563,190.89142,126.954025,-285.8852,253.90654,172.99718,-141.47292,148.35686,178.57216,-106.62716,264.4635,257.45032,-117.21059,139.10857,264.88712,-69.880264,280.3382,335.48465,-200.03474,127.70945,342.40356,-150.76622,289.061,358.21216,-217.61673,122.71878,366.19278,-155.34425,285.1737,360.33856,-251.28291,123.87163,369.12128,-200.40808,276.93802,352.59976,-214.51442,134.19473,360.82703,-169.45146,238.2716,334.75778,-17.469538,175.52554,338.33203,17.73513,244.00763,465.7142,-19.82145,175.38573,457.3493,47.098877,267.19748,570.32635,121.495186,177.82166,551.4092,236.67725,268.1097,584.6744,128.50096,186.56567,565.40356,249.14066,275.45563,611.97076,-2.1449652,156.00354,592.83514,129.93642
image_068.JPG,209.82541,78.95617,-204.27602,215.33244,68.78785,-185.15863,219.98293,68.38733,-185.2162,224.76775,67.89551,-185.22327,201.99608,70.06624,-185.34042,197.02383,70.47028,-185.22655,192.0487,70.95386,-185.12184,231.03192,75.312386,-92.47654,186.2731,79.16871,-83.02569,219.74619,91.27654,-170.47597,201.76454,92.758095,-168.07034,261.8071,147.63094,-49.465443,160.878,150.68608,-39.79442,272.66986,229.46631,-25.362812,152.59105,234.55939,-19.727465,291.96252,304.4857,-106.9973,144.72499,314.84625,-93.4671,301.66638,327.3874,-125.196266,139.75177,340.9234,-105.70763,297.94928,329.55374,-157.30508,145.61136,342.21844,-142.42427,289.58347,321.85757,-121.587975,154.23175,333.11548,-109.43205,246.69226,307.84964,-12.846781,185.53804,311.07367,13.330825,258.39362,432.1502,-29.532513,182.50374,427.0393,46.93677,281.4626,536.56055,88.670944,179.0014,516.2149,232.6998,281.99826,548.79193,93.83684,184.68414,527.8343,245.34769,286.61044,581.75854,-23.538723,164.88463,559.00195,138.76912
image_069.JPG,290.09058,33.443245,-543.3555,269.30463,20.896399,-509.6649,269.83203,20.087303,-509.83582,270.85983,19.260014,-510.0636,262.71777,28.35481,-557.1947,257.12543,32.924442,-557.4702,251.62926,37.58116,-557.73975,255.85014,45.495045,-343.2695,229.6831,70.65784,-548.6841,296.3377,60.92969,-476.51404,283.97098,69.27168,-535.98755,281.5981,181.33333,-190.25674,200.62741,230.15543,-609.8983,295.677,350.75598,-33.190365,231.5152,456.34753,-639.7545,336.15216,438.93985,-83.5687,334.14432,583.913,-579.6911,340.52954,462.77365,-99.862114,346.06866,627.2562,-643.2159,350.084,458.45068,-154.61092,364.44595,609.88635,-646.1965,344.65613,451.90308,-110.62733,360.37982,590.0754,-583.52734,261.9256,467.95258,118.40391,215.9467,496.19925,-116.88682,315.1145,567.5416,460.74844,257.3133,603.0017,249.95822,304.7272,659.04895,943.42206,273.3114,689.3947,763.34076,284.62076,681.0188,988.5888,256.6274,709.6012,809.547,372.96063,661.21954,920.8577,344.3191,691.99,703.13367
image_070.JPG,301.68658,25.686914,-589.2528,279.0834,4.096846,-554.9274,279.60312,3.0817368,-555.1399,280.62085,2.0859194,-555.44946,269.63477,11.12924,-612.56836,261.66104,14.966735,-612.88605,253.82428,18.915977,-613.19916,250.76544,25.871721,-374.46616,216.85066,48.989456,-625.8355,299.15567,55.786243,-514.23145,283.1445,62.852802,-587.2659,246.21967,156.634,-208.16557,157.53917,229.7412,-661.0987,240.43266,328.61563,2.4527302,168.19098,467.44376,-690.7895,274.10992,431.21133,-47.722656,281.8382,603.0893,-632.6096,278.20416,457.40286,-59.561825,294.97446,650.9659,-700.31494,293.1018,459.73505,-121.28279,317.81528,631.69275,-702.78827,286.45642,454.5644,-75.423546,312.1785,609.6088,-636.2091,230.08734,446.80865,131.08392,181.40503,490.76547,-129.76,268.647,557.3223,500.15656,228.80896,599.5023,257.84595,253.24117,644.42444,1006.0348,230.30748,677.60876,805.6716,232.54053,668.0629,1055.5554,207.03699,694.8483,855.2542,332.10355,646.1681,993.29816,313.7594,686.98175,755.04443
image_071.JPG,340.2507,106.82248,-331.19516,349.46622,80.2006,-318.0178,358.01627,81.10523,-317.8178,366.7791,81.93982,-317.7666,325.22696,76.13837,-334.81592,314.36465,73.55637,-334.89954,303.4606,71.084496,-334.92007,364.96204,85.89454,-193.77315,278.21234,72.002014,-260.49518,347.2576,127.36061,-277.14902,312.89938,121.41106,-296.83545,388.1736,194.64714,-133.4565,186.76585,176.27434,-236.46924,378.1142,350.8189,-88.37247,154.01562,369.34436,-274.54416,403.0377,489.3738,-156.31528,122.34245,529.27625,-281.23917,417.73343,532.9323,-156.76715,101.28823,572.9931,-277.0372,412.49557,538.78656,-203.05869,110.60605,582.7823,-326.8204,394.1371,521.6354,-174.35683,132.46751,567.39215,-299.51172,314.7585,481.68365,19.57201,199.97118,478.6851,-18.187145,330.2973,660.0478,50.193523,188.7078,661.8087,32.91846,314.93256,788.222,299.46475,190.2742,794.86414,314.30817,302.61298,805.54504,320.8544,186.98692,812.5053,333.1599,332.06558,863.4694,243.17734,199.497,872.9447,214.75154
image_072.JPG,318.43347,146.25471,-518.14124,329.4114,118.24662,-504.92133,338.51746,118.93529,-504.757,347.76773,119.58856,-504.64093,304.28287,114.53679,-521.74396,293.29938,111.82843,-521.64014,282.29968,109.21294,-521.6015,348.36963,119.714386,-346.62872,257.30054,105.50006,-411.527,326.87622,163.00475,-448.4421,291.79672,157.40953,-468.13702,372.49017,215.1741,-223.44933,165.34918,202.52295,-354.30246,362.30252,365.63907,-144.68199,125.04068,396.38303,-379.31906,379.44818,490.8409,-272.32608,86.382126,550.0103,-390.78177,388.52695,530.4194,-286.25128,65.1101,587.42847,-390.81802,385.22183,531.98834,-338.2937,72.51646,597.42993,-451.82663,367.8456,516.0017,-291.10583,96.60789,584.0248,-413.87564,288.70413,492.1798,30.354994,170.2496,488.65625,-28.78037,294.55573,666.8151,42.174908,159.04533,673.99774,-6.4350843,296.4364,789.2666,366.28033,158.13333,805.56287,346.00653,286.55624,807.511,394.22525,152.904,820.4109,371.87573,312.95178,859.9531,300.11237,175.64334,888.96094,237.87234
image_073.JPG,250.79251,149.23555,-554.2952,277.76367,120.73239,-545.8851,290.8129,120.09751,-545.9698,304.1544,119.38559,-546.55865,248.31233,122.51839,-493.12836,238.53917,122.64576,-493.3038,228.55266,122.94341,-493.22925,337.49054,135.83621,-430.20013,241.37877,136.51509,-190.85657,284.58093,179.09111,-507.91025,242.71297,179.60938,-439.33203,414.32172,300.71274,-526.61615,233.79701,297.89285,100.306274,388.891,551.17285,-576.88873,164.48123,502.83603,177.79109,288.53024,719.8212,-650.3363,58.86208,611.1901,-59.07603,271.09903,780.4962,-725.3696,27.37549,640.4258,-71.98379,245.8389,754.63086,-746.39465,6.5273237,636.2192,-164.82306,254.98726,733.2147,-656.5393,27.209974,633.99164,-109.7646,359.33997,660.11523,-162.04213,245.68153,644.93744,162.78397,312.00607,900.88306,-235.73851,193.1865,849.8889,299.48608,312.89948,1077.2083,192.75409,215.0016,1070.494,576.5023,330.58252,1114.2759,230.1708,227.284,1109.0912,590.3328,259.9255,1121.9368,88.37682,180.18771,1134.4932,463.04846
image_074.JPG,188.20435,86.93267,-679.9793,223.81728,62.143147,-698.65393,236.21576,63.322105,-698.823,248.86388,64.41601,-699.44904,200.35225,59.62477,-625.2825,194.13385,58.720512,-625.5613,187.6383,57.99139,-625.3701,290.6527,88.12547,-670.3553,212.37192,74.4014,-341.2345,220.27885,125.537186,-660.3279,186.5582,120.887985,-565.34863,383.79453,289.69653,-719.48737,181.83994,255.06683,-82.776825,378.06985,551.0798,-777.9154,145.6265,474.08957,56.0048,327.71997,748.2474,-847.885,91.702965,649.8962,-97.51004,327.3915,809.13416,-921.1366,72.72629,701.0111,-107.6886,303.76172,801.90826,-949.1614,65.62345,709.6234,-204.02571,298.4917,778.27216,-857.8643,84.12728,695.61865,-146.90977,315.69104,640.26416,-185.13219,192.62303,614.85394,186.22826,270.1376,872.59485,-35.3871,144.85231,847.1575,405.38632,268.65372,1093.5215,533.18036,143.43726,1065.2136,865.1044,290.024,1140.8113,577.87646,157.1638,1107.7292,892.35126,195.49193,1143.4073,344.23975,77.518265,1123.2816,719.4175
image_075.JPG,235.69374,107.61678,-506.53247,268.69516,82.11631,-506.56326,282.47388,83.177414,-506.66208,296.4956,84.158165,-507.1535,239.06712,80.665985,-451.74774,229.35075,80.0779,-452.00333,219.43138,79.626884,-451.93726,333.56873,108.44128,-429.35962,233.552,97.54372,-182.57169,269.72946,144.1866,-471.4043,226.60399,140.38705,-400.48322,419.12756,290.99796,-472.73886,201.04,267.284,2.5214396,410.41135,536.30365,-505.8802,189.42914,477.22385,82.381004,340.656,697.62366,-557.48914,183.53493,621.8368,-143.83487,329.02136,756.94275,-619.65515,178.49878,672.0237,-205.22461,307.9904,739.3735,-637.8841,181.54681,669.76166,-269.5033,308.43082,715.7727,-560.9412,195.18375,652.4351,-182.78142,348.03397,641.7234,-132.33342,216.71333,626.25073,133.40192,324.20398,866.91925,-113.30565,187.5799,854.0305,247.25726,311.69254,1081.0002,280.17664,184.29042,1058.4102,628.1381,325.4807,1127.5881,310.90958,192.74649,1098.0729,647.7338,254.30475,1128.8724,100.77915,140.1906,1116.5887,488.10904
image_076.JPG,319.79886,106.82328,-454.01114,328.99646,85.91239,-440.25137,337.10663,85.84375,-440.27975,345.32492,85.68575,-440.26807,307.84525,85.822426,-441.73212,298.97443,85.38445,-441.5908,290.0856,85.0689,-441.42413,352.60373,95.27778,-330.99048,276.37698,94.26756,-325.57202,333.34384,125.1987,-409.70395,302.07486,124.55994,-408.19443,391.62308,199.92305,-265.67252,224.62901,189.58562,-258.6071,398.77365,334.94406,-235.87851,203.0679,330.0548,-246.15163,421.61783,449.45578,-269.86517,173.42477,435.47635,-267.85022,434.33368,481.10846,-268.59042,158.93605,463.8431,-260.22916,431.0591,485.73737,-310.24252,162.39952,469.5149,-306.33145,415.64706,473.84186,-284.29715,180.158,460.0092,-285.29807,340.72318,418.16083,-21.345572,254.4763,414.46,22.375322,318.20914,577.3744,3.152008,256.43112,565.32104,86.87998,304.21783,697.9734,161.50269,265.14896,669.0472,347.14197,301.50894,712.59674,172.15553,271.28275,682.1547,366.48468,298.98654,762.6059,85.53876,247.73459,731.3788,285.14883
image_077.JPG,261.44955,108.24831,-355.8429,270.23914,87.61294,-344.20764,278.12302,87.68196,-344.22372,286.14246,87.67097,-344.21304,249.31078,86.93327,-347.45566,240.46507,86.18293,-347.36905,231.60161,85.54009,-347.26944,292.12317,96.25678,-250.11833,216.81068,93.43087,-253.96588,273.94702,126.387405,-317.13025,243.2317,125.01002,-318.27444,329.61826,197.90428,-197.4667,162.55899,188.65092,-206.85109,336.87387,334.99088,-168.73932,140.83514,331.93375,-201.44212,361.95178,452.93634,-199.56221,112.407265,435.17328,-218.16518,374.81012,484.19397,-196.87025,97.66784,462.6654,-210.19398,370.6773,488.0058,-234.74593,103.03865,467.53226,-250.81918,354.84296,476.33365,-212.72108,121.35777,458.36804,-232.55943,280.25592,420.10696,-15.29228,192.63892,417.84583,16.37946,259.60794,582.7705,28.368898,194.15009,575.20355,55.80629,248.70988,702.2615,194.67784,202.04195,685.112,284.91687,245.90266,716.6286,206.38383,206.10918,697.286,301.39117,246.46643,764.6321,137.00414,193.32379,748.9746,234.0445
image_078.JPG,229.87459,117.94763,-529.3038,249.20682,101.15843,-518.9329,258.44107,101.2866,-518.9531,267.9777,101.39448,-519.32404,228.31561,100.92089,-483.10022,221.2694,100.60199,-483.0532,214.27565,100.56173,-483.1119,291.88562,115.13543,-419.8174,221.56378,112.85614,-262.6561,251.86565,140.20082,-495.37234,220.8667,138.78989,-450.54257,319.6813,236.48056,-513.4754,242.24701,216.59546,-24.972715,319.8118,403.9964,-567.7496,241.59367,369.80054,-49.501717,264.78015,535.05634,-575.5485,220.7315,471.4923,-201.6122,259.37433,575.797,-619.44183,216.60573,499.2931,-215.58078,241.8215,566.5055,-608.5778,209.69084,503.2185,-261.1307,249.37682,552.6946,-567.39496,218.33798,494.14206,-228.73965,302.30582,480.52936,-141.0994,251.46434,465.00906,142.49644,304.75037,608.83905,-292.95697,209.71323,562.9767,537.47363,299.42404,710.9553,-128.71233,187.07274,641.63007,797.93427,308.47882,736.9659,-109.01864,185.224,664.2386,819.42316,253.07289,718.2233,-251.05795,145.2191,644.2492,772.3488
image_079.JPG,249.49954,128.34059,-464.15976,268.90164,112.48699,-456.8282,277.51685,113.1842,-456.70316,286.35422,113.85651,-456.89807,250.4031,110.279564,-422.7645,244.31413,109.08469,-422.68,238.20323,108.15692,-422.65363,308.62415,126.72532,-368.85593,246.29906,117.73812,-221.66696,269.07535,149.67453,-432.14938,240.78621,145.95686,-390.28836,335.54077,238.56795,-464.58978,257.96753,216.75475,7.4145856,346.08047,396.77692,-528.29,252.96275,358.6253,37.575817,302.4983,537.76855,-542.8997,224.71568,458.59567,-58.821518,302.63184,580.2319,-582.4528,216.66277,486.234,-51.429424,280.2863,572.40967,-585.0848,210.14606,492.1502,-100.29786,285.02042,557.34357,-537.7677,220.45943,485.9171,-81.887245,321.14615,487.31647,-135.2244,272.1616,469.5107,136.63852,303.69928,631.0854,-167.34541,223.82825,556.5849,414.37357,302.89172,681.598,138.28117,269.26715,632.2654,534.1716,315.6984,693.09735,175.19316,277.47272,644.66876,543.6487,251.62703,688.85425,123.17766,247.7025,646.48004,530.80066
image_080.JPG,180.55048,94.162735,-525.1918,200.61917,77.006454,-515.10785,210.23045,77.03757,-515.0702,220.02501,77.06916,-515.2942,179.23018,76.48544,-481.8965,171.72983,76.01185,-481.84253,164.15608,75.73971,-481.66656,242.40158,89.26778,-411.13132,170.22545,86.11547,-269.2496,202.35884,114.946236,-486.08463,170.63533,113.60455,-445.49158,249.47754,210.63315,-471.12183,198.516,181.44765,-24.598173,242.83545,381.5204,-540.91516,195.35048,338.77438,-25.881414,233.58827,528.65155,-591.3207,181.77435,467.20242,-96.96275,241.85632,566.551,-637.861,178.44154,496.8175,-82.29663,232.02373,565.54004,-639.3549,172.66652,504.42227,-138.87056,228.69376,551.2637,-590.16656,182.09175,495.20935,-123.27066,243.31096,447.52914,-138.70032,215.64746,434.5419,139.51112,255.38223,583.34937,-30.500313,211.57314,566.3217,451.70023,259.77957,704.5653,249.08986,219.37137,671.9948,697.0423,273.45175,729.0213,275.0478,225.66664,691.937,714.7539,210.57607,728.26086,173.25188,175.19461,697.20306,677.57404
image_081.JPG,197.16295,121.00112,-413.80368,213.75388,100.255585,-404.7789,223.37912,98.719894,-404.96277,233.08865,97.18669,-405.37903,193.02104,103.89617,-378.591,185.61267,105.18522,-378.51718,178.18832,106.6014,-378.49716,258.16254,110.07913,-308.55713,189.7371,119.94627,-188.23781,223.78014,140.50786,-373.3787,191.85025,145.1427,-339.08716,277.38705,237.06432,-363.01352,255.10954,214.62653,2.8623307,297.9913,412.7466,-370.0748,285.18936,365.95786,40.05114,233.31789,522.2411,-308.91263,273.93213,470.79395,-47.36812,221.78648,560.10657,-342.61078,273.3445,504.5508,-62.47667,209.6023,543.84924,-340.35675,264.89883,501.83005,-99.00987,220.20567,528.90533,-305.14053,268.0694,492.17676,-68.74919,303.8596,487.2245,-114.822495,289.48477,463.37097,115.738754,306.2744,612.68256,4.319486,267.28308,603.0132,292.0914,324.42264,748.67456,217.04126,271.1607,730.6584,430.6966,342.798,774.2122,234.74374,282.34808,754.1868,441.37158,277.41382,776.2574,179.93645,222.41608,763.5525,395.86548
image_082.JPG,261.57092,103.7792,-282.35028,289.17673,85.04328,-303.00467,298.8539,85.624565,-303.10712,308.78452,86.20314,-303.501,273.22522,84.887764,-255.35611,269.53812,84.9441,-255.52057,265.72995,85.11136,-255.45221,345.25955,107.24657,-320.22336,288.10092,102.88562,-102.65985,285.39267,134.60333,-284.70026,261.38846,132.90987,-222.22978,393.58292,265.9857,-341.84845,256.4711,231.15471,-20.340866,452.50198,488.66797,-390.44943,245.24121,438.57584,21.513119,374.2574,668.6168,-377.914,198.51065,595.1071,-9.551166,368.00842,724.0437,-416.2854,183.34245,642.36816,-31.921095,331.31845,705.9724,-427.15253,189.53609,638.1124,-56.008743,331.7106,685.04865,-379.56192,201.75241,621.5607,-25.633959,201.73824,560.94336,-108.11044,135.52072,512.18317,109.53732,64.84637,682.9363,-85.71523,-36.75659,618.35205,201.50026,133.05899,733.5306,202.91089,7.01962,692.0392,391.33295,151.19432,733.30066,234.11066,26.847075,700.63,411.0171,118.27284,783.93445,262.91843,-34.320107,739.4673,434.70312
image_083.JPG,315.8442,171.32848,-303.38037,341.9535,145.82231,-345.99182,350.0211,145.21144,-346.09964,358.223,144.58531,-346.45715,334.3629,147.08623,-299.96066,334.38516,147.265,-299.83557,334.22266,147.48087,-299.5435,398.51617,160.07416,-435.3281,367.22876,163.02347,-224.27539,340.74356,200.32161,-327.91888,326.2172,201.3615,-266.85013,440.52695,337.0524,-449.76794,359.4841,267.24487,-92.38614,505.2463,609.3811,-474.40112,339.87033,436.99335,76.211296,437.3692,813.84686,-368.0785,288.09265,509.40417,224.94818,436.42868,875.7867,-378.24786,271.70148,534.8073,252.07048,402.74603,859.0242,-382.34497,267.67844,521.65283,243.46606,405.1042,833.8192,-366.08405,280.96994,517.30884,219.59642,243.15471,645.2966,-120.100624,215.18788,576.7209,121.183525,4.342799,662.2026,-87.552124,96.1537,606.263,287.82675,108.38372,738.2188,190.91975,138.66573,748.6275,407.7395,138.49043,746.40546,220.51622,161.09665,768.6613,421.8354,98.26637,775.3198,314.98935,85.75431,805.9314,503.70105
image_084.JPG,190.6178,86.98661,-69.302986,188.62987,76.53287,-31.23062,194.25357,75.44899,-30.945704,200.0544,74.09314,-30.914051,171.52469,80.73114,-54.53467,164.0529,82.61607,-54.94701,156.48198,84.65001,-55.371292,200.98738,87.26806,95.062225,142.73624,103.81774,-0.21644524,205.00204,107.690125,-23.335838,180.87732,114.06359,-51.49179,270.22223,195.24796,136.33047,136.35226,218.06514,-74.09212,305.81232,343.64905,211.0218,137.05614,358.16498,-88.21768,335.85284,465.3467,221.62419,144.88396,500.1671,-99.00481,346.40277,499.83652,234.26129,134.88177,539.4786,-107.94796,343.94107,501.17642,202.24089,150.6912,545.9769,-124.66352,334.46143,492.2637,207.07605,163.20555,531.8986,-106.50942,382.82724,422.9576,83.69151,304.50183,461.296,-82.424904,546.72833,528.63055,28.23825,447.82724,619.01184,-193.85051,603.0618,598.80286,340.75443,418.957,726.8818,79.30822,600.40967,616.923,371.80096,401.48016,736.20575,110.429695,661.967,624.0269,390.00903,456.28244,797.2794,105.09947
image_085.JPG,228.6444,118.93707,-29.541376,225.73454,107.86317,7.470625,230.74661,106.71804,7.754383,235.9407,105.318726,7.690526,210.04028,112.62478,-15.275108,203.10902,114.678185,-15.524974,196.07188,116.86162,-15.77446,235.73903,119.75943,129.87305,183.07947,136.64243,34.95435,242.29482,140.18999,14.430189,220.17754,146.84422,-14.372895,303.40317,233.765,170.19362,173.32645,254.0129,-38.83771,338.2399,386.31003,220.36006,181.47122,396.09885,-61.849506,367.43677,512.95416,187.36284,187.4697,542.1878,-78.78961,378.12622,548.20013,197.47949,176.00307,584.47076,-92.01159,376.33502,548.70966,163.52943,193.97751,590.6367,-103.12048,366.0714,538.86035,172.42068,204.56055,575.1906,-83.3497,406.84985,458.58414,76.843994,323.87396,492.8778,-75.81121,615.3212,561.6316,-26.676716,460.60477,588.8955,-296.09387,660.4823,595.80817,231.96742,440.20193,622.1033,7.182004,658.35156,608.78625,260.06128,427.40897,613.71814,42.083775,720.457,608.7754,295.68747,475.76373,685.93866,66.02372
image_086.JPG,223.20012,113.74734,-53.375862,223.69522,101.83814,-18.503603,229.52992,100.75787,-18.259342,235.53706,99.43188,-18.27417,206.6049,105.81078,-37.00745,199.36536,107.47005,-37.2138,192.01808,109.26779,-37.42599,238.89716,110.85114,97.85882,180.62393,125.71329,23.194382,238.02803,132.90294,-11.070134,214.11087,138.68079,-33.760807,302.3976,215.37666,138.54575,174.4646,235.85318,-56.450302,334.51044,362.6173,197.40375,181.4998,381.29755,-92.84481,365.6351,476.54535,199.70436,191.7971,525.1479,-74.03635,374.41925,507.3814,215.32874,181.07469,562.50604,-76.945435,374.76624,505.85233,186.54535,197.2992,569.54956,-86.60331,365.1653,497.70712,187.51125,209.71718,554.50446,-78.57704,405.33072,433.95996,67.717384,326.19122,468.0012,-66.60215,576.468,548.04144,14.441495,447.59085,612.3579,-151.28467,621.7381,595.0322,292.33337,396.44742,696.5231,105.41924,619.9287,608.42267,320.3783,380.1622,697.7735,132.82454,672.5342,616.5526,341.14722,420.401,770.32996,139.0286
image_087.JPG,435.6916,172.81267,-225.21133,463.12177,156.67659,-228.70581,474.09915,159.06996,-228.75864,485.32358,161.44008,-229.04031,439.35065,151.97765,-190.22893,431.59705,150.06088,-190.60979,423.7482,148.26788,-190.79068,514.2356,184.96443,-179.84956,433.6437,164.95259,-1.5367019,458.1428,206.23611,-203.66124,424.50092,197.9796,-152.33759,551.55695,342.94565,-178.86763,385.89236,292.50082,75.97958,546.7575,538.3823,-178.49924,329.64493,475.65076,90.538895,550.86743,706.4014,-202.29372,261.1368,595.07446,-6.0408926,570.32513,752.7291,-229.22894,238.29272,629.1724,-22.94256,549.6828,750.01666,-263.16306,245.39647,627.3796,-59.89127,532.9304,735.3987,-218.75809,262.01193,621.48865,-25.23914,336.97806,642.2237,-92.04236,255.43556,585.1028,93.354576,117.34572,718.7197,-107.87356,5.6677847,645.8903,102.346245,-48.138218,729.00146,142.16289,-79.93525,747.35974,228.48428,-55.618122,737.73047,173.42892,-80.81426,765.5514,240.33884,-140.87444,721.5321,143.90712,-143.96075,782.302,179.92075
image_088.JPG,318.99567,171.85634,-286.82193,353.62885,156.39517,-328.98483,361.9993,158.54912,-329.1855,370.53726,160.81392,-329.68744,343.29156,154.20268,-269.39468,342.30157,154.02138,-269.5873,341.08673,153.87196,-269.45743,406.89725,190.79004,-410.28946,368.13483,178.74493,-138.431,335.146,208.33488,-306.794,318.38602,203.18979,-228.83469,416.30136,384.07535,-427.33112,314.02542,299.40695,-28.236654,374.35553,632.55817,-439.4407,248.41742,507.43427,37.790325,311.13458,830.3265,-396.48993,179.1416,636.95123,16.743673,309.12735,885.80994,-424.6241,162.33728,671.98596,10.285869,292.62723,880.1516,-445.0347,159.5455,665.4545,-20.248312,290.54764,856.9465,-405.7855,171.92027,658.84094,-2.8479633,176.32137,663.05743,-124.09621,130.65825,594.1041,125.94172,14.513736,771.11285,71.05572,-2.019921,709.3902,371.87506,-66.1815,889.0984,427.60715,-81.58989,848.0879,679.54987,-67.2759,921.88007,459.19113,-81.84163,881.5504,707.39856,-132.26892,887.133,383.11523,-159.35854,863.90607,653.66626
image_089.JPG,356.0119,84.545784,-329.24567,369.69913,56.921696,-310.12927,380.83566,56.885403,-310.1757,392.2362,56.718452,-310.44937,339.3439,57.257874,-308.98108,327.55502,57.252552,-309.05063,315.73032,57.38439,-309.04883,406.25388,72.80897,-182.4983,301.72916,73.57714,-171.36415,378.0857,115.13179,-277.88815,334.96854,115.12251,-274.87668,488.7049,232.60695,-154.89615,234.42677,239.51692,-137.66109,553.1536,433.4749,-136.9386,208.11624,453.44382,-160.11263,630.9289,609.60657,-192.29924,178.67795,637.8891,-207.54808,661.7332,658.8511,-197.06496,155.85486,692.35455,-207.431,649.2281,667.05444,-240.2467,169.5888,702.6338,-270.04382,626.0753,649.99365,-208.61522,192.62433,683.57574,-233.85284,461.17072,602.9051,-12.336926,311.77933,606.2984,14.599567,468.12344,858.5097,-25.724073,308.90112,853.3191,-10.252872,456.95377,1043.2081,248.31985,309.3478,1055.6571,272.5448,456.60452,1066.1644,267.80618,307.44135,1082.213,284.97028,449.42764,1119.9435,158.01501,324.84714,1134.1442,144.20427
image_090.JPG,389.86072,147.39781,-314.1624,404.19827,114.638794,-307.866,415.6672,113.99135,-307.9219,427.39188,113.19497,-308.16776,373.33026,114.78634,-303.75977,361.3535,114.02063,-303.83337,349.35284,113.37716,-303.80844,442.76233,119.6636,-188.5171,335.28247,119.47578,-163.82422,412.12903,171.29404,-260.49094,369.62802,171.01831,-253.55894,522.1371,249.57433,-141.76051,269.1323,260.48547,-112.90562,584.6754,446.049,-131.55637,240.2369,477.0114,-138.61826,671.3979,624.8613,-174.30792,191.76741,661.21234,-186.5332,706.02374,672.3548,-167.03082,163.50897,712.68304,-175.0562,696.7745,680.9298,-214.30089,170.08531,722.4051,-242.79292,671.76624,666.2731,-192.18379,195.98686,706.7903,-214.68205,490.34692,631.8327,-15.273306,343.62115,635.4654,17.533237,503.58984,887.9875,-44.29413,339.92538,879.6057,-13.926746,491.57047,1075.6178,219.80515,342.5101,1081.9847,239.13768,490.60934,1099.2981,239.17596,341.2793,1109.5529,250.03346,485.55035,1153.7544,135.06783,355.23877,1159.3715,112.94555
image_091.JPG,325.50183,121.6794,-371.55652,340.02255,92.89138,-358.6603,351.12827,92.576126,-358.7103,362.48502,92.13321,-358.92538,310.1672,93.365814,-354.89334,298.7977,93.12023,-354.92972,287.37048,93.00194,-354.92938,378.167,103.88304,-231.60445,274.57642,104.45289,-207.93922,347.6932,148.12173,-317.08444,305.9834,148.31871,-310.42654,461.92358,241.84062,-192.45224,209.10437,251.76453,-156.89995,524.8797,431.9995,-174.7721,181.46523,450.3604,-170.2295,581.3129,619.40564,-232.16702,152.83078,627.0363,-225.8529,607.15234,671.9628,-247.29735,130.15611,678.70636,-235.0031,588.47125,679.8423,-290.51407,144.02496,689.82135,-297.2537,567.8821,661.5307,-248.56503,167.23515,672.8182,-251.67525,429.50195,598.729,-17.002289,283.3115,603.06445,19.193113,441.92517,847.8152,-62.719715,281.6946,837.2724,-23.149197,434.92175,1021.2879,247.31914,281.6607,1028.4788,298.4051,436.63577,1042.6772,271.24677,279.9182,1053.5988,317.06226,422.4066,1092.5297,161.7786,298.4155,1102.536,183.79102
image_092.JPG,407.791,127.82106,-301.0815,398.00116,110.030945,-275.5638,402.23993,108.95477,-275.65094,406.74722,107.79047,-275.67834,383.28973,114.64023,-306.09152,375.14755,116.73324,-306.15164,367.10327,118.92287,-306.2884,396.0559,122.08571,-159.26907,342.91998,138.5054,-287.15292,414.84998,149.04634,-256.82684,391.3653,154.7945,-294.0541,429.4886,242.91327,-65.46624,304.5829,267.07288,-345.81696,448.52377,390.08453,0.3305641,318.47202,439.41534,-361.95065,504.23148,509.67255,-19.191418,356.70676,593.53815,-339.8658,519.03613,538.38965,-13.9833145,351.2966,638.3089,-377.3788,523.2696,544.61194,-59.284172,376.76193,637.1504,-385.26462,510.68124,537.4786,-37.929146,382.24515,619.2119,-343.83237,419.61334,497.17532,88.12286,357.61493,519.91675,-87.17679,456.21094,629.573,185.41272,432.52472,699.36456,-60.460014,401.0255,730.3032,405.0097,393.68088,783.5036,161.17973,381.5796,742.53864,424.30847,372.4429,790.89276,181.35764,428.06326,777.7973,439.57153,422.59338,831.64355,185.72868
image_093.JPG,191.4696,161.56248,-349.83472,198.44464,149.21498,-327.73978,204.47395,149.0376,-327.75198,210.65614,148.75668,-327.72333,182.40312,149.80379,-328.24512,176.18031,149.89256,-328.18427,169.91698,150.08919,-328.1262,219.23158,157.57333,-208.73338,163.34021,159.3752,-200.14479,204.19452,176.2089,-305.25827,181.50313,176.82642,-303.06357,264.71426,242.79211,-137.48097,128.38277,240.67426,-137.33307,277.32275,347.83484,-77.05261,115.66412,347.04263,-101.02775,300.89575,442.3342,-160.17278,98.93666,440.42847,-205.18265,310.77524,468.16046,-177.05173,91.32473,467.4446,-221.80956,310.68906,472.14044,-221.37021,94.241844,472.01175,-273.71616,300.78873,464.26788,-179.12099,107.49919,462.32062,-227.8238,245.41377,439.20715,-3.3556905,163.87875,439.12265,4.0878778,255.92192,595.40485,-42.605877,150.12321,577.83673,17.462234,242.0387,646.61523,284.6176,152.0003,644.9728,392.64206,237.21506,647.329,313.91034,159.16368,652.20685,426.82596,240.46936,693.9919,257.31888,130.78516,691.853,364.19287
image_094.JPG,219.68587,155.61295,-670.53925,250.1975,128.75339,-658.135,265.10678,129.28899,-658.2019,280.19644,129.80978,-658.853,218.6536,126.97441,-612.27966,207.47952,126.26664,-612.34045,196.22206,125.77538,-612.4158,313.63077,153.45554,-521.9172,210.03227,145.26306,-321.6412,252.9708,190.68869,-614.5108,204.20236,187.71402,-557.90826,328.2828,351.00803,-616.5349,263.3252,305.5628,11.369198,351.57126,610.0615,-636.81635,284.4171,537.58234,65.34745,321.721,813.55994,-616.0033,268.05164,672.905,-73.39572,326.8726,869.586,-677.11865,267.28568,709.85895,-81.31055,312.4114,867.0558,-678.67664,251.4942,711.2436,-144.23575,313.34216,847.6916,-614.2249,258.57236,701.4715,-107.77997,328.0511,711.18164,-189.14816,294.1854,680.58167,190.46475,337.0385,904.0228,51.55735,278.37573,865.0186,508.72488,379.79462,1082.083,440.79315,307.37384,1038.2896,791.2336,408.36038,1122.6548,470.96732,322.73373,1070.861,811.88025,314.62344,1110.1525,349.7622,251.13614,1082.5879,740.8186
image_095.JPG,331.71924,160.57211,-646.56274,362.58823,131.36337,-641.5942,377.13617,132.09886,-641.6911,391.8404,132.85216,-642.3499,332.31567,128.8992,-593.09735,321.91028,127.83137,-593.1425,311.30646,126.94775,-593.3152,427.6008,154.25114,-524.41956,327.52612,143.36331,-315.83118,366.3209,194.08238,-595.81213,319.07098,190.28741,-536.08624,466.83273,350.3956,-596.9338,361.3711,300.32358,-3.9416864,513.28094,612.76227,-624.50934,374.07483,515.5578,169.0027,464.0065,806.8423,-604.2156,340.02142,606.4019,97.92556,463.43094,862.80884,-659.2431,335.08533,630.94305,76.57668,447.37924,850.55145,-672.06885,315.79245,626.62177,17.612684,450.5313,829.0031,-606.9266,325.9118,622.16876,64.37652,447.96652,720.2155,-177.89684,394.37366,685.11945,178.84735,438.87326,917.1451,146.14551,394.973,880.6299,503.10617,469.7419,1091.1539,573.24225,435.39227,1052.7952,871.1696,499.50308,1130.515,605.5939,451.91025,1082.9557,899.13477,396.82324,1125.0579,445.46393,383.9135,1106.055,787.20087
image_096.JPG,314.73047,143.77014,-190.98833,337.46927,119.80834,-224.5378,343.85217,119.034035,-225.02528,350.37057,118.278465,-225.68779,331.9403,122.19835,-170.7983,332.94058,123.19384,-170.9823,333.77353,124.317825,-170.97899,390.05676,138.3785,-295.92654,367.83798,144.48566,-51.41125,337.58347,177.11565,-211.50728,326.5357,179.8774,-141.60495,448.677,334.8171,-381.26764,402.6893,320.0049,120.294426,464.79013,587.8728,-374.717,414.05127,535.02606,176.9644,303.1329,653.4433,-287.91022,320.2415,623.64343,33.867554,259.14603,680.98035,-326.4056,298.8138,650.6819,15.594847,258.23856,639.5076,-326.22623,284.34415,630.88666,-18.41175,278.84186,625.7065,-287.2487,292.59528,619.854,10.057063,438.91678,704.1842,-157.63956,403.01935,669.5516,159.1323,255.19356,808.6823,-88.214676,293.1876,803.51215,351.9559,282.33157,970.10626,236.32758,268.4302,981.3394,482.8432,308.6407,998.69806,269.78973,276.8043,1017.47266,494.7475,221.54071,989.12103,291.39392,205.39748,1007.67224,480.13803
image_097.JPG,143.58533,185.0955,-133.87607,152.17717,166.33813,-169.69086,154.61574,166.41805,-169.6694,157.2163,166.5311,-169.79468,152.77885,164.76201,-131.9843,154.28055,164.01135,-131.82285,155.89233,163.36281,-131.60895,179.09799,179.24539,-262.52426,179.39442,173.02235,-91.70694,158.19322,207.67871,-157.62523,154.37437,206.33311,-108.55835,179.29068,312.18533,-296.72693,268.51495,270.51138,-23.65614,191.14188,497.45697,-284.1487,318.90292,420.3934,46.762856,176.36946,613.49817,-185.20642,307.8442,487.02975,137.37354,174.29088,648.86975,-197.32175,314.20837,504.69394,143.84398,173.40555,642.346,-196.9374,301.00818,503.7762,131.75305,179.65585,630.85114,-179.80318,296.4808,502.0197,132.13425,246.498,575.1045,-83.237175,296.48944,544.75934,84.7637,252.89531,734.8314,118.35175,317.81644,691.0531,292.4149,283.05487,881.1806,372.535,348.4396,833.0221,533.9619,298.39615,908.881,395.10687,360.09875,858.1058,555.9925,246.88051,894.907,384.4743,327.76456,851.6454,546.79285
image_098.JPG,168.06516,194.82217,-191.75,183.17642,177.83614,-224.24165,187.10938,177.35942,-224.4483,191.16649,176.84428,-224.63283,180.78998,178.83916,-182.50446,181.06953,179.15097,-182.4789,181.20396,179.5506,-182.23247,216.05081,187.51344,-292.07513,202.81786,188.61472,-105.86033,183.46783,213.3389,-208.83916,176.00377,214.0869,-154.86653,259.17105,293.20868,-358.7846,221.43579,279.21317,8.568802,225.45015,440.79523,-360.17117,212.9608,395.1505,79.34812,133.69986,518.17255,-317.55853,158.27803,457.14938,44.15099,114.39898,548.1722,-347.92413,148.22365,478.22162,41.99974,104.77698,535.8014,-347.7575,139.57852,471.62283,7.967248,115.096405,524.34875,-314.27798,145.95898,465.67758,26.223545,252.31029,509.28116,-115.09609,232.10422,490.6658,115.99636,263.1236,656.116,5.120468,243.38068,633.88275,233.77942,282.54684,772.0784,206.26205,268.621,742.10767,428.39108,300.5359,790.93225,222.72993,284.0861,761.3921,443.92365,227.35828,809.29315,150.26819,210.74684,775.62335,402.40018
image_099.JPG,275.71225,106.632225,-283.7538,292.2294,85.35147,-259.85715,302.06412,86.39155,-259.90274,312.12042,87.32673,-260.05325,266.03287,83.037796,-260.7179,256.2275,82.06255,-260.90356,246.36636,81.19877,-261.189,325.8295,103.853935,-130.81496,235.83272,94.63589,-122.23808,293.0157,135.1892,-233.82454,256.29276,131.90703,-231.44827,382.66428,249.14648,-81.15443,170.76035,239.54686,-120.55304,406.86536,423.76257,-63.40292,149.23297,431.53012,-148.82222,431.73862,576.7257,-119.2851,119.00017,583.7889,-168.16544,448.42456,621.817,-127.738014,100.63279,626.1744,-162.49489,438.40146,625.39355,-174.45311,105.83735,634.3134,-220.45369,422.9771,609.27893,-139.45625,125.829414,622.73975,-191.54405,338.48773,582.0529,0.7382954,212.87709,578.10815,1.1191783,347.9944,788.23004,-36.407204,212.51924,784.40137,-14.804172,349.04782,968.40924,225.69676,215.44603,968.2206,290.87497,349.7852,990.3444,242.83301,212.47775,992.8957,309.61362,336.8868,1033.3712,111.461815,230.05914,1031.6614,170.71222
image_100.JPG,400.9305,105.41351,-308.01352,414.67538,86.94244,-272.2163,424.08884,87.60495,-272.14206,433.71732,88.174355,-272.2046,388.22064,86.19721,-277.83228,378.51117,86.03903,-277.97858,368.7372,85.99184,-278.19397,445.63727,105.136154,-106.535095,357.32013,101.811714,-119.504234,418.34335,134.03717,-245.31119,382.40884,132.75911,-249.41487,502.80276,254.4731,-23.5841,296.5669,248.46765,-111.34016,529.46674,430.50385,17.332397,265.32233,435.94864,-133.82245,563.00446,575.8437,-99.93749,242.80006,589.25665,-196.96465,580.8947,619.22675,-122.04363,226.06999,635.342,-209.12654,574.9972,621.60876,-176.1494,238.52283,642.5525,-265.8339,560.27026,606.6636,-125.35941,256.87283,627.08435,-220.91145,467.21786,587.61554,17.336609,335.761,585.6601,-15.347335,473.8895,812.3362,-106.24668,339.4454,807.33765,-83.117294,476.55325,1018.2006,186.08235,350.4478,1011.9465,241.53336,477.91293,1047.2622,204.39072,347.49652,1041.1133,260.9046,460.4797,1082.9655,34.321175,372.32617,1078.9413,82.53275
