image_001.JPG,520.43445,65.725876,-183.52408,532.15826,56.30718,-168.7809,537.31085,56.317154,-168.86957,542.6395,56.241035,-169.06602,519.7072,56.738438,-152.46912,516.1717,56.857708,-152.34999,512.62317,57.10814,-152.12408,556.687,66.01797,-73.44597,518.31885,64.99751,12.6693325,533.64,80.59045,-148.68332,517.326,80.65255,-124.59076,600.5998,141.82712,-84.8743,498.18967,159.54985,170.56755,640.675,224.17929,-281.46393,467.5138,238.45564,219.9216,676.4437,197.32193,-610.5629,396.90854,231.657,95.549355,694.7409,186.19518,-677.1396,383.77612,229.34068,110.02725,691.5183,178.72162,-691.0006,365.23218,221.82738,55.229977,681.40405,183.05498,-623.464,373.96835,225.49309,71.06857,576.1863,316.6602,-103.67809,520.5499,324.7178,103.861664,550.6307,463.5768,-177.84207,516.51404,467.751,86.16502,583.4629,578.8139,-19.131311,567.19086,576.9142,253.18924,598.2351,593.6048,-10.282854,583.7588,591.65094,265.51324,548.1848,619.4827,-129.53825,539.53485,617.0035,188.09622
image_002.JPG,485.89236,77.79795,-151.62723,496.31537,67.217766,-147.8513,500.71213,66.76487,-147.9401,505.294,66.23912,-148.13098,487.26855,68.14506,-125.436554,485.10037,68.26493,-125.36241,482.89563,68.50738,-125.13267,520.3871,72.55448,-88.546486,491.7295,73.31741,26.120008,498.27853,89.79648,-129.39102,486.14328,90.66549,-96.583275,564.9087,136.05745,-119.70751,474.83347,160.0624,167.0433,604.3128,200.19241,-340.68723,447.42056,233.55026,232.38174,624.3363,189.88467,-688.22644,377.61255,212.24396,138.27524,639.16547,186.87608,-759.9456,366.24496,206.45732,158.00151,631.93884,180.54407,-772.0839,347.9144,197.7207,107.57784,624.8024,182.8372,-700.95483,356.13138,201.77524,116.03429,542.569,309.50006,-110.512794,493.9555,317.36032,110.82739,515.6047,445.92548,-180.88977,491.67645,449.0769,94.48195,549.0407,557.0423,-70.562996,540.6331,552.6385,219.67992,564.1316,571.07825,-67.38209,557.04755,567.04175,228.11421,514.90137,598.59796,-184.7533,512.61847,590.9677,154.74115
image_003.JPG,530.8777,58.8998,-222.92615,540.4463,47.650085,-209.75854,545.561,47.212517,-209.84251,550.8836,46.709583,-210.04144,527.6241,49.180897,-195.21983,523.62305,49.659786,-195.0293,519.5918,50.25755,-194.74998,563.6539,56.027493,-108.556114,522.8119,58.858784,-27.18267,544.46216,72.612915,-184.24835,526.98364,74.0781,-161.46797,607.0596,129.7963,-106.01508,507.34512,148.12112,149.0365,646.9813,212.74615,-232.36026,484.41693,225.63423,216.84485,682.1347,225.26765,-546.1509,421.99506,226.12692,56.592106,697.60626,233.47092,-610.4451,408.14185,228.72455,54.22182,689.32117,221.14459,-639.94476,393.19022,219.78748,-1.7307696,681.50104,219.32402,-563.3805,401.3447,221.49895,29.763634,583.998,302.6916,-93.83805,528.045,309.1475,94.05067,582.8798,446.12943,-160.84631,544.78296,448.22476,98.648415,600.9765,566.5131,-10.630186,577.4965,561.52155,262.89264,612.2264,580.5808,-4.2217546,590.4828,578.06696,272.02618,573.91437,613.22015,-135.33504,554.07806,603.416,168.80728
image_004.JPG,422.56476,174.3156,-323.82178,428.4835,166.22876,-299.7146,432.31497,166.38348,-299.73514,436.25955,166.47342,-299.67313,416.43112,166.01668,-301.09882,412.37424,165.91104,-300.96115,408.2959,165.87154,-300.93146,441.2596,173.8708,-159.00378,403.30228,172.99704,-158.43187,429.9377,186.36664,-272.45508,414.93024,186.00134,-272.55264,466.52402,240.93814,-55.16685,376.44205,241.16994,-55.333046,480.4076,310.57693,-98.68102,355.77023,313.4075,-53.7824,515.8409,345.20892,-373.39688,314.04712,348.3288,-247.33185,529.7222,355.0025,-424.27167,300.3559,357.67422,-281.54285,532.5555,351.37097,-468.5237,294.30823,353.40256,-327.26825,525.33856,348.20502,-400.4701,302.75766,351.23114,-271.57608,452.87582,378.68564,-5.930504,398.16428,379.3633,6.2333097,450.67203,495.9254,-48.969513,403.03,492.68887,-9.949893,444.63068,591.8837,137.17978,406.9903,589.9011,187.06027,440.57703,602.0042,144.65836,410.84222,602.29297,196.24553,442.14114,632.1439,-5.6309595,400.58545,625.58777,43.818054
image_005.JPG,411.28094,172.53638,-314.19278,416.9309,164.96043,-289.2623,420.72626,165.11995,-289.26352,424.6372,165.20775,-289.19913,405.28223,164.80725,-291.73883,401.29865,164.73946,-291.5743,397.2815,164.74612,-291.58572,429.5856,172.74065,-146.26344,392.48093,172.0738,-151.49475,418.6485,184.41031,-261.99246,403.92636,184.1163,-263.69583,453.13025,238.44275,-33.398373,366.59875,237.33704,-59.15214,468.0232,307.40717,-64.85452,348.082,311.15405,-62.74909,504.23587,339.84796,-323.7588,309.78482,343.4233,-253.5243,518.94275,349.97693,-370.0184,296.11148,352.38086,-291.13797,520.6576,346.2744,-415.13556,291.9727,348.3088,-332.63574,512.7697,343.42697,-350.11374,300.87012,346.23175,-275.7286,439.0336,373.7414,5.8011627,385.79285,374.13785,-5.4600716,430.78156,486.01312,-20.730066,395.02243,484.55447,-3.0188293,420.28497,583.4509,163.44583,398.82498,579.7731,212.6121,415.76172,594.179,171.15158,401.36694,591.89514,223.59258,417.85025,622.122,19.159897,396.59903,613.8858,70.87485
image_006.JPG,412.65515,159.8505,-320.18137,419.66034,151.99911,-295.61295,423.66406,152.33907,-295.61954,427.78006,152.61891,-295.57938,407.50555,151.30084,-295.81348,403.54657,151.04486,-295.68436,399.5702,150.8575,-295.69327,434.22784,160.43407,-149.95834,395.9796,157.82234,-145.18265,420.64355,172.26451,-267.10464,405.55188,171.30089,-266.0003,458.60464,228.577,-32.433685,370.44507,227.48036,-40.88833,470.80954,302.34015,-76.344154,353.80438,306.32123,-56.063766,506.0697,336.94983,-370.28186,312.50098,337.1276,-290.74454,520.81635,348.21384,-422.8379,297.6964,345.80038,-337.26974,523.76355,344.1825,-467.9975,293.73825,339.6355,-377.78217,515.8315,340.61996,-398.3658,302.34586,337.4539,-314.31122,441.0188,367.67694,-5.3891263,386.73914,368.52695,5.6761246,438.8973,484.48154,-61.780197,394.37976,485.33093,-16.109814,428.77725,589.0777,116.46174,399.0444,584.7002,190.55705,425.3803,599.7186,123.46005,401.9004,596.5626,200.2738,422.62463,630.30084,-30.792507,397.84164,621.34155,44.342125
image_007.JPG,418.94882,170.1786,-326.24585,424.99664,162.01225,-301.38193,428.90463,162.086,-301.39374,432.9418,162.08667,-301.3156,412.8223,161.97795,-303.24338,408.72928,161.90135,-303.0683,404.61462,161.90714,-303.02628,438.23264,168.95981,-158.1386,399.79858,168.64064,-158.72885,426.5378,181.89037,-273.79034,411.5999,181.73174,-274.1971,464.79156,234.24478,-41.94955,371.88525,235.3361,-68.939285,480.4532,300.28113,-48.093723,354.64243,307.7639,-43.237328,512.42865,342.41672,-309.039,320.6299,354.0695,-207.93622,524.94385,354.90228,-360.14185,309.29358,366.79495,-241.73405,525.43274,351.68573,-408.70276,306.50714,365.81116,-291.85614,518.5133,348.02518,-337.21094,316.0094,361.88486,-232.43994,451.55704,372.03864,5.248163,395.15326,373.15775,-4.9630084,446.63196,491.789,-31.49439,404.26306,485.68848,-11.251864,436.2212,586.17975,168.29936,408.00916,580.24524,209.18716,430.85822,596.3325,177.45421,410.58865,592.0783,221.48805,435.35135,629.02765,23.580114,408.41806,619.14575,65.42232
image_008.JPG,414.805,171.20456,-267.27457,420.50726,163.44186,-241.88306,424.34918,163.66872,-241.89424,428.31256,163.86324,-241.79749,408.35825,163.01802,-244.18219,404.14688,162.83841,-244.0636,399.92874,162.7353,-244.11385,432.4581,171.32559,-108.234024,393.83084,169.92989,-110.884476,421.59955,183.59389,-218.29816,406.49203,183.01373,-219.47426,454.2445,236.93631,-21.231146,367.3929,236.5463,-29.812996,470.50394,302.5232,-37.05983,350.82178,309.75433,-28.938934,499.82162,352.43137,-252.95828,320.08493,358.66364,-180.22246,511.53534,366.8939,-293.30426,307.5208,371.37042,-211.72581,512.743,363.97952,-337.04538,306.89603,368.08096,-250.94554,506.69516,359.97763,-278.51788,314.40826,364.63956,-201.25761,439.57324,370.77872,-15.7105,386.38876,371.0798,16.173592,433.2391,470.48813,-191.46565,390.47525,481.49042,-38.67132,423.58563,583.12384,-62.54508,393.45197,580.5191,107.228485,421.17578,595.3917,-59.755344,395.34732,592.068,111.0769,413.92514,623.54803,-214.5695,397.37204,619.051,-31.377924
image_009.JPG,387.81604,172.22371,-271.84464,394.1842,165.92767,-246.58539,397.95352,166.09152,-246.69965,401.84863,166.20822,-246.70154,382.3917,165.97278,-245.21936,378.64474,166.05429,-245.09377,374.87515,166.20586,-245.04768,407.77295,174.16953,-117.81449,371.6001,173.92229,-102.773056,395.8988,184.14825,-226.00049,381.5361,184.00104,-222.07759,434.29965,242.11049,-36.76672,345.67834,242.48137,-12.097459,447.5766,317.0675,-51.770992,327.4234,315.91132,18.024553,482.82437,355.1159,-268.7193,292.97476,353.8611,-136.94563,495.2162,364.0402,-310.46243,282.35852,363.98483,-161.51205,498.99496,360.7598,-353.0598,277.02716,360.14246,-206.94322,491.7824,357.48083,-293.44095,284.9103,356.52365,-160.6197,417.94266,376.82587,-17.694565,364.25638,378.07642,17.980265,413.65378,492.27982,-66.3796,372.55307,492.99896,-5.802987,405.31824,593.151,91.67565,387.35532,588.1059,182.96019,403.6074,604.13654,96.731964,394.12338,599.6174,192.9677,396.75854,632.54706,-55.05322,379.7413,624.4369,53.08213
image_010.JPG,401.96277,179.61327,-282.33768,408.67325,173.19533,-259.10492,412.3909,173.39774,-259.1768,416.2285,173.54837,-259.1938,397.35593,173.1548,-256.39026,393.83423,173.19853,-256.2704,390.28162,173.31046,-256.27185,423.2151,181.47507,-132.0535,388.16568,180.84836,-114.07769,410.30115,191.39017,-236.89594,396.3749,191.18773,-231.97803,449.19696,249.18198,-42.12529,364.02347,247.34285,-23.829739,462.83215,322.1715,-72.09136,340.69547,318.80698,-20.576492,496.64392,357.94107,-296.9128,301.6238,351.08264,-207.29837,509.94244,367.7942,-337.09616,287.6558,360.26532,-241.78662,513.28986,364.8554,-378.41977,285.0595,354.88675,-280.04028,505.72733,361.2614,-320.70776,292.71518,352.0819,-229.42513,428.45663,387.3969,-10.974361,375.88776,385.9147,11.291001,430.51196,500.18832,-50.830387,384.68283,498.93823,-8.31441,417.4821,595.28345,137.21602,396.6915,596.0566,184.85385,411.84183,605.61615,145.66002,401.98108,608.1614,193.95805,418.30222,634.5592,-0.6398396,391.81635,631.42773,45.48792
image_011.JPG,390.10907,176.51636,-273.00696,395.5917,169.74355,-249.67839,399.12405,169.66693,-249.75082,402.77496,169.5308,-249.746,384.32614,170.33368,-247.4934,380.7888,170.60509,-247.358,377.2269,170.93915,-247.36597,409.17877,176.21884,-118.26626,374.56448,177.81375,-101.31078,398.41376,187.39555,-225.45735,385.0473,188.02779,-221.07683,438.74225,243.1116,-19.005232,348.62708,241.12578,-4.191667,450.87033,317.22113,-55.718266,326.3587,311.12012,-10.117859,485.51602,344.93747,-324.4823,286.37524,349.00424,-222.18803,498.2119,352.9386,-377.23563,272.96448,359.70795,-260.33566,502.1797,347.65027,-419.91272,269.13983,355.05887,-302.0614,494.73608,344.32864,-349.98697,277.38364,351.5719,-245.25844,414.51773,377.02948,-16.638851,359.88156,375.52155,17.0252,407.13205,497.33133,-74.41368,369.4288,494.03806,-16.11067,400.48364,599.14166,94.90975,381.06494,595.5984,185.8342,398.46,610.6211,100.66739,387.00076,608.66516,194.91884,395.22736,636.35077,-55.621216,373.93436,630.7878,43.08126
image_012.JPG,404.60687,164.8535,-235.58855,411.04523,157.87033,-211.19777,414.80817,157.92476,-211.27113,418.70258,157.92598,-211.28648,399.5005,158.1833,-209.36774,395.8342,158.33777,-209.23192,392.13428,158.56792,-209.18219,425.39203,165.91266,-83.367424,389.63028,166.38745,-67.898895,413.22928,176.50517,-190.12189,398.8373,176.71986,-186.08707,452.0283,234.18085,-0.37002078,365.33755,233.88452,15.861714,466.7101,307.0154,-40.32646,343.098,303.38812,31.840464,505.3804,336.67627,-281.11285,305.95163,340.30115,-130.65915,519.1142,344.3682,-322.93356,293.94217,350.45593,-154.37201,523.596,340.03918,-364.2432,288.0802,346.75723,-197.16525,515.7817,337.09506,-305.2858,295.84726,343.67612,-153.13231,434.57715,372.04214,-6.6125445,381.006,371.45343,6.925435,432.12674,491.0933,-49.170998,388.98114,488.17627,-11.71168,423.69016,588.3448,131.87073,398.46555,584.94196,189.56339,419.2303,598.9055,139.833,403.3324,596.6143,200.30261,424.03427,627.0337,-5.8764877,393.5306,621.0653,59.74977
image_014.JPG,506.0136,180.99156,-372.6782,511.39484,171.6208,-355.39606,515.01184,171.41685,-355.35327,518.71924,171.12769,-355.28983,500.76852,171.85161,-354.83295,497.14325,171.67274,-354.6285,493.5082,171.56418,-354.57825,524.6667,174.23166,-219.33667,489.9822,174.5107,-212.1556,513.4072,188.93436,-320.88293,500.2778,189.01312,-318.93704,549.8543,226.73682,-83.95102,466.5107,223.93155,-93.96394,567.43115,291.5746,-91.016304,450.1274,291.62057,-94.8166,605.8587,318.20044,-349.53403,411.9073,322.36478,-312.90695,620.9764,325.503,-397.0997,399.2661,329.68295,-351.70126,622.99426,321.56955,-442.82986,394.03357,326.47037,-393.6274,614.7542,319.5719,-373.84854,403.1783,325.1041,-334.64664,532.0963,348.04422,4.8193636,482.19235,346.37726,-4.530637,521.35986,462.0976,-34.514774,494.47632,451.11334,-33.335556,520.5957,553.05914,148.97836,502.94138,541.1687,187.79564,518.3087,562.92255,157.3961,504.83545,552.424,200.36447,517.2147,587.58295,2.6781363,505.10507,572.869,52.516735
image_019.JPG,147.12274,124.2941,1.0608989,155.64717,114.71445,-20.648582,157.90443,114.12588,-20.691168,160.25992,113.44714,-20.713703,154.47008,115.62673,15.136225,155.34326,115.73902,15.141093,156.21318,115.94488,15.111284,176.35258,117.98747,-74.426605,170.65901,120.0937,90.57109,155.56078,134.45717,-16.50283,152.87971,135.79128,31.17873,200.34737,173.98079,-155.45763,176.11371,186.24846,184.70671,176.1707,243.81364,-229.94699,162.59364,252.95946,279.40656,101.43013,244.27269,-234.90727,114.00457,273.43463,269.91577,84.50852,247.49216,-256.38846,102.62277,281.03726,283.38538,84.70767,233.64601,-250.14825,96.420784,273.0824,255.0228,91.85664,232.67982,-231.2302,99.59629,269.9447,255.73825,199.94757,325.2132,-106.921005,180.31451,323.09668,107.27306,131.40106,419.00415,-148.84152,113.80134,418.2586,78.69272,200.76027,511.68042,-90.14103,185.19727,492.59512,163.75153,226.3277,517.38654,-84.601074,209.23042,498.13483,169.64859,177.17155,559.8109,-120.53688,164.91043,534.2198,155.36212
image_020.JPG,420.91245,171.59032,-244.14438,427.0834,166.08652,-217.91331,430.40634,166.60555,-217.95135,433.8548,167.0279,-217.90323,415.60266,164.88974,-222.33856,411.91226,164.40744,-222.18568,408.2248,163.99525,-222.19807,437.41562,173.87398,-74.18264,402.10278,169.86923,-93.27181,425.7639,183.54085,-191.54604,412.9889,181.87787,-197.66367,456.9941,237.28847,46.334763,373.96896,229.82217,-18.13045,471.7532,299.4885,82.63677,361.02985,295.82315,-23.487316,500.07425,348.3541,-86.04608,339.43356,346.56003,-194.8709,512.1051,359.90732,-115.746025,327.4006,359.72974,-246.69589,514.0782,361.36972,-165.8461,333.04715,361.144,-281.72778,507.3583,358.64203,-111.64848,341.53412,356.90616,-213.99333,443.62613,356.87085,16.171837,392.22107,356.42725,-15.843319,436.03427,474.98795,-17.31702,396.3594,465.54544,-58.673176,429.00064,570.90076,161.47618,401.92725,565.7509,118.32187,424.47113,580.86847,169.41743,404.1879,576.3669,125.87144,428.25848,607.87683,16.492619,407.78363,602.0228,-37.301533
image_021.JPG,416.9746,192.82355,-225.32333,422.63885,186.04292,-200.88554,426.0695,186.29617,-200.86633,429.614,186.47969,-200.80257,411.4505,185.25098,-205.31604,407.8225,184.88402,-205.14336,404.18967,184.5795,-205.19328,433.7793,192.04247,-58.195374,399.1109,189.67311,-76.39254,422.8058,203.17268,-172.31264,409.7674,202.20865,-178.10149,449.76456,250.68042,70.06811,376.1877,243.68861,-11.212697,460.29208,309.60397,83.20914,361.04135,309.9855,-36.645042,489.99423,348.19452,-148.94164,333.6707,352.49878,-227.18509,502.05313,359.90747,-189.30507,320.03204,364.66742,-273.8369,505.2111,358.19403,-236.85646,323.48462,363.05322,-308.1007,498.89725,354.7423,-175.87035,331.3464,359.43024,-245.05505,439.86664,372.32416,24.55523,392.6139,369.66232,-24.14111,437.01614,486.21808,-10.893166,392.46295,475.1886,-59.695816,419.8683,568.6094,194.25867,391.1171,567.9846,138.40065,412.14816,578.10425,205.56238,390.80484,578.5743,148.45737,426.84998,600.59125,72.91497,400.28052,602.4829,-3.7501624
image_022.JPG,414.1287,193.3624,-208.72266,420.04922,186.09486,-183.34248,423.69046,186.41208,-183.31807,427.42148,186.66266,-183.27737,408.59015,185.21425,-187.5511,404.81827,184.8254,-187.40263,401.02682,184.49216,-187.48766,431.6753,192.77975,-41.514015,396.00894,190.05827,-60.757286,420.33044,204.59244,-156.30455,406.5408,203.4648,-162.4428,448.4681,257.10712,73.1566,372.76163,245.14699,0.6027081,456.2663,321.2707,57.009922,355.8832,310.6812,-67.26629,487.27533,348.00146,-180.19899,333.65402,343.7379,-307.19946,499.3951,356.73434,-218.81636,321.7543,354.48193,-362.23917,502.90848,353.1315,-260.30872,326.9521,351.9079,-388.08008,496.2849,350.05502,-204.46779,334.49472,349.06607,-323.42395,437.12585,375.68945,19.107805,389.3608,372.54712,-18.744148,431.66318,485.68973,-10.10393,395.82724,478.91104,-54.93085,425.2138,579.8116,171.57541,401.79892,573.9828,133.42468,421.1302,591.602,179.47568,404.03717,585.67615,142.35867,424.50967,611.3396,35.515907,405.5318,605.4205,-9.106776
image_023.JPG,616.95605,92.77614,-246.0297,617.30444,82.87048,-221.41177,619.8042,82.93956,-221.29979,622.4689,82.913086,-221.38069,606.979,82.679596,-244.7928,602.6032,82.27439,-244.73541,598.2429,81.96373,-244.73346,616.9079,87.72558,-74.68398,584.7138,87.35629,-178.49048,618.6442,105.065254,-188.66502,605.8309,104.50593,-218.912,623.86444,164.43471,100.79613,541.2273,148.70638,-163.66466,636.3938,239.8414,231.3068,490.78415,222.72818,-146.56154,678.2538,284.14206,74.66526,497.86493,296.15292,-297.0157,690.1677,296.56433,46.970623,490.23172,317.24393,-340.34073,698.22485,293.323,-5.182846,507.68866,314.25586,-366.48007,690.49304,290.2071,47.0668,512.4406,305.57288,-306.70456,605.2549,326.47128,104.28601,559.5689,328.94946,-104.14999,627.5756,463.5417,63.685516,599.777,466.8618,-169.12894,572.0134,545.64526,297.4605,558.7011,554.3838,76.13235,556.01556,552.9792,314.34424,542.0105,559.56665,97.7563,589.1489,592.1918,263.92017,575.57355,609.19574,26.32797
image_033.JPG,209.09296,178.68776,-231.57182,215.54181,169.66562,-215.12514,219.68509,169.28894,-215.09908,223.96402,168.85359,-215.02602,204.08513,170.77322,-209.88089,200.20688,171.06123,-209.83064,196.32532,171.42891,-209.87772,233.42564,174.7991,-110.577324,195.24619,177.47287,-76.69365,219.77649,188.77385,-192.57077,204.53598,189.892,-182.83812,267.11005,229.06462,-60.756374,178.71724,237.91647,23.773409,287.18585,290.77243,-113.97494,156.05722,301.39777,41.20337,301.38672,335.44235,-347.74582,105.960556,337.20615,-105.33102,311.3708,352.49927,-401.07217,90.33225,348.5392,-118.10929,302.67703,347.9746,-433.7105,85.66288,344.26025,-168.08325,297.17746,342.69345,-367.085,94.793365,342.465,-129.36066,245.89262,369.87976,-35.421635,193.93439,369.3943,35.713856,242.36555,480.7528,-68.08819,185.20949,480.6454,-17.87766,245.94572,565.2435,102.35335,219.0561,562.89026,181.85445,247.22511,573.8188,111.14898,233.10065,571.7567,196.27704,238.82361,609.359,7.6692004,197.87357,607.8956,107.435555
image_034.JPG,190.80742,197.79317,-193.0352,197.00133,189.03813,-180.89789,201.00554,188.76126,-180.91344,205.13696,188.4332,-180.93234,186.20924,189.83974,-175.18785,182.47134,189.99,-175.05399,178.73784,190.21478,-174.95554,213.91222,194.1373,-89.38755,177.58109,195.63623,-55.030666,200.84607,207.35495,-157.65001,186.22377,208.06792,-147.89903,243.85928,241.62805,-58.55056,164.51407,253.97803,49.278095,266.39075,295.3538,-115.068054,145.23514,315.83795,61.443645,276.719,336.46613,-327.10574,100.12792,343.327,-84.0137,286.74533,353.3531,-375.9505,85.51239,352.47357,-97.63808,275.11475,348.2701,-400.20447,81.46501,347.83994,-141.62212,270.38315,343.74066,-341.6437,89.79976,346.9004,-106.021034,225.42354,382.05566,-40.925804,177.20306,383.49072,41.159332,220.76125,492.9606,-86.31919,163.18028,487.75305,-12.743383,233.19797,592.4528,-2.0725272,201.78731,573.6785,114.319855,237.17563,605.9789,-1.3650062,215.05055,582.1429,121.26986,229.10005,627.7228,-109.4644,190.1025,614.29926,38.830757
image_035.JPG,183.61282,209.47675,-311.0983,188.82718,202.23022,-294.6217,191.9744,202.46776,-294.5454,195.22313,202.63863,-294.4591,179.5655,201.66151,-295.66693,176.30893,201.35403,-295.541,173.02603,201.10828,-295.6465,199.53706,207.75664,-178.92926,168.73792,205.69554,-180.41129,189.31364,218.60213,-266.87103,177.13638,217.67677,-267.35208,219.15953,257.8969,-88.17551,145.8688,253.23416,-100.129845,239.22096,309.9282,-117.83052,127.830315,308.00388,-106.22858,269.13693,349.38516,-333.8692,103.53618,359.7669,-254.88759,280.79138,363.02362,-377.5466,93.173775,376.3241,-289.62802,278.73605,361.71494,-415.50308,97.07395,375.3647,-325.1174,271.92877,358.10757,-355.12723,103.887245,370.95392,-272.80298,209.09874,376.2562,-5.1108737,166.11513,374.75488,5.4701633,204.43887,468.6581,-11.871369,167.03067,466.30923,11.140968,199.97165,546.0444,162.03954,168.51648,544.7688,203.33632,196.77454,553.9035,170.04291,171.35576,553.4836,212.20857,199.5333,580.3079,37.467064,166.02567,578.3762,78.25343
image_036.JPG,260.8119,244.20047,-256.6058,265.61908,236.44421,-241.51875,268.86417,236.36493,-241.46936,272.21542,236.23282,-241.40204,256.09204,236.5184,-241.30681,252.7835,236.37163,-241.16324,249.4419,236.2741,-241.15668,277.12595,240.60518,-128.67471,245.89456,240.60693,-125.812904,267.62805,251.9932,-213.93515,255.10924,251.89375,-213.30542,295.9515,287.45013,-37.663403,230.64099,283.4385,-41.065445,311.6252,340.94772,-67.88078,215.51132,335.69324,-69.26595,346.78485,365.76944,-261.45312,185.56186,361.57217,-250.03873,359.51367,372.53607,-293.77768,174.34676,368.94992,-283.99762,362.40472,369.80447,-328.6372,171.88188,365.8685,-311.08987,355.5181,368.36008,-280.89948,178.30727,364.465,-266.25095,287.86633,394.60413,3.170683,247.30946,392.7213,-2.8051922,281.23862,485.7046,-19.466545,250.09525,484.4039,-21.601458,274.05865,560.10443,139.47342,248.60104,562.15356,147.04749,270.82632,567.6095,146.77318,248.92033,570.5189,154.59071,270.6175,591.5301,19.154245,252.05045,593.8527,25.310053
image_038.JPG,297.21066,259.83362,-222.11221,298.6011,252.18166,-202.25854,300.52032,252.45744,-202.18936,302.50574,252.67368,-202.15294,291.20178,250.63313,-216.61232,288.16672,249.74324,-216.45506,285.1574,248.90706,-216.42874,297.63535,253.26108,-84.87484,274.83765,249.17079,-154.28119,296.6646,267.1844,-177.97052,287.6153,265.3303,-198.1194,296.9577,297.82965,39.544735,241.34386,288.0698,-144.19957,303.61777,349.8585,82.14522,221.10274,346.0387,-234.7954,337.8464,371.13593,-89.025826,233.99449,362.74213,-406.7504,349.45065,374.57672,-112.271736,235.6169,368.71832,-450.76022,355.48892,371.72482,-138.4787,241.45633,361.80795,-454.19913,348.9711,371.55603,-104.75563,242.81993,359.90857,-409.05255,284.1851,403.2998,63.447144,251.13603,403.9854,-63.183025,313.80652,477.0895,-47.402504,267.1121,489.5581,-151.52638,277.8867,551.74457,94.96743,250.73561,566.5551,-50.565697,262.3136,563.42303,104.00647,239.2963,578.9418,-48.75255,303.37192,581.4142,38.23724,274.92468,595.4768,-147.85056
image_043.JPG,197.18628,198.23236,-135.57712,200.3479,190.972,-126.113174,203.17375,190.81152,-126.11431,206.1097,190.62383,-126.12431,191.79185,191.37277,-127.84344,188.50722,191.40216,-127.863846,185.23123,191.45772,-127.88782,208.05705,194.71426,-58.671314,179.70694,195.69997,-64.84242,202.1767,205.9344,-110.457695,190.58917,206.33023,-112.0604,225.20352,235.13103,-17.112648,159.86996,237.15784,-9.441912,255.13593,274.987,-54.43139,132.44037,274.99118,-28.249434,293.40005,251.13542,-162.24666,94.12166,241.24268,-124.250465,307.54825,242.59937,-182.85146,81.90675,230.73059,-136.79184,306.68875,237.17998,-192.22987,80.56138,221.63925,-146.56068,299.55328,240.72462,-169.977,85.689415,226.15169,-131.46185,210.19536,339.3798,1.2629421,172.43956,338.86453,-0.93438196,206.72348,415.32452,2.9954352,176.75883,418.4965,-7.191436,197.18384,475.35443,107.63725,178.61462,490.3282,73.57564,193.91255,482.05035,113.67005,178.72209,498.86804,76.39059,197.61118,499.7859,45.61095,183.33305,516.947,0.5903575
image_044.JPG,200.39131,134.39812,-155.66536,195.65747,123.14878,-137.29462,197.11354,122.66248,-137.2288,198.71077,122.09661,-137.30225,188.73001,124.45609,-162.84402,184.86066,124.75493,-162.77888,181.03459,125.14919,-162.80022,189.9809,127.90746,-32.402863,167.11053,133.35442,-143.05571,201.15129,146.32925,-115.22172,190.68208,148.03418,-147.43141,200.16708,207.46872,90.536674,138.24736,202.7549,-169.79382,224.23672,276.55118,145.76477,116.69284,282.38013,-308.4911,275.59476,300.8145,27.28718,115.58388,321.9922,-498.91843,291.0521,306.1119,15.267683,107.76107,336.99585,-537.92944,296.93475,302.84348,-18.479273,118.11331,331.23306,-546.8603,288.88373,302.63162,8.263705,122.79016,325.9313,-504.1295,193.5267,383.2164,88.312096,159.34134,385.90494,-87.90766,206.91139,503.47562,88.660835,161.65395,511.89105,-73.32823,176.76857,609.10144,238.06311,155.87871,627.5346,49.14236,160.17638,626.1254,246.25723,140.95477,646.0469,54.856327,215.61021,642.9373,189.35649,197.94693,662.764,-36.378204
image_045.JPG,218.8409,201.23349,-268.84833,221.27681,193.00743,-255.67392,224.24243,192.39996,-255.6177,227.341,191.75621,-255.6505,212.57024,194.79332,-256.08344,209.17276,195.31653,-256.03763,205.78065,195.93022,-256.00375,230.9363,196.11935,-173.08575,201.33333,201.5027,-166.85924,225.90598,208.27542,-239.0283,213.22682,210.3352,-236.84657,253.19649,233.76656,-131.88686,183.81323,239.34433,-93.9634,296.57516,237.554,-208.8356,141.08546,244.5479,-85.11194,329.92303,206.45143,-346.96307,99.58457,206.42375,-148.25856,342.4869,198.60724,-377.61304,88.285675,198.2348,-157.96846,337.9396,193.64157,-388.89902,89.59723,189.4486,-168.2799,332.38684,197.51624,-357.787,93.940155,193.2142,-156.65991,233.72366,344.94064,-13.559453,196.39758,344.43948,13.738011,230.90897,421.43448,46.597767,205.23383,421.59064,82.270874,229.24333,481.23898,206.07741,212.00171,489.47928,215.38199,226.50928,487.82208,216.28223,214.75192,497.8196,222.6925,232.34148,509.87952,122.95769,212.971,517.4536,127.33793
image_047.JPG,153.25868,226.05222,-337.76147,158.49695,217.92274,-322.3159,161.90869,217.8559,-322.31256,165.38252,217.71297,-322.2984,149.15125,218.14978,-317.07556,146.01733,218.12051,-316.9396,142.89877,218.14476,-316.9126,171.94475,222.2243,-216.42442,141.29588,222.51247,-188.05646,161.0391,234.50761,-298.37027,148.51582,234.703,-290.18896,200.89528,273.20663,-137.81963,124.98623,273.7627,-85.21175,227.8029,331.50247,-190.03429,110.59034,333.0153,-114.016365,272.25443,348.90305,-397.31885,67.44978,356.44107,-320.31314,289.03903,352.15768,-439.22293,52.526638,364.1106,-351.93472,292.76343,349.69476,-471.49005,48.286594,356.47714,-384.28357,283.69135,349.4985,-417.13507,55.01828,355.43152,-340.157,193.32681,391.53076,-28.24857,150.10266,393.62994,28.753204,202.95532,483.1031,-33.10531,160.50516,486.40073,53.112843,225.58528,547.6194,177.91537,187.18507,547.8444,284.76898,230.22644,553.19836,191.93483,196.16977,554.5539,301.2194,219.36823,584.51166,85.25479,176.84602,581.24335,204.81349
image_051.jpg,220.40263,188.3441,-226.49228,227.12143,181.77718,-202.66899,230.96611,182.21552,-202.66617,234.90666,182.5879,-202.63712,215.15128,180.91318,-203.45287,211.30714,180.64532,-203.285,207.44827,180.44635,-203.27228,240.53421,190.54886,-72.12589,203.3079,187.6956,-72.22172,227.58667,200.85953,-178.78882,213.1936,199.7428,-179.46468,261.38885,256.1988,24.439697,178.8044,250.81348,3.6498508,270.1006,323.27142,-6.6487494,160.77338,321.84055,-23.616259,300.19385,358.23636,-265.12323,131.11397,366.13593,-237.84526,312.27283,370.7217,-313.73474,118.900185,379.85565,-280.79437,313.7589,366.95496,-352.19525,119.76548,377.66208,-318.47903,307.00443,362.62808,-288.7122,128.25745,373.70535,-258.2412,248.30154,392.66876,2.8086576,195.97974,390.67545,-2.48348,244.49072,509.7878,-47.854218,200.05563,504.74356,-42.13331,232.48535,606.1813,140.16318,205.11523,599.65186,156.20062,227.10239,616.5405,149.20222,208.7906,611.01965,166.25165,230.66443,644.8884,12.163543,202.12631,635.9904,22.249416
image_052.jpg,175.83165,189.09503,-161.80362,182.52592,182.91005,-136.97267,186.19327,183.50218,-136.9737,189.97852,184.01572,-136.95271,170.79352,181.59744,-139.44499,166.98515,181.12639,-139.26668,163.15836,180.71468,-139.26791,194.42302,191.61986,-3.1401591,157.84943,187.28813,-11.925878,181.7426,201.48521,-113.098564,167.85242,199.78194,-116.30813,211.95833,254.66429,97.85906,131.46545,248.62741,50.152058,224.47221,317.57916,81.59438,116.59708,317.65173,18.72117,255.01172,367.05356,-175.30988,90.01507,368.48764,-181.16783,267.78357,383.84036,-222.27429,77.134224,384.11456,-222.08792,268.42804,382.1317,-265.92944,80.04528,382.8277,-260.86728,261.3109,376.67215,-200.88976,88.486115,378.35068,-200.90451,203.64108,387.93314,15.731623,150.27629,387.84198,-15.283219,199.70717,505.0747,-32.96613,152.49866,505.6166,-70.2499,188.98492,606.3452,135.82344,154.10945,605.4528,115.70245,182.1675,617.8593,142.77165,154.9318,615.70984,124.303345,194.8925,643.48486,3.0732481,162.00476,644.07135,-21.3185
image_053.jpg,185.36195,194.17728,-187.8832,192.1205,187.48178,-162.90411,195.96693,188.01471,-162.89328,199.92325,188.47331,-162.85262,179.973,186.24164,-165.63498,176.00493,185.77405,-165.4678,172.019,185.37175,-165.47516,204.77116,195.9219,-27.978458,166.91582,191.91756,-37.00337,191.89723,206.80266,-138.36977,177.44951,205.21178,-141.61438,222.7055,260.06375,75.42074,141.8983,254.07423,30.773237,233.147,325.9054,53.605175,124.82372,324.15204,2.2355456,264.05322,368.67908,-202.64842,93.93281,369.395,-194.91156,276.64832,383.42093,-248.81271,80.10174,383.55826,-234.01077,278.4734,380.35757,-290.58417,82.19419,381.23132,-272.40997,271.6147,375.58234,-227.89366,90.85611,377.25067,-214.48878,214.29822,396.46127,11.355547,161.48122,395.7285,-10.972037,209.09427,514.58154,-34.58959,162.77881,512.5343,-55.662437,198.46498,614.72205,143.98369,165.59084,609.26874,141.18503,192.54364,625.8956,151.61623,167.97708,619.93286,151.23386,199.18755,653.4101,9.606193,168.30602,647.38605,6.332205
image_054.jpg,179.69785,195.14497,-224.19714,185.65837,187.88449,-201.7834,189.46806,187.97095,-201.76881,193.389,187.98642,-201.74725,173.80501,187.799,-200.88092,170.01283,187.77646,-200.7086,166.2155,187.81775,-200.68987,199.48207,194.7232,-72.23938,162.43059,194.44424,-64.23727,187.44727,206.44685,-176.68803,173.2336,206.32991,-174.91615,222.4623,260.93857,34.42166,139.96097,255.14224,19.532833,231.76668,330.16638,11.3316,122.6201,326.04004,-1.9758372,264.99307,364.16498,-251.50569,90.51503,369.11423,-234.52759,277.87646,376.19476,-299.62323,77.309105,382.7081,-278.8776,280.26993,372.2987,-340.75897,77.98649,380.2733,-318.0294,272.9999,368.11862,-275.6996,87.06423,376.62076,-255.5807,206.0113,396.10995,3.1503887,153.60014,393.27936,-2.8274353,204.54541,515.8986,-46.12563,158.57513,510.26477,-46.981323,197.59776,616.6362,138.33057,164.201,610.8583,149.3912,192.72478,627.3387,147.07675,167.35146,622.2244,159.39348,198.4836,654.7007,3.9635153,163.49973,648.0505,10.804417
image_055.jpg,184.54109,205.92104,-186.70113,190.42284,199.28345,-164.43848,194.06699,199.5994,-164.40553,197.81026,199.84662,-164.4134,179.11147,198.66,-165.56573,175.40675,198.47472,-165.40457,171.68353,198.34937,-165.41486,202.2105,207.22939,-37.704494,167.0268,205.27753,-42.34616,190.98967,217.62122,-140.01631,177.1539,216.86319,-141.90979,219.96678,273.19547,67.676025,143.44606,263.84628,23.390244,229.93362,340.11023,45.796486,126.64722,331.69464,-28.148859,264.62674,365.03256,-197.48003,102.31167,367.25238,-268.60822,276.98508,374.15314,-239.19453,90.89534,379.45078,-316.07388,280.51645,370.19357,-276.35947,93.23622,376.92978,-346.79245,273.18045,366.8542,-219.76312,101.48673,373.65756,-286.28397,207.43465,403.22244,17.104782,158.22937,400.24863,-16.723948,206.02626,516.3653,-21.554764,161.97496,513.7002,-61.781353,194.44826,612.6214,157.75784,163.48962,609.47784,131.9482,187.97105,623.67316,166.58107,164.50185,619.807,142.118,198.36168,646.6853,34.659805,168.77269,644.7623,2.0053234
image_061.jpg,158.48093,162.33405,-194.41518,162.74832,154.63669,-178.91013,166.0317,154.57823,-178.84206,169.41687,154.45187,-178.78206,152.75287,154.9589,-179.81598,149.12325,154.96759,-179.73662,145.49254,155.03217,-179.77997,172.68143,159.16281,-80.21749,139.80664,159.73529,-84.34587,164.21608,171.70065,-157.10768,151.63774,171.88707,-158.39806,196.5515,212.5981,-17.273752,115.73361,214.15427,-17.806849,211.81534,268.41833,-14.105389,101.256905,276.7751,-57.48636,238.02303,309.44156,-196.79512,75.04249,318.797,-255.37935,248.61484,323.72122,-241.04555,65.25181,332.5592,-295.46906,243.90031,321.3504,-272.218,69.043846,329.37903,-327.95383,237.14124,316.80804,-213.3999,77.73511,325.39267,-273.1043,185.54596,336.72357,2.6531332,138.11305,338.67535,-2.1256778,181.4809,439.42056,9.628294,143.80473,438.9104,-44.103733,173.98773,470.13104,269.37842,150.15475,521.66547,110.84119,170.53242,469.0197,291.93118,151.77533,529.3318,119.06741,174.9085,502.655,241.52554,156.21199,559.5451,11.500006
image_062.jpg,161.4556,170.76205,-143.40427,165.74648,163.35434,-129.70036,168.87471,163.39899,-129.73148,172.09917,163.3898,-129.746,156.38126,163.32062,-130.6871,153.05199,163.25247,-130.57968,149.70796,163.2388,-130.63158,175.4919,167.85374,-43.485416,144.88693,167.58495,-46.142975,166.9223,180.15108,-110.65361,155.20183,180.01454,-111.59941,198.72404,220.71935,13.693762,121.60736,223.01024,2.6707616,215.33353,275.33792,-8.385065,108.20812,286.9714,-29.349712,243.78798,309.98056,-195.69667,80.24031,321.3487,-188.51784,254.1097,323.86813,-234.63321,70.66457,332.5581,-216.21654,250.97119,319.30057,-263.1987,68.87497,326.98172,-244.56226,244.59976,315.46262,-211.65929,76.555145,324.2985,-204.22723,191.01283,351.34024,4.268121,144.52637,352.88007,-3.7906184,181.40869,444.49988,-11.176976,145.3788,446.8602,-17.666183,173.94746,520.82794,125.89721,146.95483,520.773,147.42519,170.11632,528.03937,132.00911,149.21469,527.84045,155.59055,170.45006,554.0593,31.892546,146.6539,553.1721,52.76049
image_063.jpg,166.90482,170.77199,-153.02185,169.81348,162.66495,-138.71765,172.98143,162.33163,-138.79517,176.24428,161.95175,-138.8473,160.17024,163.57353,-140.38599,156.56879,163.84471,-140.2673,152.95872,164.16669,-140.2789,178.85806,166.21974,-54.215263,147.25668,169.18204,-59.16609,172.83643,179.97511,-121.14098,160.5874,181.05284,-122.71363,203.13773,222.2955,2.2972097,123.75909,225.63846,-12.369285,217.65605,279.39206,-4.4337068,107.95173,292.36588,-45.686634,245.9824,316.7137,-167.51067,80.09492,325.1891,-199.1442,256.41193,331.157,-200.64874,70.2952,336.15527,-223.91774,253.69872,327.4065,-229.3882,68.94582,330.78076,-250.07991,247.08145,323.32822,-182.8509,76.95971,327.74756,-213.80501,191.05627,352.23596,5.9467373,143.02261,354.23682,-5.3920164,180.98863,444.75336,-3.0896955,145.84595,449.8294,-20.168758,175.16264,520.1028,125.720665,150.80716,524.503,136.25966,171.20303,528.272,131.20653,153.76215,531.9996,143.71507,175.71056,550.821,37.681404,150.95026,556.287,46.27825
image_064.jpg,146.66771,137.74602,-192.018,151.54404,129.75563,-176.32654,154.91727,129.83015,-176.34717,158.38794,129.84079,-176.40343,141.52069,129.59201,-176.91548,138.00221,129.45248,-176.75096,134.47871,129.3662,-176.72664,162.52077,134.72578,-76.84119,129.9418,133.98248,-77.8326,152.7935,147.72603,-154.33922,140.18164,147.37091,-155.01544,187.08675,191.99,-7.3055115,105.27,190.15652,-16.332533,200.81906,251.23341,-42.302727,90.89357,255.30264,-67.925514,231.13411,286.5576,-255.83824,64.84174,294.6468,-275.93738,242.47902,300.2818,-300.1578,55.068356,308.21948,-314.9088,239.94739,296.3344,-330.64297,56.826874,303.5613,-344.41653,233.042,292.47006,-273.21344,64.90313,300.31247,-292.77832,176.42816,323.62064,1.5150081,127.72191,324.2524,-1.0725372,169.53365,424.2576,-11.548628,130.49423,424.5238,-13.168424,168.47551,501.2237,160.9192,136.0143,501.0274,182.69672,166.37903,507.61148,169.92213,139.6081,507.96704,193.90938,161.57495,539.6463,56.575584,135.08766,538.234,79.43925
image_065.jpg,184.72375,153.16177,-130.9956,189.20122,146.07137,-115.07932,192.46582,146.34052,-115.05603,195.83586,146.54178,-115.01513,179.40387,145.55338,-117.16208,175.73259,145.29884,-117.11535,172.05586,145.10149,-117.177124,198.18967,152.22853,-26.98646,166.04875,150.1808,-37.61694,189.88329,163.93605,-97.86735,177.21289,163.08609,-100.999016,219.21283,208.49765,19.253195,140.70393,207.23747,12.259761,237.95631,264.00708,30.794596,124.70537,266.14502,-26.219164,270.6269,298.37436,-118.08173,90.14104,301.2509,-184.68806,282.98038,310.17578,-151.83687,77.94557,313.32874,-209.7766,279.30002,306.48297,-180.80347,79.59902,307.92978,-239.25716,272.19995,302.95297,-133.22864,87.83209,305.12036,-200.42671,210.77367,335.4029,1.8160532,163.24156,336.70724,-1.2181431,207.62946,442.63785,-1.2039616,163.0166,435.0083,-85.674194,204.89854,470.38138,240.21017,170.07455,519.51263,49.48964,201.10986,468.07773,261.4597,172.25533,527.1073,56.86386,209.24785,505.0299,226.0514,174.85939,558.0393,-38.45813
image_066.jpg,165.2122,184.61987,-189.62172,169.869,169.68759,-182.8725,174.57265,168.4148,-182.7883,179.41483,167.04352,-182.7766,157.16284,172.26006,-178.88228,152.54471,172.69325,-178.75352,147.92389,173.22502,-178.74156,188.62141,167.27989,-94.24941,144.66171,175.2361,-71.09743,176.97624,192.09256,-152.46376,160.30276,195.15929,-145.80583,235.49635,227.18478,-21.200018,119.408226,237.91435,-12.57103,270.11298,297.72684,-61.45167,99.7386,314.40448,-68.08538,317.47443,350.06085,-268.17133,53.54306,363.25616,-291.78745,335.6821,367.54526,-304.9801,35.915516,380.897,-325.4427,330.11316,366.40997,-342.14233,38.13873,376.22635,-363.70285,318.3294,362.37015,-286.3596,51.51371,372.24377,-312.77078,215.39775,417.07254,-0.9425767,150.28278,421.52737,1.683344,212.8666,550.3024,-18.385426,169.17468,550.5676,-33.16075,220.04663,649.3939,140.9348,188.87352,648.3415,158.9753,217.69115,659.2916,149.83685,193.91393,657.3515,169.66557,225.20775,696.68134,47.94282,193.02164,697.0999,64.70296
image_067.jpg,197.23685,177.16002,-281.05237,205.06125,167.99402,-261.94543,209.58409,168.05676,-261.83966,214.2333,168.01688,-261.7586,192.71507,168.0218,-259.27298,188.57465,167.95103,-259.13556,184.44049,168.01027,-259.18463,223.66922,174.33542,-137.59384,182.51534,173.78918,-122.55182,207.28857,189.10008,-234.29239,191.54912,188.98207,-230.20488,263.44476,238.89003,-58.287632,154.43675,240.60771,-47.012722,305.6446,294.9611,-81.99558,129.65439,310.0235,-74.09446,343.00317,348.1742,-315.85757,89.21787,366.56927,-280.92697,359.17227,367.67093,-371.3077,75.33591,383.08832,-322.09604,349.87167,366.05078,-413.18994,75.77975,381.39163,-369.39438,341.05362,361.22156,-338.6214,86.927155,378.28418,-306.5293,242.00774,405.77505,-9.158542,177.56009,407.21365,9.675831,239.575,520.4276,-84.23354,172.95552,532.6668,-60.78366,241.48958,618.2513,132.04517,206.49883,558.53046,338.6467,240.45682,630.3757,145.43011,214.60364,557.07086,374.2062,234.90987,659.5325,11.136339,207.52933,593.3133,307.07306
image_069.jpg,211.20612,177.63718,-295.61957,217.90868,167.26135,-277.18384,222.33795,166.93643,-277.04672,226.89883,166.51047,-276.94977,205.51007,168.10161,-274.66116,201.26286,168.23677,-274.5359,197.03346,168.50037,-274.6178,235.46524,171.2611,-148.73671,194.74539,173.41858,-135.22467,221.25371,188.47554,-247.01108,205.83911,189.47475,-243.2703,275.18848,233.79958,-59.4303,168.4204,236.70834,-53.617207,320.47913,293.09122,-75.54833,144.44792,309.24448,-86.27217,369.19766,342.45587,-299.26456,100.669174,358.38705,-309.672,388.98755,359.83334,-349.8252,85.14136,372.53568,-353.6835,380.0027,357.72064,-396.6847,85.116356,370.02896,-398.56863,370.57147,354.2329,-323.3059,96.139465,368.26675,-334.4363,253.0631,401.40244,-2.884726,188.29367,400.79755,3.2440374,254.88895,516.95605,-71.92548,174.70299,518.0419,-81.43024,256.99115,613.1074,140.06058,216.57088,514.414,348.65222,255.86707,624.7526,153.00562,224.55005,506.75616,387.51028,251.88084,653.5653,15.924767,228.3419,544.02106,346.60098
image_070.jpg,190.15514,163.39447,-207.98569,196.82045,153.37172,-194.3127,201.35669,152.99812,-194.26074,206.02525,152.53696,-194.27675,184.65791,154.51303,-190.78102,180.54292,154.86081,-190.68701,176.4181,155.31401,-190.7017,215.66846,158.66588,-99.09285,175.08783,161.80995,-75.41843,201.28493,174.94894,-170.87042,185.28731,176.29102,-164.2414,257.7048,226.9226,-36.932785,150.54628,232.20189,-12.803859,297.3289,292.11588,-92.46759,129.82596,304.826,-41.213394,340.35413,340.9862,-323.05505,84.94846,356.2083,-223.7413,357.2622,358.6185,-370.5097,69.02808,373.1252,-252.94153,349.19617,355.03375,-409.00876,68.775955,368.7315,-293.69022,339.4743,350.5943,-344.53622,79.80438,365.68372,-245.52103,233.53851,401.9079,-15.843853,170.8605,403.24945,16.33679,233.0825,528.81,-54.609093,172.00406,530.20184,-17.152437,236.02313,628.95746,117.685394,203.89702,603.3281,249.11166,236.04395,640.3262,127.068825,214.3242,610.2453,269.42728,231.48979,673.4997,25.315601,193.31274,646.48676,198.65532
image_071.jpg,197.68625,213.64053,-320.52853,204.20801,204.49217,-305.28604,208.1805,204.6412,-305.2948,212.2249,204.71832,-305.2987,193.0109,204.10167,-303.35373,189.07819,203.80138,-303.2119,185.16692,203.569,-303.19638,217.702,210.3859,-197.95657,181.07732,208.16061,-183.5891,205.18764,224.026,-280.094,190.20988,223.23174,-275.7134,245.64308,267.90454,-125.43932,156.67741,273.60007,-73.838486,270.35635,337.4983,-154.64157,146.43881,348.9742,-98.80272,298.80447,360.61237,-368.83725,99.56435,340.91617,-317.0866,307.83655,369.17883,-412.35327,85.95371,339.2455,-353.5485,310.58243,361.79886,-443.20056,77.09404,326.56003,-377.74048,303.90927,359.3785,-388.1526,85.50389,327.50287,-334.6872,224.46017,399.8217,-31.782871,177.20337,403.6613,32.186726,212.25742,497.17062,-84.70185,176.4989,500.73907,17.786358,225.95862,585.39624,70.6909,205.40218,581.74396,210.56302,232.38002,595.70245,78.50641,217.2914,592.36646,222.65886,211.1425,619.62463,-27.710026,184.9451,615.1225,134.59325
image_072.jpg,193.81914,227.9304,-320.24655,200.73941,217.11884,-297.5631,205.86218,217.0001,-297.48907,211.05212,216.82428,-297.34222,186.02417,217.5366,-294.66437,180.9457,217.63919,-294.5891,175.83664,217.81007,-294.83264,219.16411,223.81339,-146.13318,170.52507,224.73578,-126.940956,204.57123,240.57536,-263.6328,185.64583,241.04692,-258.1736,255.24268,292.71286,-45.29632,143.43869,297.26434,-13.747734,266.58032,377.66495,-131.35187,130.8809,391.0081,-109.94221,297.40878,386.056,-475.07535,88.97235,398.74857,-448.58002,305.86792,394.53223,-540.2353,75.81249,402.9717,-508.5638,308.51578,380.64926,-578.75574,70.60602,390.0089,-539.3983,301.92856,377.47937,-499.36465,80.87459,389.25406,-470.07147,237.88808,467.25815,-18.812235,170.8212,468.72427,19.540934,239.28976,591.98175,-83.85629,171.79813,598.4584,-16.860216,244.91989,703.5323,156.44098,189.27516,700.8919,262.34146,245.23225,717.6918,170.14746,197.84789,713.8391,278.68256,242.20586,743.6795,19.388702,175.42384,742.68677,129.41118
image_073.jpg,219.4268,228.10533,-319.0749,227.02618,217.12363,-301.03506,232.34872,217.07574,-300.98633,237.75633,216.9492,-300.9483,213.00638,217.32266,-294.98752,207.98576,217.2946,-294.77167,202.95387,217.36151,-294.75082,246.78171,223.87646,-184.55191,198.89299,223.87675,-148.19879,230.79414,240.59502,-275.31955,211.43497,240.69406,-264.84323,285.00256,296.80392,-112.56679,169.07649,293.41357,-62.829685,300.1478,384.88773,-172.63365,151.12277,377.30872,-111.34003,330.94275,408.916,-450.57437,95.53587,408.20276,-359.8817,337.8965,424.02072,-502.07672,77.63134,420.8894,-390.80563,341.5358,410.92676,-538.4351,70.188614,412.45782,-429.6646,333.80865,406.085,-471.02908,83.49615,409.80765,-382.3689,253.8847,470.2649,-21.547068,185.92133,468.20178,22.633972,251.22832,594.63367,-56.449245,181.15602,594.7049,-5.7820826,262.93243,687.24585,201.72852,202.14922,670.4171,335.79083,266.02045,697.08746,219.73074,210.42964,677.4206,362.63632,253.96269,732.3615,101.96737,189.42992,715.7909,270.55673
image_074.jpg,218.1433,156.40099,-457.35577,225.11856,143.24852,-435.41287,230.36293,143.09612,-435.28754,235.70126,142.82071,-435.1895,210.40198,143.24844,-434.41434,205.05779,142.91573,-434.2602,199.72026,142.6453,-434.3479,242.72934,146.69963,-275.58963,193.54823,145.97446,-270.66956,228.23346,167.19713,-396.82455,208.45227,167.0418,-394.78027,274.7924,209.58473,-145.7488,163.3157,205.15375,-154.97815,302.85596,288.011,-225.74353,137.34804,283.59872,-248.2597,357.97144,309.82022,-550.26105,79.28879,312.44012,-556.67834,378.62216,317.47803,-617.689,58.28732,322.98557,-611.5091,377.94794,308.69046,-652.98175,54.895184,314.45404,-646.7133,366.0261,306.14822,-573.89044,65.26747,313.05338,-580.0227,246.54054,370.0808,-0.7517037,181.76324,366.41125,1.5355953,245.17397,495.74283,-96.03406,188.16667,435.3911,-336.70016,253.97679,598.7266,124.950325,195.35541,510.13736,42.95526,256.19635,608.3071,137.56184,198.6025,511.47806,77.05678,239.23927,652.85443,-32.07398,193.87886,564.76483,-28.05596
image_075.jpg,192.38454,191.48137,-252.97514,196.99614,180.87538,-240.03247,201.19008,180.08206,-239.98253,205.46158,179.16405,-239.96555,185.49611,182.80165,-234.39456,181.51212,183.32193,-234.19841,177.55132,183.90646,-234.14279,214.16583,182.5183,-141.70909,176.13976,188.3188,-113.82518,203.33426,199.9232,-216.21364,188.33752,202.30824,-207.69234,250.93997,238.4983,-52.241516,158.74013,238.51192,-41.435993,279.1917,306.7129,-109.1034,131.0891,301.85452,-86.04776,327.23328,315.5498,-330.37186,79.04428,325.01895,-292.1168,345.98163,316.46512,-371.1013,60.642693,333.42383,-320.23315,345.61432,309.33093,-393.18503,57.17625,326.22644,-348.53857,335.12164,309.41754,-345.62463,66.181786,326.18994,-309.51163,224.72218,376.1306,-6.738392,169.9029,370.63733,7.083512,225.56036,485.33316,-62.50831,164.90616,425.38672,-318.24683,231.03563,580.3257,50.3939,184.16336,519.53815,-119.16704,230.69878,592.77606,54.325493,190.5247,527.69995,-102.548965,230.41875,617.192,-74.4008,179.47818,562.20953,-203.28322
image_076.jpg,188.32391,250.15579,-400.46332,190.67795,236.52306,-395.08124,194.68771,235.4676,-394.9931,198.77753,234.35188,-395.02133,179.59702,238.13954,-395.16714,175.16711,238.1706,-395.00668,170.7178,238.30676,-394.88568,203.48021,232.79619,-289.0485,164.71121,238.26451,-278.1193,196.6728,255.66925,-354.60318,182.02603,257.68356,-351.5568,237.1329,271.6241,-202.3547,140.24219,276.42224,-152.36516,249.21245,312.05615,-270.2138,123.82539,329.1655,-118.18426,256.21866,340.53198,-536.3518,102.19044,358.05908,-293.32028,262.26895,358.91605,-591.62885,94.914734,370.7539,-311.2036,255.74525,351.75192,-621.15814,92.997284,367.52917,-354.074,251.6227,346.2814,-553.93884,101.19302,364.1458,-312.09943,223.63321,418.9608,-23.198378,167.83159,420.62628,23.812532,228.27608,518.7246,-88.536354,156.80058,520.899,59.810806,235.37157,596.6653,87.36286,178.80968,573.0149,336.0008,233.06612,606.1936,97.105774,190.00778,579.6033,359.67502,239.88567,639.5565,-20.121264,155.26837,613.2622,278.3482
image_078.jpg,140.05989,186.16081,-208.46239,145.7294,176.39073,-199.56044,149.40796,176.21307,-199.42836,153.18652,175.97849,-199.48953,135.7317,176.53644,-199.09952,132.23126,176.23404,-198.98526,128.72026,176.00504,-198.96025,159.66849,177.88446,-102.322426,125.70031,177.51193,-100.45923,147.57147,193.11926,-169.7191,134.65408,193.00279,-169.54497,183.73334,217.73067,-25.177055,102.29446,217.33932,-46.344967,190.32591,270.17773,-90.688065,77.90144,266.3736,-103.05272,214.52994,276.06995,-340.743,64.20315,295.96524,-325.90546,224.541,282.58047,-384.89172,57.176773,308.71332,-366.04852,223.09908,275.4439,-408.1427,61.316315,304.85373,-390.94052,216.08217,273.92346,-355.0987,67.73583,300.86237,-339.9842,172.85489,352.26025,21.109367,124.7742,354.2389,-20.558311,194.9303,442.57645,-30.560713,134.74438,444.62125,-63.25786,161.80295,497.60437,149.08961,143.48615,524.9717,79.06482,150.65744,499.71637,164.09944,144.10207,531.91394,87.12294,170.34834,539.1992,107.09033,156.90897,568.5507,-11.577747
image_079.jpg,167.7043,215.51846,-208.63258,171.41032,202.80109,-199.4262,175.61742,201.98473,-199.39856,179.90053,201.10938,-199.4073,160.05052,204.04736,-199.16522,155.60039,204.02562,-199.01724,151.136,204.07231,-198.9861,185.32573,201.57219,-103.618416,145.39157,205.3486,-94.640816,176.33958,222.37137,-169.11009,161.17447,223.77571,-166.60057,219.19203,243.66031,-51.58285,123.09219,246.84529,-19.243717,235.87671,300.3989,-133.83961,104.83648,304.41174,-100.07568,247.00217,317.2368,-357.7595,76.85343,315.9526,-340.34164,253.13368,329.27438,-397.6361,64.97698,324.00797,-377.79303,247.92465,320.37448,-418.63583,69.416466,318.11786,-402.319,242.23143,317.55463,-369.88928,79.179634,316.7937,-355.67834,200.99747,393.13086,-20.321795,144.63408,392.35367,20.729208,205.56,498.60385,-77.525696,126.635704,489.40817,-71.79117,213.99698,586.1394,67.868996,152.63156,567.7178,127.52643,212.3399,596.2953,76.05971,165.72885,576.5753,143.02814,218.2756,630.7697,-26.255234,129.24347,612.4751,61.15919
image_080.jpg,180.03615,243.51125,-263.14386,185.42087,229.5168,-258.88702,189.78845,228.70836,-258.78455,194.24121,227.83524,-258.86526,173.4387,230.53865,-259.44208,169.06442,230.22742,-259.34677,164.69388,229.98758,-259.29675,202.22644,225.626,-159.31873,160.57817,228.17513,-158.49692,189.68008,248.57832,-220.23312,174.51428,249.59102,-220.01569,234.72699,262.14078,-70.03454,135.44843,261.13007,-76.180725,243.1307,315.48547,-86.06749,104.57813,309.64816,-58.69314,264.70547,342.20483,-299.0849,89.70603,345.47595,-243.29547,273.56766,355.18158,-340.3809,82.70031,360.8296,-272.2795,270.1579,348.91324,-368.57022,88.28035,356.17328,-306.82227,263.42908,345.61798,-315.07104,96.278984,352.3896,-258.83835,217.50871,421.2154,10.029284,159.42123,422.42624,-9.476735,246.21361,524.2224,-26.704622,155.76556,522.9382,-34.362556,206.11781,585.58124,187.64334,164.21928,600.3796,150.12708,191.61818,589.96185,205.0134,167.91861,609.30865,162.67,222.95088,634.5695,148.63422,163.23306,646.93536,74.22357
image_083.jpg,223.48341,132.75754,-311.24463,229.89552,124.04883,-291.54523,233.79396,124.26718,-291.52817,237.8189,124.40115,-291.5389,219.01892,123.67802,-288.13406,214.95369,123.40651,-288.05005,210.8856,123.2271,-288.04816,242.47713,131.83733,-166.15828,206.32167,129.51453,-150.78593,230.55319,143.85817,-266.32907,215.29222,143.13956,-261.95685,269.6155,191.25533,-81.87892,174.09315,191.88774,-66.45586,314.2394,246.502,-151.71323,141.53487,242.62524,-121.78975,360.90472,212.87823,-346.94864,82.25671,216.67084,-331.16672,375.3502,200.30023,-383.67062,64.628784,208.66315,-378.16656,376.91846,192.33127,-405.99106,58.829647,197.4751,-393.65057,367.82294,197.23804,-362.57138,66.94127,201.5158,-347.73053,251.07382,333.06525,-4.0106697,196.30399,334.02368,4.6902742,249.54971,442.40454,63.520096,206.09328,441.4275,39.827732,254.818,523.32776,314.36923,214.65427,525.24194,288.48926,253.587,529.0115,332.03644,218.26274,531.7589,304.70425,250.22151,570.2586,185.85594,216.30156,571.1612,158.91202
image_085.jpg,191.89629,150.20709,-308.4814,197.50728,141.06212,-289.46823,201.64478,141.13585,-289.41513,205.86955,141.11081,-289.3801,185.49506,141.04175,-289.56073,181.17159,140.90755,-289.4403,176.8343,140.85535,-289.51886,211.5621,147.64684,-170.51192,171.57024,147.35739,-168.78531,200.02759,161.74414,-263.56577,184.2267,161.47221,-263.33588,237.44318,214.44061,-81.26214,146.19841,209.39478,-97.63354,258.48584,286.31696,-64.31166,127.095146,284.31122,-140.96974,298.3281,348.96387,-192.58324,98.31797,344.91006,-334.45474,312.9388,366.43158,-220.0597,85.4826,363.83368,-369.50348,315.4258,368.02087,-259.48987,87.07878,359.38046,-407.09354,306.74222,363.67184,-213.08804,95.62153,354.467,-355.21988,221.05946,366.1589,3.995159,166.78516,365.55093,-3.4832847,211.48131,472.4287,22.051554,173.04588,472.5887,14.777064,205.75171,556.8695,229.09901,178.66875,553.9349,275.912,202.0718,565.387,240.78601,182.32109,562.20935,293.2526,203.78026,598.3418,118.07927,174.94684,593.69635,176.80307
image_088.jpg,256.84644,150.79524,-333.95572,263.07132,141.24026,-309.60297,267.67285,141.08595,-309.57678,272.3987,140.82056,-309.534,249.5262,142.14664,-306.59677,244.90523,142.48784,-306.441,240.33524,142.91003,-306.36237,279.62064,149.77034,-176.06334,236.06438,152.14124,-156.85556,267.00458,164.4322,-286.8157,249.23341,165.42024,-281.26828,317.17435,235.13069,-68.53128,208.39108,236.23383,-64.02482,339.1231,328.17743,-69.00397,183.07271,325.6403,-64.43786,399.0403,363.47385,-314.3955,120.27305,368.26367,-275.59656,418.0916,372.96344,-354.83585,97.74404,381.86572,-305.84866,427.98987,367.45996,-399.9433,90.326164,373.15808,-340.24118,416.27927,363.5608,-341.8097,102.292564,368.17706,-297.58798,298.894,407.94263,-2.7447827,233.99062,409.89255,3.8332329,295.61343,546.04596,-11.901703,235.90428,543.87775,-20.385832,288.48682,658.1687,198.45688,242.5219,654.7727,211.96912,283.18875,668.80597,210.19778,246.11229,665.14526,224.05399,293.02768,710.50543,70.04809,240.52261,707.1478,74.95404
image_089.jpg,249.50436,148.7031,-175.07976,256.36755,138.63864,-157.43407,261.0845,138.71947,-157.39706,265.96713,138.71419,-157.37386,243.65892,138.81796,-155.3632,239.1393,138.84882,-155.21927,234.567,138.97708,-155.2222,274.1111,147.58492,-61.137955,230.48544,147.8687,-44.257538,259.55225,163.6596,-138.97261,242.21904,163.63347,-134.3625,317.138,227.44513,-13.781406,192.78314,230.51076,-1.938839,352.79813,306.0642,-47.496998,171.81499,320.20236,-61.746655,389.09415,374.01923,-285.303,125.31846,373.9529,-287.66083,401.19003,401.67,-336.98895,108.9316,394.80026,-326.8924,392.12393,396.12036,-381.659,111.25435,387.78598,-369.6169,382.9915,387.08795,-308.09103,124.52482,382.1304,-310.6913,292.4602,421.9739,-4.6761804,218.66438,424.0867,5.6906047,288.9515,564.2722,-32.346657,228.47318,565.51764,-26.838083,285.80716,670.4552,177.53404,241.74864,667.3595,232.75304,282.2317,681.1636,191.14648,247.86261,678.1768,250.09027,287.45355,725.63324,93.4515,236.14359,722.8611,147.13638
image_091.jpg,155.25731,169.04149,-288.2072,160.9706,160.31909,-270.44977,165.06241,160.47105,-270.35776,169.24257,160.55362,-270.307,149.61685,160.02019,-269.64236,145.57881,159.84868,-269.4932,141.5315,159.75218,-269.58185,175.23991,167.10706,-154.57784,136.90224,165.7298,-146.49883,163.42259,180.1351,-244.60512,147.84833,179.66599,-242.29718,202.64137,229.92552,-72.90299,109.82553,227.4527,-70.3039,226.98921,288.05698,-130.26656,93.2637,297.1801,-134.20502,269.89703,327.06125,-383.0658,52.6353,334.01846,-372.3038,286.69147,341.00745,-433.91635,36.712223,346.64252,-411.31433,285.79163,338.81754,-471.18936,36.297733,339.12698,-448.03976,276.31177,335.82687,-405.73083,45.04864,336.84036,-394.04636,180.26491,378.62146,-5.5561895,126.748245,377.4857,6.1292977,171.66443,484.03125,18.256756,135.16658,483.5011,49.527977,178.11992,558.4854,245.70595,145.51114,566.03235,290.18405,177.33789,562.7874,260.23242,150.74234,573.9218,304.9178,171.80884,605.39606,147.90382,140.65024,609.57745,185.01982
image_092.jpg,174.04811,168.08853,-256.9878,179.52156,159.54619,-239.86627,183.43652,159.70435,-239.81197,187.46263,159.79729,-239.78447,168.28334,159.23041,-240.08713,164.24648,159.06825,-239.95483,160.17754,158.99075,-239.97241,192.9111,166.34653,-130.95166,155.02457,165.0186,-125.04706,181.62016,179.465,-215.95221,166.60898,178.98535,-214.39403,219.51782,229.07175,-56.712044,126.33704,228.23492,-46.110603,243.0902,290.90866,-122.503876,106.99892,297.3039,-50.535885,289.5022,326.36972,-368.08447,67.71912,342.38333,-194.27888,307.0812,338.91867,-415.22238,53.605946,355.85608,-211.3293,307.3275,335.2308,-453.73758,49.14482,350.47818,-255.06535,297.15045,332.7397,-390.78543,57.343052,347.84924,-216.11015,195.79181,378.53186,-7.1912947,141.39072,376.46555,7.683316,185.9154,482.6185,3.8852599,141.62929,480.13962,27.587288,184.26974,561.6072,205.39798,144.7007,561.9014,239.84003,181.04178,566.5082,217.27089,148.96222,569.4521,252.59093,179.44342,608.65955,106.64258,135.9439,605.01074,139.51863
image_093.jpg,181.93233,175.93976,-239.1694,184.73273,167.1326,-220.99864,188.24005,167.10188,-220.97195,191.85881,167.01472,-220.98363,173.66144,167.19774,-225.16577,169.30171,167.1528,-225.02022,164.91124,167.1825,-224.99417,192.61974,172.74002,-110.29054,155.41632,172.98041,-122.203964,186.9224,186.89388,-197.1281,172.3384,186.95035,-200.6992,216.70667,234.5015,-47.237057,123.62688,234.06024,-42.680332,241.82973,292.63663,-95.93239,107.34055,303.16678,-72.812294,284.98157,332.11804,-323.99777,71.028496,343.1038,-254.92152,300.5177,346.4806,-370.3462,57.705074,356.34946,-281.01212,298.78424,342.27682,-408.85992,55.2698,350.00067,-320.93228,289.87064,339.07053,-345.7169,63.720097,347.77505,-276.04657,195.48093,381.9518,-8.471503,140.76535,380.04453,8.947794,184.40318,486.35968,5.0997825,142.12645,482.24548,26.04253,186.94252,560.87384,216.87424,147.26907,561.2483,244.92816,185.63525,565.38513,230.27554,152.52242,569.0089,258.9512,177.91284,607.7189,122.313934,136.35907,604.3284,147.04105
image_094.jpg,164.94011,173.90126,-246.8651,167.32077,164.9148,-228.06001,170.83003,164.86234,-228.00949,174.4407,164.7518,-227.98564,156.32048,164.94771,-233.08975,151.93169,164.84033,-232.9609,147.514,164.79167,-232.99715,174.81558,169.87903,-114.16294,137.76796,170.0974,-131.4313,169.96935,184.29716,-203.54793,155.33191,184.2613,-208.7032,197.14966,230.29546,-42.56844,105.596535,228.34518,-60.4384,215.76628,290.2476,-88.49939,87.23476,299.08438,-119.94992,257.83353,324.9927,-318.69604,49.22817,329.80984,-333.23264,272.68814,337.90634,-364.5521,35.148117,340.2954,-364.12543,273.3361,334.16013,-401.2592,32.904274,333.04868,-401.40994,264.6621,331.31842,-340.49255,41.88714,331.52515,-353.6298,177.77168,373.39435,-0.6150252,124.65981,373.46777,1.1605974,166.38431,472.2263,23.931591,131.71259,475.29236,27.252892,169.93184,545.4513,233.81883,140.40425,553.4295,260.51633,168.17052,550.1762,246.94392,145.15054,560.312,275.80862,164.63988,590.1204,137.52208,134.77509,596.4812,162.62526
image_095.jpg,173.91066,187.24178,-244.14915,179.03604,177.94478,-230.74446,182.8072,178.10652,-230.72752,186.6765,178.19664,-230.66917,168.00774,177.22153,-231.34084,163.97832,176.76343,-231.23479,159.94855,176.3613,-231.275,190.83946,182.16971,-126.83816,153.4803,179.64801,-123.51588,180.08028,196.95671,-203.35335,165.77768,195.89127,-202.39044,215.35324,235.05095,-46.415134,124.52017,233.75598,-45.26545,239.85312,293.0631,-91.6805,107.046555,301.89462,-76.747986,280.82742,330.17087,-295.94995,68.08356,337.6506,-249.3676,296.213,342.22717,-331.2729,52.760834,348.55563,-269.7782,297.43045,339.6191,-366.52554,50.03516,341.45062,-304.4946,288.31552,337.0455,-316.20486,58.50599,339.62274,-267.76694,193.54655,377.4161,-9.085153,141.6703,376.99585,9.508274,185.9646,476.22925,-21.222881,138.1053,478.83737,4.512264,182.74397,558.7133,126.69007,142.64966,564.1185,169.6473,179.10847,566.4449,133.18285,150.48445,575.1041,177.49251,181.55995,599.3068,28.655643,118.94488,600.64417,71.95045
image_096.jpg,240.9333,228.76021,-231.90971,248.7798,215.42216,-210.31612,254.74698,215.5082,-210.1356,260.7932,215.53804,-209.97285,233.18236,214.87694,-211.02722,227.08058,214.38734,-210.85187,220.97462,214.00687,-210.99063,268.0253,221.15363,-73.19014,214.52023,219.37704,-67.58198,251.643,241.98883,-178.23447,230.0096,241.12662,-176.71495,302.01456,293.59653,4.791234,177.51347,293.13562,4.472222,328.60364,374.36853,-28.11618,158.6649,384.51944,-61.740276,381.55057,424.61594,-294.25977,113.56172,428.663,-362.43198,401.42865,442.0274,-360.17078,99.58871,443.64648,-405.4433,397.20004,437.69852,-402.6908,93.4562,437.16635,-461.27097,386.7321,432.36102,-319.16562,107.58366,434.2476,-390.41037,288.19443,478.15067,-0.30640295,211.11995,483.3908,1.2197775,281.10812,640.085,-61.559395,209.89786,659.5447,-85.476166,281.3318,713.60626,268.0219,221.8996,662.21606,450.96878,280.96255,718.5442,297.47012,224.94093,650.8952,505.7508,268.08597,762.42334,221.86623,223.42255,711.0546,503.1632
image_097.jpg,210.23651,258.85605,-293.22736,217.4781,246.91077,-282.0992,221.82849,246.95868,-281.99,226.222,246.94756,-281.98303,206.07568,246.05185,-278.47952,201.95012,245.27942,-278.412,197.81789,244.58414,-278.4,233.34799,248.49452,-176.83032,194.57417,245.17424,-158.28088,218.40088,266.89636,-250.95157,203.25273,265.75864,-245.78679,260.69406,301.18762,-91.245605,163.57349,292.24176,-84.20981,264.07153,371.75482,-157.9356,144.36345,361.06598,-173.41275,290.47348,372.897,-411.71448,108.99877,378.39648,-437.20764,298.4099,376.5941,-470.79285,96.64878,384.5437,-479.33453,300.04172,364.7295,-491.50745,94.52288,377.31345,-507.097,294.12,362.73102,-426.15692,104.60351,376.1281,-455.17245,237.42477,442.51886,-3.9438517,181.16615,440.23483,4.6719947,232.10579,542.8832,-31.963226,176.83148,554.1885,-42.966576,234.6262,606.95276,194.15303,187.72588,605.58295,253.35822,234.7867,612.83356,211.08394,191.90599,608.7123,278.67496,227.67828,646.4197,118.65148,184.56525,645.72064,208.77194
image_098.jpg,204.04369,282.77008,-254.68417,211.78058,269.91492,-244.63525,216.33852,269.86722,-244.53352,220.9604,269.761,-244.49625,199.98595,269.19992,-241.81815,195.71365,268.4141,-241.75153,191.43475,267.67737,-241.79584,228.3647,270.2489,-141.81955,187.89014,267.19128,-126.20498,212.30809,290.29456,-212.23744,196.92264,289.09467,-208.0909,256.2636,319.38556,-60.067696,157.80292,313.55508,-57.9173,265.80316,387.80722,-92.40475,139.08733,383.40393,-137.28174,297.22977,410.77206,-318.6913,109.7537,406.91464,-385.29755,306.09708,422.1254,-372.92752,99.799515,416.05093,-428.61285,305.2338,413.03442,-400.04056,98.63584,409.00156,-456.41852,297.97247,408.46442,-334.78763,108.447495,406.88248,-402.5524,234.48799,467.62643,-1.3631212,177.63937,465.17926,2.2967298,231.50993,581.36176,-53.145008,180.84518,579.44226,-52.401993,227.05031,646.0073,171.38603,192.38083,647.2546,223.13899,225.02058,650.62897,189.01984,195.46895,652.2279,245.73116,221.73796,685.5844,105.00574,193.04553,690.403,169.57059
image_099.jpg,235.69885,294.60187,-245.54631,242.37375,282.15085,-236.77435,246.77344,281.82526,-236.68303,251.25471,281.42865,-236.64728,230.7119,282.26978,-233.23749,226.56438,281.87854,-233.16197,222.40085,281.55072,-233.1497,259.25415,282.57697,-142.59258,219.65828,282.55692,-123.60515,244.89667,302.18927,-207.24261,229.71326,302.1626,-202.0178,288.27472,336.26572,-56.0779,193.41206,330.05356,-61.550335,298.4925,408.54678,-90.42205,171.84769,396.9429,-111.400894,335.1975,435.2259,-297.11612,137.96451,432.8961,-306.6701,347.8614,444.50742,-338.9069,125.535515,444.72897,-335.81357,349.5371,438.98984,-366.9303,123.67647,440.3366,-365.65262,340.15814,435.56192,-313.99182,133.12231,437.37665,-323.3572,264.13553,480.79202,3.5860293,208.60109,477.60403,-2.9118605,268.6789,587.386,-31.931189,213.57687,583.33826,-45.214935,257.80853,655.43524,171.8416,218.90715,655.82983,186.88495,252.07411,661.2593,186.19931,221.15799,663.44653,203.68114,258.51733,695.6538,94.35411,217.88419,694.73157,110.921394
image_100.jpg,215.35587,285.00864,-228.5923,222.24942,274.06384,-220.37831,226.1174,273.80893,-220.32773,230.07729,273.5098,-220.33076,211.82976,274.02652,-216.9142,208.32712,273.60242,-216.80614,204.77975,273.25027,-216.79916,237.99,274.8489,-127.97414,203.04308,273.7926,-108.39252,223.5927,292.4655,-191.3422,210.55484,292.1001,-186.16139,266.54575,322.75992,-55.760193,178.86824,320.9991,-28.316328,273.28226,390.16815,-100.8898,165.02373,385.03906,-32.193665,265.13828,419.02542,-327.80414,142.04433,430.9485,-208.59908,262.0669,434.57593,-376.51706,134.04991,446.34756,-242.86607,259.7018,424.59296,-399.92163,133.3357,443.98288,-276.6097,258.065,419.6815,-341.92603,141.89548,439.1499,-226.27417,244.40439,465.71826,-3.1815798,191.9418,465.06656,3.7443972,244.87906,566.9924,-30.414927,187.93697,568.9614,-35.146957,242.09146,644.3938,137.50098,197.49152,639.98505,178.42615,238.69096,653.2743,147.39166,202.5008,647.633,192.86548,243.50568,681.74475,46.649147,194.38635,677.8846,101.89753
