image_002.jpg,484.55554,51.866116,-203.03658,495.53635,40.842274,-190.90805,501.04266,41.068207,-190.91368,506.73645,41.189278,-191.08629,482.0295,40.556404,-173.94896,477.7214,40.299953,-173.81197,473.40564,40.129692,-173.61992,518.8417,50.93414,-89.49371,475.4243,48.05127,-4.407981,497.14728,66.035774,-163.76582,478.20575,65.0528,-139.70242,551.10474,117.670616,-85.81411,463.03622,135.86696,180.23976,606.4595,191.2988,-158.0233,447.62436,216.91646,235.6017,676.20654,208.09653,-355.20676,401.37234,234.83992,57.64339,704.652,210.58755,-389.7243,387.9228,242.27322,50.98305,703.0857,207.79282,-424.36737,376.38184,234.38257,-0.05127957,690.50397,209.46678,-374.08795,382.79367,234.40933,30.667673,534.8594,286.60275,-99.91455,486.05905,295.6374,99.97121,538.58514,432.50156,-161.9709,506.7577,436.5778,86.32181,548.3356,571.0783,-68.66306,522.91205,566.50055,191.42535,559.44745,588.8833,-68.14386,531.93536,586.9557,192.51825,510.70102,616.6421,-215.50089,492.34406,602.9735,71.40391
image_003.jpg,536.87604,42.685974,-175.88654,547.3866,31.854725,-161.99086,552.5419,31.661007,-162.03781,557.8851,31.346678,-162.21048,534.6387,32.69023,-140.8028,530.78503,32.849358,-140.67102,526.9377,33.111065,-140.60597,571.95294,40.140957,-65.75943,532.1872,40.86492,38.63281,550.75854,55.942284,-140.7336,533.55927,56.471695,-111.10691,618.6319,110.89444,-50.100487,518.7044,129.59651,192.92944,674.38824,188.09694,-89.81431,503.7772,219.79796,216.51292,737.76416,203.30591,-273.2172,450.67435,223.89775,-3.0851133,762.2754,205.66238,-308.9187,438.60754,225.48425,-21.697237,761.4978,201.55615,-346.4579,423.1845,216.08052,-70.28407,749.8113,202.425,-292.9764,430.79214,218.14352,-30.50498,599.95026,283.7334,-92.92654,544.59814,291.31866,93.26183,599.1971,432.87097,-147.84592,568.1387,430.37366,99.05259,600.8142,566.57104,0.75928617,586.8723,555.4257,253.58255,610.41156,581.6363,7.943251,596.17035,573.74615,259.34158,567.43317,617.489,-140.37021,566.31116,597.1352,129.1256
image_004.jpg,428.46902,145.82552,-380.6155,434.06833,138.88878,-355.40967,437.73285,139.02975,-355.42288,441.54138,139.08951,-355.32138,422.15048,138.87338,-357.08508,418.18604,138.89148,-356.90466,414.21152,138.99304,-356.8344,446.01328,146.62431,-214.53896,408.88678,146.439,-210.93881,435.36685,157.8676,-329.04263,421.033,157.71446,-328.31882,473.07733,213.71161,-102.628975,378.09137,214.4253,-110.22255,496.66248,278.14804,-95.782326,355.05893,287.77954,-78.934746,532.53503,331.05518,-304.53195,319.95096,339.64395,-217.64877,546.8347,344.21268,-348.4954,306.8207,351.8547,-247.67572,546.5333,344.43292,-400.3761,305.61655,352.51022,-300.61005,539.27875,341.61798,-332.56372,315.0224,349.34006,-243.56113,453.66702,345.6379,-5.900448,396.90396,347.33203,6.073824,449.18616,464.3787,-53.169285,407.41608,462.2437,5.1352167,442.03995,563.87396,135.5446,405.51407,556.2266,221.04128,439.12524,574.429,143.17589,407.04178,567.2595,232.59422,435.9285,607.3752,-17.642576,406.6752,596.3758,76.749565
image_005.jpg,413.63245,139.57571,-351.41003,418.8031,132.1137,-326.52246,422.4946,132.18356,-326.54648,426.3331,132.18314,-326.4797,406.76843,132.39368,-328.63092,402.6231,132.48462,-328.45538,398.45502,132.66753,-328.34967,430.02908,139.86739,-189.84332,392.5741,140.45792,-186.13197,420.68893,151.62848,-300.90512,405.8188,151.70279,-300.2294,455.83282,208.00403,-101.878685,362.60257,209.30739,-69.81366,475.92703,276.92282,-106.97871,336.5373,282.44385,-28.961996,513.5044,325.96085,-314.97394,297.52722,326.9043,-160.2332,527.85144,337.68936,-356.73444,283.34296,338.09598,-181.25137,528.6985,336.4615,-405.71802,279.88882,337.41373,-235.3795,521.93097,333.55054,-341.2576,289.10254,334.7737,-186.19579,434.77792,345.15405,-22.300077,379.89957,347.21158,22.46373,427.32938,466.38586,-66.228226,390.56284,464.87054,24.140738,419.84616,573.056,87.765144,393.8046,564.4591,203.09367,419.70084,584.1388,91.86414,397.15988,577.025,210.99011,405.71744,617.5634,-60.59087,390.0265,603.633,66.44003
image_006.jpg,417.91568,135.94016,-394.27777,423.37585,127.77387,-371.00012,427.27435,127.71132,-371.00424,431.2983,127.56184,-370.91074,411.289,128.21936,-371.32162,407.2203,128.3431,-371.1632,403.13068,128.55197,-371.11124,436.4312,134.92747,-226.926,398.31393,136.17503,-221.0383,425.8644,147.62016,-340.8038,410.71698,148.04277,-339.24957,463.2124,204.66185,-104.30723,371.15936,204.10988,-112.03801,487.10663,274.69714,-98.63739,345.0313,276.3712,-80.05808,531.8174,321.11465,-306.3543,305.01767,324.74365,-241.90392,547.94885,331.50143,-345.83597,290.5985,337.30133,-274.82956,550.82043,330.84198,-398.1831,287.81497,336.51913,-328.75375,543.019,328.95,-334.28265,297.43405,333.61273,-268.62943,446.9141,342.6841,5.2216816,391.52963,343.96466,-4.983703,445.19623,464.1985,-25.697008,400.7365,462.96277,-11.30559,434.09857,563.8201,173.92947,397.6952,563.1074,200.23074,428.68,574.63947,182.37094,398.12137,574.98096,210.59917,432.35175,606.4311,21.022594,401.07513,603.0839,47.621292
image_007.jpg,432.7637,145.04681,-382.43668,438.3143,137.27669,-359.12195,442.07782,137.40515,-359.1446,445.97272,137.45493,-359.03635,426.2463,137.17007,-361.34097,422.13553,137.10039,-361.19522,418.0139,137.10211,-361.09448,450.01147,144.52373,-223.01154,412.10336,144.08331,-224.65775,439.53702,157.07451,-332.17416,424.91913,156.83868,-332.84,475.99023,210.09334,-108.84175,381.7079,212.47644,-124.8202,499.07126,277.09094,-97.38126,357.70026,286.0407,-98.02132,537.6394,327.94324,-279.37207,318.8592,335.63232,-225.01271,552.11127,339.13638,-313.4235,304.32584,346.99414,-249.08612,554.32153,339.5523,-363.29608,302.46982,346.79727,-298.30243,546.663,337.32184,-305.6843,311.74628,343.50925,-248.99658,461.32498,341.8432,-0.33888415,405.37344,344.33292,0.47953853,456.71945,462.08374,-43.19376,414.7005,457.92627,-12.38607,450.9961,561.20154,119.80523,415.84244,553.2233,176.91693,446.3022,571.7825,125.38154,418.01843,563.74396,186.05533,451.10208,604.2085,-30.703444,417.48355,594.828,33.74296
image_008.jpg,410.66165,144.00871,-370.53323,416.58966,135.46404,-345.4808,420.55774,135.54468,-345.49762,424.66467,135.54759,-345.40845,404.2029,135.39064,-347.43588,399.9599,135.28767,-347.24564,395.699,135.26834,-347.1419,429.4,142.71402,-200.73714,390.30505,142.1927,-199.00183,418.2222,155.84256,-317.09152,402.74023,155.56128,-316.93533,454.4962,208.75204,-87.04226,361.15332,210.20825,-92.0387,475.2262,275.59515,-87.77023,337.30554,284.02228,-67.16988,514.71735,323.90524,-310.79547,295.86298,329.30377,-220.73544,530.1016,335.8866,-353.94778,281.20435,340.14777,-251.29288,531.51807,334.6496,-405.8166,277.8267,338.29764,-302.42892,524.1991,332.1852,-339.26776,287.01852,336.06155,-246.45154,436.77988,345.98465,-1.9234464,379.92957,348.37973,2.145816,435.10458,469.22678,-62.869465,390.74908,465.2232,-6.920347,430.23547,567.57806,132.87466,389.14722,558.7141,223.49646,427.5043,577.2359,141.9548,390.08484,569.2695,236.41481,425.1983,614.37024,-9.480726,392.38803,601.6005,84.5495
image_009.jpg,394.98138,149.2629,-284.9004,400.23996,143.37546,-261.18396,403.78308,143.29834,-261.28006,407.47818,143.16876,-261.29904,388.826,144.27156,-259.40048,385.2092,144.71562,-259.2666,381.58145,145.2316,-259.2165,413.16956,151.40489,-139.85085,378.1055,153.83197,-120.37975,403.19498,160.84259,-241.217,389.2421,161.75926,-235.90987,443.11407,220.16374,-69.075516,353.4838,224.22658,-22.221058,467.80533,292.13547,-88.65991,330.8955,294.82227,17.021994,505.0389,339.68298,-278.091,295.83667,338.84064,-113.841286,518.9422,350.49097,-312.96082,283.50192,350.31598,-131.18979,520.2327,349.5625,-357.4977,279.81165,348.30035,-180.08939,512.83295,346.4551,-302.02826,287.43573,345.34396,-138.05547,421.93063,356.89923,-26.181036,369.68967,359.6709,26.368267,419.4952,476.01276,-72.260414,382.5051,478.0922,15.699627,411.45404,584.52594,67.89385,393.50092,584.39594,156.13757,409.94608,596.35187,70.85897,398.8805,598.3367,160.40056,404.4506,623.90814,-75.1051,387.69205,619.207,19.88008
image_010.jpg,414.32324,144.4071,-355.33984,419.90387,138.27245,-331.78986,423.47098,138.25652,-331.89438,427.17764,138.17392,-331.88824,408.3659,138.92386,-330.12778,404.7174,139.21857,-329.9744,401.06436,139.58682,-329.92334,432.8686,145.80602,-201.1756,397.2875,147.62915,-183.94925,422.1891,156.26463,-307.56155,408.58105,156.81389,-302.94202,463.6926,215.23923,-102.05444,368.67203,215.46265,-74.480606,486.84824,285.00647,-85.69034,347.62308,284.5448,-25.372166,519.27905,336.2773,-262.51572,317.0016,334.3953,-165.94518,531.49164,348.8203,-299.65637,305.6531,347.9613,-187.10838,532.4418,348.18423,-348.59622,302.88446,347.66357,-243.34506,525.36957,344.36517,-286.98746,311.37204,343.59195,-192.77963,438.8806,346.71255,-17.912312,383.85654,346.87424,18.209398,428.30954,467.16992,-63.491478,397.22147,464.6176,0.22284351,424.81668,578.1133,83.2472,408.62683,574.0557,151.32254,423.4315,590.32886,85.53839,413.98807,588.18823,156.01065,419.72876,616.84204,-88.24183,403.67377,609.6502,-5.28876
image_011.jpg,389.84424,132.11314,-353.30383,395.86942,126.124176,-330.64432,399.37964,126.3201,-330.7545,403.03207,126.45151,-330.75168,384.5091,126.137024,-329.85233,380.9742,126.212135,-329.68854,377.42914,126.35554,-329.5984,408.52618,134.1901,-200.0103,373.46948,134.05708,-186.90253,397.0544,144.4269,-304.88965,383.68024,144.22633,-301.37,437.83716,203.95625,-96.8619,342.50885,202.85573,-83.69783,465.41586,272.8466,-97.72989,319.439,272.31418,-39.551758,500.12222,324.83472,-293.03162,287.49252,327.95316,-171.49252,513.51636,337.55234,-332.436,274.40997,342.68335,-191.54108,514.1058,336.92618,-381.9256,272.48492,342.57596,-246.91391,506.62488,333.20618,-318.83273,280.621,338.27762,-197.70384,415.16452,338.1301,-12.47007,359.35165,338.65433,12.7271595,413.1363,458.99304,-64.79103,373.45633,459.33313,-9.214549,405.693,573.87836,75.91475,383.30936,573.51196,125.185074,402.52887,586.56586,77.228355,387.14005,589.1004,127.88052,401.97565,612.78217,-88.41372,381.10794,606.3969,-30.185648
image_012.jpg,394.73114,145.94109,-336.33276,400.39044,140.66653,-311.0036,403.84625,140.88148,-311.11783,407.4467,141.01875,-311.09265,388.85837,140.73163,-310.29584,385.18262,140.87029,-310.14114,381.50858,141.07889,-310.07535,412.07544,149.30214,-178.05655,376.7436,149.3001,-166.07729,401.49426,158.20718,-288.39468,388.03888,158.1192,-285.24844,440.2893,216.96358,-79.17815,345.1698,217.83878,-67.792305,467.20438,286.062,-53.029602,320.439,288.47845,-33.14904,505.26352,336.6084,-220.49786,283.95096,336.6082,-177.51245,519.21844,347.60315,-256.41705,271.13702,348.30508,-202.77843,520.2595,347.54816,-306.0523,268.1984,347.1554,-255.50099,512.531,344.49866,-245.83978,276.7448,343.91174,-203.42793,418.68362,349.66986,-13.739783,363.01144,351.7416,13.979057,414.06815,471.1321,-60.726536,378.88843,469.3852,-3.503655,405.84274,581.26483,90.17807,389.85468,574.3592,165.29398,403.60425,592.849,93.84905,394.2888,587.3807,172.1571,399.1992,622.9916,-69.815605,388.94736,611.0897,16.779238
image_015.jpg,188.93706,91.981224,-153.80406,193.3743,85.11463,-135.48557,196.96072,84.92517,-135.49915,200.70978,84.66997,-135.5426,182.53345,86.10638,-134.34683,178.80783,86.51517,-134.23232,175.07935,86.98675,-134.25365,206.21686,92.204346,-41.589607,170.91068,95.09927,-31.10397,197.08052,103.24484,-119.91623,182.83089,104.39841,-116.98092,234.5495,154.06041,6.7276826,149.82256,157.50629,30.523947,267.52042,208.06093,-15.140349,122.76684,216.4173,28.640295,308.75842,252.65753,-166.25325,81.23948,251.77594,-100.24178,323.99652,267.97913,-195.49883,67.03218,263.526,-117.28366,321.6164,265.8731,-230.37698,64.568756,259.06686,-152.95561,313.8592,262.56342,-184.03287,72.181496,257.30594,-119.18327,215.62666,291.63483,-4.673244,163.72469,290.60376,5.247413,209.19814,400.79236,-20.838997,169.6661,395.14154,6.745387,206.19714,492.48807,132.33064,176.19904,486.2859,158.62932,202.5138,499.0099,139.61267,179.03976,493.56757,165.85051,204.41187,537.7327,25.081469,179.38232,529.85236,52.63715
image_016.jpg,159.26389,95.18006,-98.57335,163.67638,89.253044,-82.47744,167.1167,89.1616,-82.5276,170.70457,88.98686,-82.58002,153.00696,90.117874,-82.075874,149.39969,90.513954,-81.983154,145.8026,90.9769,-81.9372,176.01067,96.15835,-8.03547,141.53644,98.70573,-0.7379433,166.96555,106.54854,-71.70454,153.44057,107.52574,-69.70358,205.72768,157.40407,18.67814,119.01644,159.27711,43.41836,236.41582,212.32071,21.972298,92.11205,216.63486,43.41301,275.66223,252.45798,-43.91247,53.85085,250.7731,-38.873436,290.06726,264.888,-55.73407,40.03197,261.93518,-44.01837,288.3871,263.46524,-84.35361,38.458363,257.83896,-74.37579,280.80646,260.85043,-56.351437,45.540764,256.38403,-54.253796,184.83098,290.285,-5.3874264,132.61119,289.60123,5.8610325,180.56093,396.65247,-24.54588,137.27089,394.4723,2.2791967,178.64755,489.25092,92.05479,143.24077,486.05023,112.79567,174.54184,495.75345,97.30123,146.33209,493.42807,117.7953,176.99702,533.8211,7.208267,144.39868,528.0474,25.711
image_017.jpg,101.57905,107.235275,-65.495445,107.43557,97.18927,-87.14721,109.08355,96.613235,-87.1713,110.80153,95.96293,-87.15863,107.25235,97.61353,-57.009422,108.230736,97.323456,-57.030148,109.197296,97.07232,-57.02432,123.88887,97.99177,-130.18724,121.45144,98.56579,7.8027835,109.11713,115.59318,-77.55349,107.565475,116.046875,-37.839935,144.08092,145.69955,-184.0699,141.79202,153.27364,107.31458,185.886,215.26866,-226.12701,170.66685,218.64478,142.54004,155.75409,271.48022,-197.58026,160.59361,266.80783,87.66412,151.87305,283.88358,-222.35922,158.7154,279.17932,80.2147,142.83994,279.53168,-217.99693,154.4962,275.766,58.18018,148.1223,275.9996,-193.75352,154.57492,271.98187,74.163345,142.3971,298.71494,-95.323814,138.98222,296.5273,95.63611,150.10165,412.5266,-70.323654,149.10442,409.70267,112.19926,180.79068,518.79614,-44.301907,177.2553,511.6531,175.65016,198.27748,535.698,-47.18371,193.05638,529.1649,177.90367,140.28247,548.74646,-120.434006,136.86108,538.8319,138.13419
image_018.jpg,86.06751,74.34098,-45.774715,90.84929,64.34883,-67.53426,92.47268,63.651783,-67.54883,94.18899,62.87519,-67.51547,90.68295,64.30157,-37.30531,91.874504,63.64219,-37.344616,93.046715,63.01472,-37.33558,108.3089,62.64696,-113.61898,105.958954,62.01847,23.095095,94.634735,81.79567,-59.629982,93.744225,81.770935,-20.21256,144.18811,108.06537,-168.42188,123.31684,118.00903,120.92771,180.80363,177.83514,-194.64056,153.57166,186.06226,159.67752,166.99715,243.51222,-182.3502,150.56114,235.45645,107.65266,169.85274,259.3226,-212.0676,151.39769,247.50066,104.100655,158.28111,257.89816,-213.00728,145.26765,245.23273,80.19695,159.58636,251.85275,-181.65079,144.50124,240.5582,93.81577,150.37479,257.37646,-89.50924,133.94008,256.90198,89.831665,148.85725,368.64026,-70.19549,138.99536,365.31848,89.54537,172.8109,473.93338,-43.365673,165.21931,465.63068,146.16043,188.80392,489.37448,-46.326435,181.66719,481.17175,147.33357,133.51529,507.62723,-122.924965,126.413536,499.85092,101.44643
image_020.jpg,418.2051,169.46521,-335.4308,423.5636,164.49908,-310.24637,426.80814,164.83281,-310.3486,430.17972,165.10506,-310.4085,412.65036,164.29524,-312.70093,409.0804,164.29587,-312.5095,405.50485,164.3774,-312.4009,433.26892,173.46922,-172.72429,400.13144,172.28879,-174.24603,423.82663,181.494,-284.4796,410.91116,180.92094,-285.4908,454.90445,237.5144,-76.22576,370.6104,233.3879,-55.039272,476.63425,301.30792,-64.04178,347.79828,296.14526,24.620623,512.3201,339.02335,-241.63536,320.31894,337.76227,-111.50843,525.1598,347.67035,-274.72134,310.0526,348.1411,-133.84306,526.8193,345.45337,-323.7914,307.70398,348.00778,-188.19785,520.61694,343.61084,-265.79517,315.593,345.6738,-136.4657,435.28946,353.07693,-11.5142355,384.6295,353.69257,11.889166,429.06174,460.64017,-82.61006,394.983,457.95404,-3.4863133,424.46643,564.50104,66.399185,399.12497,556.42725,153.1871,423.46985,577.1165,68.82716,402.66013,570.8176,158.0544,415.73193,596.24915,-97.50914,396.17343,584.0082,6.9984884
image_022.jpg,425.05646,168.65715,-355.84222,430.30377,162.60834,-332.8813,433.56934,162.88611,-332.9243,436.9492,163.08542,-332.89426,419.579,162.20659,-334.69962,416.05078,162.06561,-334.50766,412.50052,161.9843,-334.5016,440.11288,170.25926,-182.71559,406.83463,168.61665,-188.9956,430.36194,179.60832,-299.43835,417.5157,178.89072,-301.64896,459.74606,232.90054,-49.41604,380.41147,226.37979,-70.82682,476.7597,299.12125,-39.866707,361.46594,292.6789,-51.37148,514.7714,334.9796,-251.47087,327.87198,329.26505,-258.62085,528.5971,343.95016,-290.70068,315.41473,338.0646,-303.78522,532.60205,342.12894,-342.3475,312.67194,337.14136,-351.24756,525.6789,340.12454,-277.6232,321.2627,335.12906,-283.3958,445.43695,352.5172,11.711766,397.172,351.0682,-11.187659,436.67346,464.36136,-21.667841,406.49374,459.8948,-34.864067,431.6757,567.08374,162.87929,406.8019,559.126,156.46504,428.019,579.15173,169.36533,407.48312,571.3296,163.99806,429.49402,598.9997,-4.265561,410.18097,589.98346,-4.826027
image_023.jpg,612.38885,50.80375,-280.28613,615.2151,40.93677,-266.71417,618.50116,41.114643,-266.6088,621.9434,41.20004,-266.6522,604.29645,40.452446,-276.9322,600.00775,40.020885,-276.93396,595.7441,39.70624,-276.9098,620.6688,47.73243,-154.8004,585.4046,46.556477,-199.44847,616.1291,64.19253,-236.28925,601.975,63.454334,-249.32854,641.8567,121.837074,-14.248754,543.398,113.27096,-142.38548,656.354,191.2043,110.78394,508.96884,181.55376,-27.605629,687.338,233.15419,7.8599076,476.8617,243.29657,-80.3082,698.24927,245.17947,-8.62319,462.5417,260.87888,-98.48462,703.36945,244.57649,-55.818256,468.54916,260.7332,-143.09468,695.3131,242.91605,-15.044435,477.7655,254.60223,-97.69692,626.9233,281.27133,55.67863,570.4656,282.86285,-55.414604,623.31085,407.78033,27.070347,597.14215,411.03772,-82.24235,583.77045,517.83356,206.31891,591.8217,514.5935,143.47528,571.76685,529.2837,217.08821,585.23456,525.1455,160.29477,592.6838,570.92,130.18958,609.8819,567.01013,65.03636
image_024.jpg,635.2404,149.06322,-447.08066,639.9634,140.95059,-425.013,643.59784,140.8667,-425.034,647.33496,140.68361,-425.06442,627.8275,141.51552,-427.56464,623.7758,141.70238,-427.43344,619.7556,141.97382,-427.30908,651.46545,147.91225,-280.69107,613.7678,149.67485,-284.99106,642.19073,161.93175,-392.87756,627.892,162.48428,-394.29468,682.5881,221.10994,-134.59029,582.7978,214.07292,-135.27333,711.6895,281.70676,-22.439838,559.61945,272.07758,-12.55392,745.6058,326.23886,-167.90106,525.2258,314.03418,-158.24806,758.6918,336.09518,-202.48537,513.9048,323.34756,-178.8734,759.48846,336.2558,-261.2919,511.10028,323.10233,-245.50531,752.45306,333.98718,-195.0117,519.4856,322.0629,-187.08434,662.3353,351.49332,3.0456822,604.65295,349.83063,-2.857629,654.01105,471.51538,-55.14798,617.8151,458.4809,-59.3123,649.78906,583.5623,108.647545,627.7578,567.0232,116.481636,647.05035,595.7956,112.29471,632.0843,579.2315,122.90813,648.246,624.6508,-61.316505,627.5128,607.9327,-44.33292
image_028.jpg,225.51155,182.1963,-96.90809,231.09229,176.08766,-114.76462,232.29295,176.04689,-114.80275,233.60664,175.94214,-114.814964,231.37306,175.96251,-86.902534,232.58488,175.81108,-86.87598,233.79437,175.69284,-86.82461,243.21997,180.47675,-152.45209,243.19771,179.61932,-21.816,229.51552,191.1211,-108.57712,229.3763,190.91629,-71.202644,257.79752,229.03242,-207.0521,243.21492,228.82211,77.714294,269.18088,294.78937,-229.9461,255.29564,296.87985,108.98918,270.32608,352.59775,-244.24356,258.5051,345.7072,61.259014,275.94724,364.61096,-277.214,261.10486,359.33136,61.375763,270.602,364.63013,-279.75287,258.01843,358.02594,33.947803,269.25284,360.83374,-246.08644,257.45218,352.90448,46.808765,246.19319,346.63434,-91.63479,233.90303,346.73584,91.99055,236.10434,439.86877,-93.35103,231.02109,435.2214,128.53986,279.81033,511.23154,-8.467783,264.62686,505.0733,238.85452,293.72214,518.9197,-3.7296078,275.03555,513.2842,247.48477,261.15887,545.3406,-73.25644,250.39557,536.14795,207.67148
image_029.jpg,309.39996,184.22171,-18.905237,313.49774,179.31331,-34.58805,314.3776,179.49629,-34.604416,315.3552,179.6337,-34.605003,314.0932,178.61621,-10.950139,315.08463,178.29298,-10.913697,316.1342,177.9865,-10.895422,321.62064,183.43097,-78.32336,323.03745,180.83604,31.322742,311.4931,191.32367,-32.762707,311.39377,190.40839,-1.4434383,320.00626,218.9688,-151.00656,331.63962,218.70145,109.44166,309.3747,276.0537,-180.80638,323.85596,273.0253,129.64912,298.09732,320.70468,-168.6999,308.45538,315.36725,91.84518,298.3477,331.27197,-192.78769,305.66296,327.59982,95.8244,296.08264,330.43222,-187.38431,304.05347,326.71057,74.288055,297.16663,327.4481,-166.53319,304.40744,321.83624,81.09358,311.98248,314.25146,-84.813065,318.65518,315.06024,85.12663,297.36673,393.71735,-80.99985,315.89935,385.4144,118.982414,342.44925,455.94125,-27.75692,333.71326,449.2973,195.1904,356.46332,462.51102,-24.080605,342.37515,458.26196,200.11992,328.4961,484.60458,-68.54282,316.94254,472.38858,166.13599
image_030.jpg,175.42633,114.193306,-256.86002,180.24275,105.27078,-245.60025,183.89438,105.25642,-245.60619,187.67818,105.18384,-245.71187,169.61812,105.22759,-247.06168,165.75334,105.05572,-246.95654,161.90225,104.95228,-246.84073,192.57635,110.48606,-154.20226,156.94655,110.0363,-152.92358,182.57451,124.59564,-219.91956,168.62825,124.35119,-219.64172,221.08266,169.92497,-81.94393,129.78189,165.37886,-72.189186,239.20593,236.2368,-77.32186,109.89162,231.31775,-2.5730283,269.66763,282.43066,-192.73528,81.434944,283.03445,-39.639626,280.59027,295.12714,-211.54085,70.64782,295.56894,-27.486498,282.90686,293.80225,-245.42366,67.210175,295.83047,-70.97133,275.21344,291.28763,-208.88441,75.20407,293.425,-55.973694,203.16412,309.2372,-3.8539662,151.36655,308.00397,4.287609,192.10649,409.1112,4.9706607,151.09636,410.01138,25.10752,183.4643,491.21753,164.51071,147.58958,491.87173,191.03748,177.73973,498.73718,172.20544,150.25984,499.39627,200.29808,186.09868,530.0841,68.44652,143.53496,530.84235,101.69375
image_032.jpg,167.12257,131.75412,-204.254,172.94981,123.67895,-191.9924,176.62541,124.16078,-191.97043,180.4375,124.57732,-191.98163,161.94589,122.46582,-194.61794,157.93988,121.88653,-194.6064,153.92505,121.37528,-194.63242,183.65077,130.59727,-102.82762,147.04845,126.14417,-109.17661,172.469,143.29298,-168.68521,158.27826,141.52097,-170.72981,203.73315,186.57236,-39.12311,115.64981,183.38763,-41.479633,218.19914,249.8629,11.922945,93.17605,250.65723,4.59977,239.36752,297.8227,-42.90032,66.75351,299.77856,-25.47342,247.73639,312.8518,-52.370193,56.204212,311.73267,-17.067163,247.24477,311.07574,-81.11705,54.595207,310.05212,-51.506702,240.51735,307.04715,-55.719593,62.176712,307.4867,-38.83013,187.05394,326.3954,-0.8948228,134.89807,325.8641,1.356846,182.05298,434.10703,-22.090157,140.69589,430.4739,16.233511,177.08467,530.4773,102.1688,142.72012,522.0291,153.93112,172.24402,538.79114,106.82873,144.75182,530.69653,160.49104,174.31264,572.4152,-3.5997221,144.24454,561.5316,52.727753
image_035.jpg,164.13364,178.76329,-345.22272,169.2164,170.76396,-329.58353,172.70432,170.56065,-329.59174,176.3042,170.28035,-329.51053,159.13576,171.49106,-328.42868,155.62367,171.65721,-328.3136,152.10054,171.87653,-328.2776,182.70941,175.36008,-223.76437,149.00894,177.27676,-213.37727,171.9707,187.83098,-305.7286,158.88286,188.52805,-302.62558,210.41077,227.00464,-136.43391,129.73672,231.38383,-134.99438,229.3406,285.95493,-136.89731,112.70615,292.82574,-128.80167,252.0362,340.61685,-279.65588,85.09408,345.00073,-234.30502,262.41992,355.15466,-310.04227,74.019165,358.88568,-256.2238,260.2939,356.37662,-346.68866,73.83833,357.78482,-292.77136,253.95697,352.3799,-298.7405,80.88595,353.79773,-252.91837,199.47304,347.54037,-7.376262,152.84824,348.66568,7.680124,188.70206,445.66214,-21.53962,157.97862,444.18112,3.915679,185.67657,532.9469,91.414375,159.60643,529.5948,154.8986,183.93456,541.28467,93.7786,161.94797,538.1308,161.18243,182.5605,571.3023,-34.05299,159.29851,567.46106,38.314564
image_036.jpg,270.75293,224.71552,-406.45953,275.65964,215.12866,-394.81836,279.211,214.9955,-394.7823,282.84708,214.78676,-394.73676,265.58453,215.07722,-393.87573,261.93973,214.71756,-393.72552,258.27643,214.40244,-393.65582,287.10846,217.64316,-278.21893,253.78429,217.13872,-274.4035,277.28513,231.95879,-360.09897,263.98798,231.59938,-359.10135,306.11838,264.1867,-154.44017,234.9014,258.57407,-160.13434,324.16013,321.93683,-110.28999,218.92035,314.897,-154.3016,358.3071,362.55362,-209.16214,190.13544,347.48447,-328.77493,369.23935,371.57968,-224.29459,178.8858,357.5386,-362.70682,375.12396,372.7612,-265.6893,177.40944,355.42743,-395.74277,368.90155,370.72467,-227.91374,184.2549,352.67252,-347.16455,296.39523,373.90958,6.421478,254.57578,372.6818,-5.98072,288.9221,470.8343,-15.661602,254.88446,469.05276,-17.583197,288.4935,551.8247,126.54993,250.97998,549.95526,151.45773,286.30798,558.7677,132.54488,250.87155,557.48486,159.66002,282.68506,588.759,-4.58352,254.7051,586.68274,24.656727
image_037.jpg,163.24327,180.51529,-479.7031,168.85759,171.34778,-466.08752,172.62486,171.01926,-466.0732,176.47937,170.60103,-465.91302,158.5786,172.20811,-464.62576,155.02634,172.36227,-464.56332,151.46613,172.59293,-464.57712,183.7891,174.90334,-358.5174,149.66638,177.24673,-345.51096,172.00677,188.823,-438.12686,158.60812,189.76263,-434.06894,212.27496,222.10388,-246.01299,129.14105,228.35844,-264.0954,235.79912,286.30573,-237.63364,105.53687,295.75958,-248.54704,262.9272,341.1918,-331.54727,74.15852,348.13583,-300.4554,275.17352,353.39185,-355.78143,60.141926,360.54803,-316.08167,271.86484,354.27264,-394.21918,62.65209,361.04398,-352.59982,264.90503,351.88934,-350.09274,71.028366,357.83563,-317.36057,200.84421,339.85284,9.033806,154.27254,342.7224,-8.978027,195.45287,436.257,0.5656993,166.12314,438.81107,-23.621563,181.15663,507.9809,194.8542,172.67973,516.4796,177.85997,176.4836,515.62366,205.87047,174.02322,526.01526,189.92004,184.59657,544.3402,87.19924,177.37929,550.80334,61.598377
image_039.jpg,123.92529,126.44613,-143.34512,128.92644,117.75567,-165.9995,130.47702,117.31194,-166.12987,132.09512,116.79588,-166.20859,128.76895,117.51448,-138.94336,129.91719,117.01567,-138.8908,131.02951,116.56476,-138.78154,144.90912,118.35287,-206.04488,142.94945,117.78944,-78.9372,131.75609,135.23274,-154.77951,131.07164,134.85619,-117.96197,177.86365,168.08366,-254.888,152.25865,174.041,34.8092,185.43066,240.02835,-262.90497,167.62556,247.32129,76.80268,168.97124,303.7308,-270.61786,164.95526,299.1478,56.317486,171.14243,319.57553,-309.16495,167.02808,312.81448,74.932846,159.4498,320.4096,-312.6938,159.76079,314.21194,40.341984,160.0051,314.83398,-272.1871,161.0085,309.8173,41.96829,193.55598,297.8043,-90.987045,174.21825,295.38354,91.356255,184.98051,393.1693,-62.70737,176.51613,385.2417,146.10687,206.34428,486.58768,-11.375735,195.1126,468.5851,226.16777,220.7889,502.56183,-14.315978,207.44838,483.84317,230.88995,163.91237,510.91333,-93.66901,157.8548,492.7588,199.1787
image_040.jpg,129.10783,113.03237,-86.81287,132.86127,101.937386,-110.67328,134.59492,101.16734,-110.7212,136.43115,100.30076,-110.677925,132.50961,101.44838,-80.03258,133.82124,100.51836,-80.03367,135.11256,99.61774,-79.899506,151.73909,99.33331,-166.38934,149.69673,97.78602,-24.417557,139.84451,121.58264,-104.51572,139.15729,121.16619,-63.490177,189.69499,152.90756,-224.18954,177.56142,152.03714,74.50378,198.41673,245.2463,-247.09564,201.26907,237.67621,107.33232,187.91364,331.69678,-243.38306,200.18686,316.74542,97.9254,193.28584,352.78168,-280.13242,201.57523,337.09863,110.23281,180.72112,356.52603,-278.94998,197.43503,338.50128,82.57697,180.55046,348.686,-243.09068,196.88155,331.79065,85.91675,218.5785,299.42838,-89.15166,202.55223,295.32687,89.43806,223.6843,412.37088,-67.02446,184.54149,410.28455,102.596245,278.77316,512.5438,-19.98442,192.96892,515.6779,185.29144,298.14093,527.55524,-22.683865,209.45999,533.8599,188.40819,244.30832,545.35345,-102.88574,141.91318,548.26654,142.61447
image_046.jpg,166.04791,166.77232,-515.63947,172.9479,156.85085,-494.0432,176.97462,157.00522,-494.05225,181.09042,157.0732,-493.9947,162.03653,156.29724,-492.28302,158.30704,155.85446,-492.01605,154.56532,155.4644,-491.85785,187.49928,161.99106,-348.00116,151.61267,159.58481,-334.99597,174.20819,176.20212,-460.92807,159.06078,175.2534,-457.00803,211.13455,221.2622,-212.26869,127.045006,216.13588,-217.55637,235.30421,290.6813,-228.28052,98.2348,282.59692,-204.08157,280.62866,333.17996,-446.87775,48.102734,321.69724,-360.20093,297.32645,343.93134,-486.606,30.350136,332.57877,-392.19672,302.5445,342.60602,-535.4054,24.881956,327.9925,-429.70633,293.45905,340.26572,-473.31927,32.561943,325.06833,-381.88028,193.5458,354.91122,5.0702534,143.8657,354.10718,-4.22873,182.90056,471.5128,-34.03474,147.0559,463.79028,10.318528,185.13126,558.6013,201.26541,145.88335,552.4944,286.786,184.77959,565.70135,214.36337,145.62114,561.0392,302.92154,179.49255,604.24805,55.657482,153.35753,596.7647,146.99022
image_047.jpg,161.9157,176.73718,-348.71646,166.7905,169.89569,-330.32617,170.09071,169.76903,-330.3411,173.47565,169.56775,-330.30072,157.4485,170.51846,-328.41946,154.28384,170.68481,-328.27185,151.0858,170.90244,-328.2437,179.63733,175.25221,-215.4225,148.8906,176.86581,-204.21344,169.51428,185.32372,-306.6654,157.2158,185.94211,-303.39886,204.02103,225.55197,-114.230934,131.94333,226.67494,-123.8705,227.65678,280.22186,-111.74166,116.81743,285.9898,-138.24518,263.20102,324.05304,-273.6368,83.258354,325.75513,-309.29608,276.37195,335.7073,-304.21317,71.26519,337.0546,-347.05817,279.15695,336.88553,-347.8394,69.186615,333.4709,-381.68707,271.92233,334.7995,-295.9154,75.903336,330.80408,-329.73273,193.69495,340.00018,4.3951035,150.53346,340.7563,-3.8968918,188.08467,435.52972,-11.777896,158.9696,433.02756,-8.2101965,187.68639,510.97607,163.99385,163.30836,509.0487,203.45035,185.05994,517.1033,172.83173,164.27669,515.0463,214.84352,190.78648,549.076,45.81144,171.7166,547.41815,86.770134
image_048.jpg,210.37175,178.5451,-267.20663,210.71594,171.82848,-244.76706,213.05392,171.98286,-244.73486,215.5717,172.08398,-244.67511,201.65717,171.3998,-252.49377,197.8629,171.07898,-252.43315,194.04959,170.8321,-252.37845,211.45155,176.83356,-121.24959,182.66223,175.93713,-149.75067,211.50778,188.3827,-220.21231,200.34389,187.77376,-228.60902,228.68791,228.84288,-43.745785,147.72389,232.21065,-58.28246,254.23917,292.7421,-42.153393,121.80185,298.845,-47.40562,303.61728,327.38547,-217.8848,78.330986,339.84045,-176.09485,321.73746,335.12756,-248.27307,63.014652,352.32016,-186.66289,324.3269,334.6638,-286.0805,59.70715,346.8106,-229.66971,314.70874,333.25378,-237.65288,67.67353,343.04147,-194.5351,224.69028,350.72943,-3.9757535,176.65303,356.65454,4.325044,207.25194,445.12396,-252.86916,180.5751,469.18048,-41.108315,212.7957,500.34476,-0.80921376,188.67871,561.86566,116.9545,210.25111,496.92545,23.036964,192.33334,572.5674,126.29565,215.09993,552.0103,-65.724556,184.0159,602.4288,-0.35324696
image_049.jpg,606.96826,170.82774,-414.48184,614.965,160.43279,-393.59378,619.4449,160.93059,-393.5494,624.0542,161.30693,-393.60272,602.3635,159.37444,-393.05658,597.6199,158.73009,-392.9436,592.9116,158.24068,-392.82837,630.01337,168.70323,-246.64279,587.6217,163.93074,-240.27228,614.7725,183.00714,-358.22485,597.2273,181.07623,-356.90097,649.06964,227.73117,-163.91908,562.5789,221.46355,-45.257324,669.8906,289.88394,-87.12835,537.2903,280.51874,66.301636,703.3119,329.2772,-181.49718,509.3363,328.65683,-85.94123,717.2006,339.39117,-199.03961,499.0521,341.14618,-108.906845,718.3013,342.21518,-245.37097,499.57977,343.9153,-170.44328,712.2583,341.3628,-199.26575,508.33072,341.8065,-115.74604,634.60266,353.4701,-44.584724,586.5846,358.00342,44.98775,626.3814,464.71097,-164.30441,583.6455,466.5545,11.32208,631.4402,571.63306,-63.61997,620.42786,509.729,342.24985,635.3306,582.3522,-61.663616,628.6438,508.4663,370.60617,615.8445,623.50037,-216.72601,622.6862,553.99927,287.50644
image_050.jpg,227.30467,41.712425,-367.90945,235.41516,31.151653,-346.68112,240.76485,31.51374,-346.73083,246.23334,31.783127,-346.68533,220.14507,30.53446,-342.92932,214.87384,30.314856,-342.81406,209.56944,30.17901,-342.9985,253.96931,41.542923,-204.88902,204.1643,39.230217,-180.19876,237.46075,58.094852,-313.8873,217.70895,57.09395,-307.1627,290.22803,131.47803,-96.28581,167.62042,128.18593,-76.06226,317.32455,228.90395,-132.53902,143.31416,230.28735,-98.47663,370.6758,292.42114,-390.86917,92.544205,298.64017,-310.6349,389.34262,310.5517,-440.53992,73.794685,317.16223,-348.0995,392.33505,305.8236,-493.70236,69.12642,310.95526,-394.5478,381.37637,301.52066,-420.87604,80.91597,306.68442,-336.3426,265.47693,328.20114,-22.39303,193.78258,329.98093,23.188744,249.40965,470.81754,-44.73685,199.81442,479.07666,20.652039,240.67392,598.53357,169.22676,210.06918,605.56586,263.40057,239.98758,612.14453,177.66656,215.59825,620.0748,273.56494,223.29437,648.9983,19.016201,203.74165,654.72644,113.88582
image_051.jpg,202.14526,136.90564,-235.01636,207.83415,130.58804,-211.9939,211.52666,130.84364,-212.05879,215.36093,131.02934,-212.04463,196.05127,130.33643,-212.19357,192.1275,130.31154,-212.05495,188.19394,130.35326,-212.02934,219.84946,139.24377,-96.60116,182.9286,138.29259,-90.28228,209.03635,149.38223,-193.60632,194.5304,148.99303,-192.12482,245.95358,209.01372,-23.269491,153.07365,205.47124,-25.317287,267.38458,280.32614,-24.583054,131.26056,280.66525,-3.7429895,304.5182,328.95,-196.69942,97.375305,331.90335,-111.22335,317.5231,341.8373,-226.43088,85.21629,345.0244,-123.63607,319.94516,340.24265,-269.11307,81.1441,344.87927,-169.06686,312.11026,336.59396,-218.99121,89.38231,341.87054,-132.69267,228.1089,344.1292,-4.3579297,171.71725,342.58316,4.7704196,226.13657,461.55423,-44.293537,182.57718,457.82706,-10.026203,215.39207,566.90295,107.505226,182.08835,558.879,152.8404,209.66919,576.71533,112.69521,182.66675,568.3299,159.93994,214.40529,610.13074,-27.038961,188.66206,600.6602,24.576809
image_052.jpg,195.469,149.5532,-139.2009,201.77666,143.49393,-121.403,205.56908,144.02768,-121.4894,209.50731,144.48497,-121.49615,189.9792,142.54341,-122.41076,185.9843,142.27455,-122.34982,181.98714,142.05661,-122.38308,213.47476,152.9746,-34.367603,176.10284,149.7056,-34.65159,201.65111,162.90373,-107.10484,187.03397,161.66293,-107.46512,235.99687,222.39554,17.102942,145.38979,216.67952,4.327019,256.89236,295.36816,50.625175,122.50636,292.30316,13.919351,291.8391,347.20236,-21.34006,87.17261,342.8789,-50.595394,303.24762,361.0149,-33.83134,73.19146,356.0958,-52.778957,305.88077,359.44144,-69.43063,71.48036,355.19788,-90.619194,298.06726,355.95505,-37.88337,80.101105,352.87155,-67.811485,219.38428,361.56247,3.5541234,163.8359,359.92023,-3.075017,219.61646,475.28302,-29.975752,170.02855,478.44934,-21.119776,204.19205,579.3988,92.207306,172.88391,581.5936,91.6924,196.07156,589.4988,96.9377,173.68605,591.30255,95.66535,207.85454,620.93884,-3.9060853,180.98463,622.0133,-13.1576605
image_053.jpg,205.1301,142.3568,-164.93904,210.91031,136.17038,-144.8608,214.64294,136.4942,-144.97597,218.52052,136.74121,-145.00986,199.26239,135.84143,-144.69162,195.32289,135.8195,-144.57709,191.37065,135.85739,-144.57672,222.5437,145.34245,-51.01713,185.93822,144.10983,-44.190914,211.70128,155.60062,-131.02933,197.20036,155.1758,-129.36195,247.2748,216.74881,5.228511,155.74503,213.73712,1.8368956,269.88095,288.39444,37.670574,132.25989,288.50925,14.732118,302.96057,338.66367,-54.428814,93.97523,334.97614,-58.718136,314.1485,351.7741,-72.07931,79.64351,346.59488,-64.02082,315.55124,349.75217,-109.856804,76.25599,344.80435,-103.5662,308.20587,346.06824,-72.42267,84.60021,343.30948,-77.53469,227.76093,356.62848,-2.4221,172.19707,355.30234,2.9761078,229.7206,467.03317,-28.238325,183.89891,471.73322,-9.251423,217.63744,571.3838,98.477165,184.38666,575.5846,100.09122,212.05554,581.4091,102.63841,183.69188,585.4512,103.14184,215.76283,612.72705,-5.8927875,194.99588,615.0264,-12.149893
image_054.jpg,229.55682,141.7692,-102.010254,235.27084,135.80338,-86.677475,239.03214,136.1719,-86.775566,242.93584,136.45988,-86.80906,223.97206,135.42215,-86.993576,220.07776,135.40909,-86.941055,216.19044,135.44115,-86.930595,247.34761,145.0561,-18.21394,211.24472,143.6101,-11.848989,236.33095,154.97975,-76.56362,221.9753,154.47122,-74.98628,270.96698,216.04651,16.515816,183.28227,211.95456,16.795254,293.12277,289.74576,34.413918,161.04239,288.97717,21.738792,332.59045,338.68793,-15.181676,123.385994,333.84116,-25.88692,345.85638,351.16956,-22.757242,108.77447,345.71545,-21.28636,348.89316,349.68472,-54.4385,106.54286,342.958,-55.4751,340.50558,347.07,-29.744501,114.914474,341.52307,-41.262722,251.82089,353.35663,-6.6818748,198.26338,352.34814,7.2050166,253.8521,463.99265,-46.770042,201.66516,467.44785,-5.150431,247.0415,570.8088,31.803244,202.92786,570.40686,79.599594,243.24113,580.1344,33.150898,204.15376,579.81586,81.76927,242.7263,613.58215,-51.496765,208.02461,611.02563,-4.880699
image_055.jpg,205.08525,134.113,-102.76387,209.38666,127.812035,-84.42853,212.92163,128.01898,-84.537735,216.60612,128.15227,-84.61224,198.17146,127.69774,-86.501015,194.16231,127.74699,-86.37804,190.14491,127.851944,-86.34558,218.7164,135.86699,-1.5624226,183.21136,135.48485,-2.9024844,210.78162,146.66956,-71.99682,196.62006,146.49849,-72.72548,238.33315,203.26039,30.691946,154.43295,198.74867,35.509098,261.78613,269.9684,25.35711,128.88576,268.64487,37.87219,300.9647,315.4761,-64.66255,94.28787,316.3974,-24.645866,313.85873,328.8346,-78.850716,80.31963,329.96527,-27.343632,314.79272,325.95538,-111.89301,79.1331,328.45743,-58.996376,307.64514,322.83633,-80.52139,87.178505,326.29498,-39.556385,220.12865,341.88327,-8.082788,168.17447,341.1786,8.678955,215.5588,449.88492,-45.103966,172.89317,453.62543,12.916392,210.80469,554.50867,46.49226,171.56688,549.72723,129.40588,208.10803,565.59204,47.724964,172.38141,559.99603,133.3086,205.65366,590.86334,-53.11742,176.67108,584.32855,33.303463
image_056.jpg,194.33804,226.58649,-117.38222,200.74619,216.28673,-112.00435,204.77475,216.13011,-111.987175,208.95422,215.88173,-111.99106,189.71696,216.20097,-108.693855,185.86256,215.8316,-108.63832,182.02086,215.51385,-108.604836,215.89247,218.06967,-41.657696,178.64735,217.15129,-23.967855,202.39203,234.62413,-87.9359,188.24707,234.29703,-83.11903,244.54881,269.95593,9.567621,150.88426,264.96402,16.604637,278.66852,335.35574,-0.18708862,113.60711,329.8576,-7.5933876,335.36874,374.34982,-92.37567,64.067276,374.40067,-113.4128,355.01437,383.84714,-103.85756,45.29061,386.31992,-122.58053,357.23337,383.25058,-133.71878,44.63607,382.9333,-152.04875,346.09564,382.29886,-106.7186,54.025993,381.57233,-129.19394,221.34894,415.86023,-5.92305,163.80026,414.5224,6.678962,222.06012,529.49554,-65.94693,159.06273,527.1456,-25.544846,223.08202,636.46,-9.894355,155.39497,623.86566,92.769485,221.63893,647.22363,-9.455784,156.39993,632.46216,97.80878,218.69606,681.00665,-103.9015,158.79689,667.78937,5.772776
image_057.jpg,184.2558,203.94049,-63.711113,190.04524,192.26433,-78.68314,192.2952,191.01747,-78.66604,194.6805,189.6896,-78.76975,187.06505,194.44226,-54.424908,186.92175,194.64792,-54.416313,186.71547,194.93538,-54.28187,209.47993,189.19772,-94.10157,198.61578,194.61397,19.04498,194.86115,210.27083,-65.63801,190.65298,212.6962,-32.902927,260.82858,238.95276,-87.41569,193.10965,251.86218,81.10208,306.79407,305.5481,-144.02512,194.84912,318.95767,135.25533,359.61374,344.9508,-212.84496,177.9653,360.788,85.20936,381.15393,351.52142,-223.67786,173.46803,373.88025,85.30112,379.86838,353.38318,-246.01035,169.49371,367.43182,64.139404,369.64783,352.91235,-222.96196,172.4168,364.3073,73.00603,241.27347,389.34848,-54.503136,199.36748,392.13867,54.95872,245.21654,500.61868,-51.412613,205.26442,499.46362,52.90223,256.18515,601.24615,23.286774,219.02812,594.4301,131.31108,264.66263,612.49396,27.266474,229.88972,607.9071,133.92238,234.9219,641.70337,-44.497223,194.10928,627.9958,69.79612
image_059.jpg,212.02954,159.12863,-355.78348,218.50696,150.19508,-340.83585,222.59949,150.30281,-340.86163,226.7891,150.3085,-340.76227,207.50676,150.21391,-337.17694,203.53137,150.13223,-337.09662,199.50604,150.13307,-336.9892,233.28983,157.37558,-240.53183,196.0257,156.82928,-222.63219,220.34943,170.60118,-318.47552,205.1515,170.47298,-312.96667,265.38354,216.45883,-165.6839,168.97708,218.9756,-150.94418,302.02133,283.13947,-159.98169,130.44412,286.39276,-159.49654,354.29132,330.5993,-232.91406,80.09014,337.8337,-238.64061,371.96075,338.17813,-248.17165,60.364567,349.07324,-250.95247,374.16934,338.7878,-288.89844,60.037727,346.66388,-285.06882,364.39825,339.4135,-251.29079,69.69866,345.4992,-257.1259,255.08022,355.80267,3.24613,200.7236,356.4594,-2.7286744,257.45798,468.88156,45.958878,198.02493,465.9263,-35.715473,246.10797,530.8906,289.0172,199.45935,558.2298,123.212135,241.87984,533.91144,306.90097,201.77638,565.9306,131.22794,242.7288,576.1308,226.54332,200.9268,605.7163,14.452104
image_060.jpg,179.14796,138.48434,-163.48174,187.14113,129.5503,-152.72421,191.509,129.55052,-152.73814,196.06718,129.43619,-152.77759,175.98323,129.59727,-146.8801,172.45274,129.50131,-146.90811,168.93544,129.48053,-146.92734,206.8743,134.65091,-80.89206,170.37012,133.99626,-49.062687,190.01015,149.45978,-135.8624,175.50381,149.4011,-126.57754,246.12161,199.40517,-28.683176,144.21266,198.18036,-12.070247,282.99548,277.07455,-27.561274,105.14349,274.09543,-7.357961,341.56155,315.4674,-105.85527,48.53342,315.5579,-61.153824,360.5202,322.87555,-114.284935,28.824127,325.43796,-60.4555,364.86337,318.67844,-150.80844,24.319407,319.50784,-92.08022,354.85013,318.9035,-123.57368,33.2532,319.6812,-77.78366,227.02882,358.0213,-11.373689,165.96692,359.38846,11.9394,229.65782,474.09418,-63.973217,169.6114,473.7626,36.374336,231.16176,575.89056,25.862545,169.15495,550.70013,281.63876,231.7245,586.7655,29.042023,172.14305,557.4162,300.73434,221.93066,618.7871,-62.671204,167.95158,589.947,235.57286
image_061.jpg,186.61234,108.538635,-243.74524,190.63908,101.32359,-228.09096,193.67915,101.24059,-228.0679,196.829,101.08107,-227.99654,181.06221,101.5347,-230.23155,177.73268,101.501495,-230.13545,174.38268,101.52286,-230.14862,200.08372,105.36635,-121.52238,169.28519,105.964676,-128.99385,192.02391,117.17609,-203.25287,180.39914,117.36456,-205.40247,220.36282,157.51181,-28.430666,146.26254,158.69554,-63.70887,236.61583,216.402,-23.69686,127.795456,224.01585,-69.55995,271.01163,260.4729,-193.98451,93.586006,270.34286,-200.37183,283.97913,272.15747,-226.0799,80.285706,282.04105,-224.95161,285.65982,271.5827,-265.50253,79.92968,280.2163,-260.6491,278.2667,269.49808,-215.27867,88.33208,277.25458,-218.37962,210.04607,281.8594,16.259506,165.09908,283.86417,-16.002394,204.08623,379.6127,15.027015,170.20505,384.67087,-43.397263,191.78343,456.33563,170.16183,172.67136,468.13364,118.71409,185.18282,465.1446,177.58994,172.679,476.20108,126.63229,198.56851,489.97034,68.929825,181.40579,504.00085,6.4666276
image_062.jpg,177.26385,114.440186,-175.94647,181.63052,107.331024,-160.2483,184.7315,107.28405,-160.3118,187.9469,107.1731,-160.31331,171.99564,107.58752,-160.17809,168.69635,107.61286,-160.0633,165.38094,107.69598,-160.07101,191.82175,112.091606,-69.978546,161.19244,112.70402,-64.60109,183.24045,124.06689,-142.13336,171.43396,124.261406,-140.81621,216.2029,169.3802,-5.0912027,138.03062,170.44632,-9.075132,235.3745,231.64073,-4.7912335,121.12672,236.48108,-10.762536,271.35156,275.14096,-153.74588,88.458855,282.28842,-134.9783,283.53665,287.44778,-184.79674,76.66273,295.79538,-156.58347,284.5478,284.92038,-219.65091,75.12244,291.66623,-189.49464,277.54056,281.63605,-172.57396,82.79449,288.14566,-152.01314,205.21735,297.7432,-5.560583,158.27786,299.67447,6.039509,198.0221,397.2658,-24.539324,162.49965,399.64316,-8.877194,190.4517,482.6884,112.98131,163.83705,481.13116,160.81166,188.6325,490.11453,119.252075,165.70667,488.96722,170.21935,181.61206,519.58527,22.231983,165.11769,515.293,73.07987
image_064.jpg,177.86523,96.78173,-209.18854,183.01102,90.177734,-193.21652,186.13583,90.37624,-193.24332,189.36356,90.50231,-193.2145,173.45102,89.9565,-192.57222,170.28008,89.84609,-192.45854,167.09239,89.801346,-192.48955,193.48438,96.082695,-94.16056,163.23935,94.95068,-87.79489,183.60089,106.85293,-171.89233,171.85751,106.37396,-170.267,217.62831,154.21211,-17.023287,139.14163,155.1493,-22.4932,239.8223,215.924,-6.464411,118.85096,219.86665,-34.04287,282.78662,255.07678,-173.02373,81.65177,260.2971,-192.45468,296.42557,265.635,-208.14938,69.56374,271.58847,-222.4274,299.0303,262.63046,-247.20557,65.9911,266.27505,-255.93004,291.62646,260.32397,-194.12877,73.734505,263.64035,-211.6083,208.22594,282.73776,-5.5914035,162.42159,285.42233,6.0830307,198.95139,384.52045,-24.79256,166.92479,386.6009,-12.607322,194.06001,473.27463,114.39965,169.6528,470.519,157.72066,194.33565,480.20596,120.34285,171.39354,477.8812,166.33847,179.60359,512.1698,13.351096,171.5884,506.33762,56.616764
image_065.jpg,190.60281,119.832,-211.71191,195.61322,112.79833,-194.90913,198.8023,112.99455,-194.92711,202.10388,113.11334,-194.88516,185.49321,112.38957,-196.92479,182.01224,112.13144,-196.8174,178.51395,111.92955,-196.82637,204.96301,118.047424,-90.50522,172.77979,116.374176,-97.61018,195.50784,129.55753,-172.34906,183.31877,128.82997,-174.49738,224.58879,172.43047,-8.029198,146.59691,173.61009,-38.728256,243.18188,235.47571,2.9168265,126.650055,241.82326,-46.523083,281.10312,280.2333,-148.48996,91.363846,287.10095,-184.29788,293.5866,292.06024,-178.69568,78.2011,299.01993,-211.78506,296.10037,290.3215,-216.76476,77.47371,295.45178,-245.42766,288.9636,287.86304,-168.85751,86.02666,292.33792,-202.37465,217.50362,298.44238,12.62,169.95348,301.97266,-12.231358,211.88416,399.32654,-3.268211,174.12059,406.007,-42.6518,197.97339,482.82693,149.76073,171.09097,488.83496,134.31702,191.68484,490.69693,157.6013,170.17966,495.91022,144.28517,198.9759,520.40247,56.087868,180.82074,526.0441,34.49624
image_066.jpg,213.893,114.29753,-93.169785,221.28482,103.12674,-82.62238,226.22917,102.68063,-82.63005,231.34464,102.12481,-82.63198,207.6886,104.403046,-78.84946,203.08221,104.72233,-78.784454,198.4723,105.13718,-78.79912,240.99425,108.203636,-17.672527,196.17368,111.752525,6.3818145,225.81503,126.807144,-66.8331,208.07626,128.26315,-60.07518,281.52554,182.23616,14.194506,170.5631,187.96179,34.24289,327.9267,257.34567,13.9812355,140.62733,269.5094,25.243324,384.4497,314.08435,-51.343285,88.773544,319.322,-46.72282,404.77536,330.66916,-60.059227,69.1318,334.42712,-46.3632,400.44495,330.40515,-95.316376,68.6526,330.54416,-80.97096,389.11432,327.7557,-66.768616,80.71416,328.8736,-63.743454,265.22763,372.2537,-3.1564016,199.43861,376.6561,3.839346,264.6401,508.8284,-6.8387322,216.76561,514.5268,3.4171197,266.00626,620.8897,125.07881,231.27191,619.5868,154.34111,263.5313,632.7825,132.21751,234.49559,629.544,163.0438,267.64047,667.99866,53.737812,238.62668,666.7462,84.30777
image_067.jpg,215.62126,132.59972,-140.49661,224.20891,123.40198,-128.6323,228.79163,123.49321,-128.61772,233.54251,123.47959,-128.6852,212.10323,123.43719,-122.88943,208.20029,123.36986,-122.81256,204.27689,123.3937,-122.78967,243.74226,130.65218,-52.889336,203.6259,129.6921,-21.135986,226.28877,145.19727,-111.579346,210.18993,145.04152,-102.57692,283.74707,197.90031,-17.605087,177.396,206.4284,26.126684,331.74594,260.5783,-57.611267,151.97092,279.23874,12.573101,380.7735,313.65332,-215.23456,101.243835,319.24362,-105.65677,399.81805,331.3229,-246.79153,83.730095,331.00293,-117.2102,391.30267,329.47586,-282.98184,79.1542,324.73132,-152.91978,381.0148,326.12378,-233.37877,88.389626,324.31253,-125.34159,264.11148,374.53683,-9.538845,201.20212,379.7877,10.031669,267.09213,504.83997,-34.560184,212.35124,512.1612,-21.427876,270.8109,611.0302,102.226585,233.94684,595.42194,195.90419,269.72043,620.1162,109.30359,239.0138,600.40045,211.61745,266.33768,661.94086,19.896866,240.1056,642.3292,145.9894
image_068.jpg,222.89268,129.63179,-114.20483,229.18245,119.87935,-102.00776,233.52138,119.37363,-102.011604,238.03188,118.76389,-102.09731,217.23271,121.481285,-97.18819,213.21034,121.97923,-97.08984,209.17839,122.569626,-97.04608,246.93709,124.771385,-30.83215,207.4794,129.06566,-0.61455506,233.85712,140.92723,-86.69666,218.10764,142.78268,-78.23869,289.5877,190.7365,-4.1088285,184.90457,203.61516,48.32927,337.24597,250.84827,-24.101614,155.76695,271.40936,55.087753,385.99896,302.73788,-173.52086,106.43341,316.8276,-45.63175,405.45197,320.82297,-205.40225,89.76359,331.1437,-51.163666,396.45584,319.35342,-242.61647,86.07843,326.491,-90.98903,385.9474,315.93393,-191.84564,95.59022,324.77615,-66.093445,271.04593,368.3799,-19.232586,209.30391,375.00122,19.729813,270.35602,500.6205,-44.901207,221.7972,507.5517,-8.111797,274.18304,611.2045,85.67222,244.8561,594.00433,201.05211,275.77087,620.84143,92.52431,251.68765,600.5556,216.73541,262.18057,663.15076,8.075163,244.30489,640.4104,155.88226
image_069.jpg,204.45378,151.40388,-145.04073,211.0519,139.57005,-141.23137,215.34557,138.80823,-141.1759,219.81624,137.96075,-141.21252,200.03827,141.06946,-131.56584,196.49799,141.25566,-131.48154,192.93799,141.53073,-131.43994,231.01016,139.87564,-77.511955,194.25809,143.96776,-28.879204,216.1813,159.65167,-118.26478,201.87779,161.3663,-104.25807,276.07993,197.41777,-24.046328,172.97107,205.38887,25.558306,324.56088,261.74875,-57.93414,148.87082,278.07916,6.5955534,377.8526,311.9792,-194.85287,98.21403,317.82147,-138.57251,397.6548,327.0396,-216.87425,80.4028,330.73212,-153.85379,392.7051,325.6419,-251.409,77.637764,324.1343,-185.7676,381.59103,323.3915,-210.59317,87.40372,323.13437,-156.60248,251.37001,374.446,-8.329833,190.46613,374.70865,8.910382,250.41202,503.87766,-26.943975,206.7722,499.73315,-6.049223,254.24835,603.4144,111.599205,220.65715,599.59766,139.537,252.36034,612.55914,118.93187,223.7366,608.5409,146.28058,254.70193,650.27966,20.68098,229.67453,646.18146,46.540493
image_070.jpg,224.73758,146.79395,-177.9494,231.51906,136.38506,-166.26172,235.96654,135.88664,-166.23721,240.57713,135.29811,-166.2703,219.57657,137.6122,-159.29465,215.67435,137.84276,-159.18848,211.75555,138.16376,-159.14218,250.711,139.88448,-81.44128,211.17943,143.12807,-42.219593,236.08925,156.81671,-144.78017,220.48578,158.16852,-133.59258,293.2229,203.37317,-24.327667,187.09235,211.47734,16.87373,340.7509,270.40738,-59.16784,162.46005,285.6158,-2.6586137,393.0868,327.25296,-225.70634,112.516075,330.4739,-163.22565,411.73062,344.46796,-258.08136,95.37498,344.38797,-183.80833,406.57928,342.66113,-296.56177,92.53785,338.07556,-220.29837,396.04932,339.34033,-245.09357,102.52075,336.28207,-184.16273,268.94412,379.47098,-14.128911,206.3535,381.8098,14.665203,267.34515,511.40228,-44.15083,218.59135,515.7463,-25.098585,273.74707,617.2657,110.16428,239.64914,607.34314,188.65926,273.6132,626.4106,118.000046,245.98645,613.9469,203.04886,269.34564,666.5026,12.283268,240.60359,655.58276,119.178
image_071.jpg,203.6183,142.99254,-393.7766,208.49596,135.26323,-373.67758,212.26395,135.05777,-373.76376,216.13268,134.77525,-373.70847,197.0769,135.99185,-374.12622,193.05779,136.19858,-374.0292,189.05556,136.48619,-373.9805,221.72392,140.37495,-254.73341,184.47618,142.62503,-244.43883,211.74403,153.22781,-349.0484,197.49101,153.95367,-346.25732,253.50209,198.72974,-176.62108,161.17195,201.73091,-141.06715,276.08582,270.90466,-172.59776,137.85597,270.64612,-117.58979,302.11584,333.79797,-285.1363,96.82072,322.59705,-201.41196,314.02313,347.28662,-311.04175,80.31769,334.02576,-209.72246,311.4647,348.97754,-350.90137,78.53143,333.1163,-253.91208,303.88086,345.47168,-305.2904,87.92028,331.18546,-222.4797,237.20618,324.69574,-37.52794,186.59941,327.4884,37.646915,221.76208,428.72043,-107.82451,199.02399,436.80225,41.367504,216.85147,526.5869,14.249444,232.95386,502.7474,299.34235,219.68826,538.1849,17.69061,243.26428,508.802,319.98178,204.6731,565.0276,-105.74352,222.26628,540.1073,240.45816
image_072.jpg,210.92369,108.675674,-427.19562,217.76523,98.858246,-408.4618,222.43822,98.622986,-408.4645,227.23228,98.293304,-408.32166,204.35574,99.66609,-405.5208,199.72084,99.8762,-405.47498,195.06747,100.14433,-405.45908,235.69606,105.32915,-287.22998,191.35225,107.64989,-267.87598,221.38602,121.02261,-382.24313,204.35855,121.750885,-376.65195,271.82687,174.28018,-184.42548,163.99539,175.70782,-177.64964,291.2779,260.85422,-182.63719,139.07004,256.84604,-170.49777,321.33707,337.94003,-321.60565,98.818245,328.38818,-294.32852,334.14752,356.71823,-350.32306,81.98181,347.80652,-314.76242,332.16003,358.84906,-397.00537,84.27431,347.51303,-361.71866,322.94058,353.2054,-344.39758,95.9577,341.592,-316.7356,253.61389,325.14365,-5.950836,191.47733,324.05927,6.3007374,242.61536,459.11768,-22.25194,190.55078,449.2367,-31.837606,239.68369,564.9941,131.72594,195.24016,551.8785,159.75989,235.27652,576.47125,137.23029,202.10242,562.7854,169.36723,245.45636,612.37634,-6.2970414,182.7729,601.24,32.49928
image_073.jpg,219.14685,107.84411,-472.59656,226.21585,96.15652,-454.23392,231.36636,95.87954,-454.24432,236.5951,95.50797,-454.11087,212.34058,96.909225,-449.4532,207.31602,97.03757,-449.426,202.2384,97.2455,-449.45068,245.67168,102.43747,-332.3161,198.37387,104.7186,-304.7595,230.67813,120.36835,-426.83475,211.8587,121.09355,-418.5494,284.61313,175.82767,-234.74684,169.05692,175.44394,-213.84773,304.94836,269.9435,-241.5362,143.79117,263.6291,-211.1666,340.9463,344.32648,-367.54364,98.19676,333.67392,-333.8819,354.40082,361.42453,-394.85257,80.94373,352.1031,-354.04266,355.28018,362.40283,-441.36945,80.71649,350.33258,-400.87216,345.22974,357.70593,-390.5054,93.30387,345.28018,-357.13574,265.0423,340.56876,-11.092502,201.41034,339.66647,11.633282,250.88995,475.0467,4.754535,206.36246,467.34412,-0.67980355,246.9942,573.20905,220.83191,213.66757,566.73975,243.48636,243.87076,583.4768,233.17453,219.73944,577.2832,258.71658,250.71432,622.4052,104.56163,202.14464,617.0703,130.67523
image_074.jpg,217.54208,61.418472,-344.14462,223.24524,48.031998,-329.88113,228.12646,47.701138,-329.84918,233.15215,47.27356,-329.79092,209.69472,48.536987,-328.59006,204.48885,48.436813,-328.57947,199.25717,48.41586,-328.63702,238.96913,52.266365,-216.01894,192.86508,53.430264,-201.0963,226.88716,72.71983,-299.59225,208.46866,73.2255,-295.2734,272.66495,121.161156,-128.09355,160.6464,120.62677,-103.9931,307.93896,199.62991,-142.21747,125.687096,201.55455,-129.80515,364.16675,251.19197,-305.53146,64.218605,241.69228,-295.0515,384.24283,264.21582,-335.10178,42.302017,250.90785,-315.60272,385.77948,261.3391,-378.4974,38.277752,243.7936,-351.1056,374.58603,259.10672,-328.36023,49.451294,243.36401,-315.50418,247.72583,285.39438,-16.846754,183.28319,286.2738,17.32303,244.36392,411.64978,-65.52804,195.45493,409.69968,13.2574415,244.46437,510.99207,105.33339,201.75009,499.01608,282.36197,244.68526,518.68756,114.873055,205.28151,507.4574,301.18463,234.45593,563.67535,-3.110479,200.03722,546.37054,194.4751
image_075.jpg,202.80028,55.489044,-304.1907,208.98361,46.42993,-288.09808,213.36037,46.60374,-288.08194,217.87271,46.680744,-288.0484,196.49757,46.271923,-287.46088,191.94383,46.19677,-287.3837,187.36649,46.184597,-287.37564,223.27393,54.430527,-185.13036,181.40239,53.509487,-177.65182,211.04822,67.95196,-265.1996,194.18121,67.590195,-263.0485,252.51422,120.38334,-114.85414,152.06636,117.89574,-99.24813,285.36792,188.68233,-104.092064,111.617035,182.70801,-88.77559,329.49207,238.78896,-209.75648,57.107147,228.92966,-171.17598,344.4555,251.21643,-227.36859,37.5493,239.12651,-174.43652,344.98563,249.26248,-266.12515,34.126835,237.1535,-214.17465,336.55695,247.29478,-228.00015,43.933765,236.84396,-190.83472,236.06996,263.44006,-3.125535,177.5904,262.74316,3.5277581,226.74173,384.61267,-10.260804,181.71895,382.1407,-9.42851,219.9689,482.99216,136.91649,181.80862,480.7065,150.6978,216.34708,490.26987,143.70198,183.02043,488.24554,158.1229,213.9758,534.551,25.961191,187.82892,530.74603,37.828312
image_076.jpg,165.39597,92.70697,-173.32559,168.89452,80.51389,-173.09842,172.35919,79.60157,-173.06766,175.9264,78.628815,-173.09358,158.90428,81.81057,-170.8463,155.38419,81.702576,-170.79495,151.86003,81.64341,-170.77914,182.0473,75.58737,-102.87214,148.25955,79.46677,-89.38142,173.19943,96.965416,-141.38393,161.3774,98.44532,-137.57008,218.8062,109.677475,-40.813053,128.11447,117.32776,-18.877956,242.81007,156.05823,-37.80804,103.5901,175.07835,-25.947327,251.3399,196.94644,-172.25565,73.744064,213.99821,-176.98805,256.38885,210.99771,-203.64972,62.661865,225.38022,-201.30714,250.43561,207.93893,-224.50873,64.91764,222.13582,-230.63704,245.96074,204.62706,-183.17957,73.578094,219.53061,-191.95485,205.62016,254.98618,-9.648564,154.49942,256.11627,9.975982,207.0558,357.28094,-44.09769,150.83467,358.74573,-24.605139,193.65805,441.46524,78.356155,156.10393,446.39603,86.643105,190.03793,448.2676,84.54533,162.23805,456.27985,91.177795,183.30576,487.14703,-0.7484543,145.66957,488.42734,-0.15892412
image_077.jpg,195.89032,102.00757,-156.66656,199.62857,89.81406,-158.94786,203.37698,88.86774,-158.96002,207.21486,87.836365,-159.03122,188.8446,91.50906,-156.22221,185.03247,91.63869,-156.18405,181.24637,91.83243,-156.10211,213.7214,85.71298,-104.29767,177.50043,91.04118,-88.14626,204.42302,107.23091,-129.97241,191.60535,109.23508,-125.307434,251.44821,123.146286,-40.997917,157.43547,130.73505,-27.12379,272.30502,176.10007,33.427547,136.42514,185.0025,-3.1434574,292.36224,221.97763,26.989733,109.78376,230.65543,-71.664444,301.1946,234.99088,31.411257,97.576706,244.488,-72.79174,298.4309,234.1674,4.652222,100.19713,242.46147,-100.15141,291.02637,230.87753,17.753132,108.161,239.46866,-82.85715,235.83904,268.86395,-10.929063,183.83849,271.0914,11.251249,250.30363,368.06848,-41.56408,181.54144,371.53552,-17.547537,232.486,457.84198,64.43256,193.07292,463.7898,69.357185,226.76097,466.9347,69.1139,202.18985,476.09695,71.62765,228.22401,503.27246,0.5300709,173.15233,503.2967,-6.7620573
image_078.jpg,174.95438,107.79408,-126.405525,178.19589,97.57357,-125.815865,181.36124,96.50206,-125.79374,184.65057,95.36451,-125.834625,169.5066,99.657845,-121.34397,166.5573,100.01555,-121.306595,163.62434,100.42474,-121.3075,192.57735,94.09085,-77.58494,163.55208,100.61583,-53.87236,184.1876,112.10875,-104.841606,173.50159,114.7746,-97.9028,228.73717,131.86963,-30.374239,148.93384,138.14352,-11.30943,253.1688,177.9866,1.4127284,127.690125,191.52638,-4.8060594,274.1181,220.35951,-41.616474,91.85238,226.63652,-71.39296,284.44327,232.07938,-49.58878,78.75679,235.70973,-72.11887,280.71777,232.46356,-73.21481,76.81103,233.33647,-100.24868,274.1163,229.90405,-51.134766,83.78728,232.60526,-84.17855,208.09084,268.21225,-2.9334502,162.34805,267.74374,3.2525938,212.88109,358.44324,-21.852703,171.65523,360.3576,3.0663834,193.59717,437.71024,72.90596,180.12799,440.8363,85.82825,186.745,445.43884,77.97757,182.40167,449.5813,88.59806,197.31413,476.49707,14.829675,185.51537,477.14722,14.087985
image_079.jpg,182.95508,83.638535,-195.061,187.23793,70.11864,-195.94162,191.13466,69.212395,-195.91266,195.13849,68.2282,-195.97932,175.87056,71.29161,-195.09125,171.75525,71.035805,-195.0414,167.64816,70.84224,-194.98448,201.33725,65.18661,-123.45564,163.00777,68.56424,-115.43108,191.32143,88.655205,-161.29988,177.6498,89.90435,-158.9784,233.91768,102.13478,-43.98472,139.42401,105.80663,-24.32533,253.41328,152.8361,27.810804,118.797066,162.81038,56.04222,277.26813,192.69136,-36.461304,90.49518,202.37389,0.4099881,286.5796,204.02759,-49.67755,78.268745,212.67908,1.2719374,285.55594,201.6394,-80.21114,78.17317,209.50797,-32.27642,278.8301,199.1731,-49.65862,86.20829,207.81367,-12.936587,213.08424,255.8392,-4.4996653,159.24455,256.94604,4.802071,229.42058,357.53958,-30.83843,157.30887,361.39243,-18.772505,207.35281,437.2009,107.69788,164.39497,452.48608,87.12296,198.65892,443.439,115.409996,168.78131,462.23026,90.32432,211.83818,485.96786,43.29492,161.70804,498.6836,-1.5679048
image_080.jpg,175.22855,112.63121,-128.5404,178.50331,100.919914,-127.50528,182.06483,99.76339,-127.47179,185.74901,98.54607,-127.527405,168.36095,103.05662,-123.78323,164.89444,103.33276,-123.720245,161.43094,103.65529,-123.71391,193.26491,96.30675,-66.094444,159.35587,103.0239,-46.83588,184.62341,116.98644,-101.11734,172.4223,119.596405,-95.6445,231.58801,135.31877,-15.293719,141.0163,141.19891,5.8482723,253.09908,186.97969,-10.393121,119.77405,197.48376,3.4116883,271.7267,230.78358,-125.07729,89.28445,240.23485,-124.36617,280.33527,245.09058,-149.04846,77.88994,252.97044,-139.02235,276.07693,243.54576,-172.72162,78.72849,250.20401,-171.01111,269.9344,240.22438,-136.19447,86.60927,247.6212,-139.51761,216.22253,283.1359,-1.316708,162.89113,284.13904,1.7326262,227.52728,381.71866,-26.226328,165.20535,390.0488,-19.410206,208.56094,463.14136,110.925896,167.2413,476.6476,90.71731,201.08748,469.4274,119.36734,169.06163,484.82617,95.32736,209.09943,509.83075,47.376865,173.50723,521.04315,6.6962743
image_081.jpg,206.22612,81.63949,-256.27985,212.46144,72.21248,-236.85541,216.70183,72.35349,-236.84111,221.06601,72.415886,-236.80315,200.15787,71.91881,-237.18555,195.65875,71.65583,-237.07693,191.13326,71.480286,-237.1153,226.09781,79.322685,-126.15498,185.3193,77.89815,-121.22117,213.90793,93.493225,-214.98808,197.65736,92.91798,-213.87352,250.45009,145.97632,-51.980007,156.53003,146.35626,-64.33681,262.75836,224.63765,-25.4729,144.9605,231.26135,-43.039005,289.68814,292.39102,-131.27629,124.816376,299.93503,-118.63704,300.4067,310.95526,-150.04219,115.80922,318.86865,-130.0073,302.42307,312.4199,-188.34476,116.70278,318.19318,-167.3967,294.40375,307.57086,-149.79852,124.680145,312.50726,-135.66359,236.36644,300.55817,-0.36703438,180.24925,302.5864,0.848904,226.56429,411.8968,11.333168,190.21603,415.95807,20.325735,220.79239,503.02695,192.08745,193.75592,506.1272,228.9856,216.5888,511.7695,201.57986,195.3208,514.6949,241.51668,220.63416,546.54974,74.275826,199.28651,548.79364,117.19293
image_082.jpg,213.91397,80.42145,-251.57822,219.51854,70.207634,-235.21112,223.68881,70.15509,-235.17102,227.99522,70.028015,-235.14473,207.52,70.2293,-235.43999,203.03636,70.012695,-235.34537,198.53062,69.88625,-235.39685,232.83621,75.86933,-128.3304,192.49088,75.4017,-125.17937,221.61111,91.2792,-210.64908,205.46146,91.132805,-209.89496,256.77368,140.5276,-55.218567,164.92218,140.39949,-62.338642,268.97177,218.882,-34.435356,150.02342,221.03278,-44.50421,295.45334,288.0553,-130.3246,126.40141,288.47122,-122.9706,306.1277,307.08337,-146.39148,116.73317,307.39014,-134.21252,309.01642,309.2818,-183.13333,115.46779,306.32312,-171.31726,301.07294,304.32526,-147.89276,123.15149,301.0298,-140.4247,240.78595,298.90582,1.400133,186.185,300.02316,-0.8539404,230.91788,406.57635,44.685177,194.01813,411.68735,29.466991,228.88875,494.3606,244.28624,196.05261,501.2908,237.12689,225.63898,501.30847,256.23685,196.40903,508.30014,250.04938,225.40439,539.56995,134.39973,204.24869,546.1901,127.92918
image_083.jpg,180.99715,69.2056,-238.34888,186.26318,61.218166,-220.71524,190.1144,61.476246,-220.70844,194.10396,61.65933,-220.73167,175.06026,60.775715,-221.9948,170.86378,60.539886,-221.8949,166.65617,60.38092,-221.89082,197.87361,69.090485,-120.73589,160.44257,67.21524,-121.493996,187.69054,81.02486,-200.37329,172.48192,80.30461,-200.69789,220.30229,131.55252,-57.84102,132.12422,132.24654,-57.631584,240.26767,203.88112,-39.90671,113.49289,209.21213,-35.543766,274.5269,265.66742,-124.84107,84.99367,270.9837,-104.658516,286.79733,282.58295,-139.78467,73.57518,288.11017,-111.38016,289.4189,283.77304,-175.65309,71.289955,286.48752,-148.86469,281.14413,279.92755,-141.77841,78.70944,282.02548,-122.54427,204.17441,277.51886,-0.183551,151.49661,278.89548,0.7128759,202.61998,381.52542,21.601173,161.22588,384.36993,27.420662,199.8907,467.39236,211.56665,165.96854,468.5403,232.33629,195.61041,473.911,223.18114,168.03748,475.337,245.92303,199.6125,513.11487,115.24299,168.45026,511.58475,141.85374
image_084.jpg,195.79828,73.74181,-279.90924,201.26466,63.729385,-263.0254,205.2522,63.79773,-262.99368,209.38635,63.781067,-262.9673,189.15742,63.421246,-264.47223,184.67674,63.05612,-264.34402,180.16661,62.77535,-264.35956,212.88762,69.310234,-146.3273,172.90361,67.758026,-149.69463,202.29936,84.73177,-234.82344,186.67113,84.10943,-236.04865,236.27269,131.25877,-64.52187,142.56508,132.55788,-75.01424,253.10304,207.9325,-34.031975,124.8533,214.91313,-60.18773,285.2704,272.69073,-137.62158,97.18605,281.00397,-150.67543,297.47113,289.9719,-155.85905,85.97255,298.67218,-165.16365,300.34637,291.51685,-194.92555,83.3662,297.36987,-203.54851,292.1915,287.13757,-156.47913,91.02974,292.35358,-169.44376,222.69106,290.2404,5.1725698,165.92104,292.36142,-4.597455,219.09282,402.72275,22.035751,173.71469,405.75272,16.886768,213.70923,493.46985,217.5836,175.80858,498.17963,224.67088,208.30853,501.68265,228.77248,175.81342,505.75784,236.69269,215.90283,539.562,99.419235,187.29758,544.4588,103.23906
image_085.jpg,211.80911,76.50031,-279.91727,217.22263,66.88268,-260.32413,221.335,66.87511,-260.2879,225.58258,66.794334,-260.24756,205.15298,66.92021,-261.41785,200.72,66.750824,-261.29807,196.25305,66.674866,-261.34665,230.24416,73.210976,-141.52744,190.2369,72.95406,-140.4358,219.44177,87.922134,-235.16666,203.47469,87.782104,-235.07365,254.8936,139.57976,-57.475315,162.80025,139.68945,-74.08335,269.05225,216.86548,-45.955696,147.38382,220.0794,-59.26298,300.02298,283.25674,-185.2226,123.32823,288.6273,-162.01686,311.9498,302.07147,-211.52444,113.03038,308.97913,-181.16872,314.72922,302.8297,-252.11342,112.66131,306.6678,-220.05667,306.77905,297.6379,-206.42928,120.24315,300.52182,-181.24547,241.71123,297.24637,0.042468436,186.12337,299.29288,0.51738846,230.06169,408.0162,9.898269,192.18675,411.44836,25.325554,226.466,503.2356,194.79387,191.29173,500.25803,259.70618,223.33226,512.52124,204.27235,192.81381,508.51395,274.267,224.5015,546.634,66.856346,193.09906,542.9901,143.70958
image_086.jpg,237.242,54.643394,-177.11382,243.36765,44.724346,-161.59941,247.96132,44.55149,-161.59212,252.722,44.27701,-161.58818,230.52042,45.652447,-159.77371,225.86066,45.97269,-159.74863,221.18256,46.376083,-159.774,259.17337,53.00777,-73.975586,216.68265,55.34623,-58.40217,246.95613,68.28569,-144.15808,229.6238,69.30126,-139.89828,292.32626,135.98196,-16.85576,186.81468,136.81007,-14.008931,321.9913,231.46724,9.036415,150.79765,231.02577,-15.472337,386.95737,283.41254,-52.08416,94.26851,285.88892,-95.01922,406.72714,293.8389,-56.441532,73.596596,298.8617,-94.14238,414.50488,291.45325,-99.53404,69.5592,294.23944,-132.90178,402.9763,290.2791,-71.96734,81.18275,292.7792,-114.19854,277.30142,314.16937,-0.027027523,214.48015,318.0694,0.8227583,278.45776,449.27164,-1.8291068,221.06969,456.87415,-7.281696,273.31503,567.5065,136.42386,224.02835,572.1932,156.64833,269.44284,578.3162,143.2042,224.63362,581.1691,165.07768,274.08334,619.8533,49.37158,233.72252,625.29004,62.980564
image_087.jpg,249.3332,59.57962,-192.04211,254.7195,49.984608,-173.47899,259.21884,49.817715,-173.46022,263.87674,49.556366,-173.44246,241.59923,50.997257,-172.75092,236.838,51.391777,-172.69563,232.05162,51.871113,-172.73189,269.05624,58.500435,-73.687706,226.26021,61.36291,-62.069847,258.33444,73.82861,-154.72937,241.07538,74.959526,-151.70161,299.36752,144.22324,-8.330319,195.81613,144.6417,-7.870994,325.90088,238.66931,8.7315,159.78503,238.37439,-10.308702,391.33447,290.80698,-103.32,105.43611,297.0933,-113.85566,412.00348,303.15985,-118.250496,85.37375,312.21985,-116.581184,419.4779,299.6085,-165.50807,80.47163,307.0855,-158.14037,407.79376,297.6039,-126.43426,91.76094,304.61774,-134.55142,284.45346,321.20694,-2.0925198,221.40034,324.85062,2.8993034,288.09332,451.16302,-13.786701,229.2105,462.5417,-15.826193,280.03232,573.46594,135.42458,233.48073,581.25055,151.55421,275.57535,585.3879,141.8109,235.22731,592.1145,158.98416,279.1087,623.52985,36.260838,238.30246,630.30615,41.86695
image_088.jpg,263.90643,53.42867,-166.05669,269.98825,44.455482,-149.12439,274.62036,44.388172,-149.1293,279.4115,44.221066,-149.11703,256.72095,45.330284,-148.28453,251.99963,45.737293,-148.27568,247.26595,46.22493,-148.3375,285.5998,53.92144,-59.634823,242.29826,56.257004,-49.211815,273.48178,68.14206,-132.48445,255.9412,69.131226,-129.70834,317.22052,140.65196,-2.769725,212.6863,139.89572,-8.675857,347.17038,235.54813,26.77643,175.91858,235.1397,-14.189709,411.86005,286.48425,-36.249653,121.21798,291.64093,-92.48966,432.34598,297.57202,-41.422806,100.62772,305.33063,-89.839005,439.45294,294.78485,-85.462746,95.984985,300.86752,-128.66191,427.86127,293.5433,-56.619225,107.189964,299.39734,-111.589874,299.85345,316.27805,3.464369,236.32927,319.04465,-2.689394,300.6182,450.03467,-4.716932,244.07767,459.68686,-20.714703,290.82068,575.64685,126.76449,249.9894,582.7328,120.09821,286.21555,589.18677,131.76457,251.41017,594.7035,125.300896,290.74417,623.0985,34.244522,256.8185,629.80707,14.798221
image_089.jpg,226.62614,114.759346,-132.83488,234.06058,105.21444,-117.43072,238.84904,105.333725,-117.385216,243.8203,105.35127,-117.34163,220.82472,105.359474,-116.6678,216.26035,105.42731,-116.62129,211.65775,105.5844,-116.74547,252.10439,114.08977,-31.788927,207.3692,114.213806,-21.962587,236.60211,129.77684,-99.93804,219.03163,129.78995,-97.218956,293.59064,193.73279,7.208893,169.3897,196.53937,9.055245,334.635,266.5041,-11.416455,141.64934,282.2219,-24.536657,372.03864,337.04596,-195.45949,88.55234,338.36453,-166.99442,386.47833,363.20847,-238.6705,70.515816,357.19107,-190.16629,374.52176,360.29254,-279.7176,69.89577,352.23737,-233.09904,365.1983,352.55185,-216.29054,82.343285,348.5077,-188.89523,266.4136,389.87988,3.579672,192.19055,391.5141,-2.7470527,265.70218,533.27576,-26.812456,200.85905,537.11426,-35.433403,261.1148,645.8717,147.93413,212.37892,645.6629,174.22923,255.41896,656.5725,157.80188,216.94609,655.8399,186.35843,264.12424,700.10944,65.43162,213.45969,699.9033,87.029274
image_090.jpg,218.45338,108.54841,-111.56923,225.01596,99.41066,-94.92191,229.679,99.3267,-94.87366,234.51805,99.13721,-94.83445,211.75954,100.11213,-94.50283,207.13432,100.374146,-94.4857,202.47272,100.72388,-94.60024,242.1106,107.094986,-6.19367,197.7006,108.97795,2.9694574,228.40504,122.505936,-77.778564,211.03769,123.22257,-75.20142,282.4221,184.84055,29.34229,161.88477,187.35057,33.02694,323.97153,259.49197,10.445481,130.8373,270.33484,7.6278296,365.60422,330.61456,-151.70229,79.04384,328.51266,-119.87979,381.26736,355.8477,-188.49408,61.145615,347.87866,-138.81926,370.93185,353.66986,-229.61499,59.960804,343.91467,-181.55884,361.12546,346.03012,-172.23134,72.25704,340.30185,-141.4352,254.14105,381.69827,2.4199395,181.34143,383.0707,-1.6357105,256.63907,523.90485,-27.486935,190.68364,530.0687,-34.577427,252.09451,640.99774,137.57327,203.62976,644.2173,152.53482,246.5716,652.5689,147.0832,209.03523,656.14343,162.6092,255.42755,694.5892,55.060833,200.1318,696.43787,59.166992
image_091.jpg,188.43262,48.614388,-145.18811,194.09038,40.088108,-131.0383,198.10457,40.036644,-131.06259,202.2696,39.923172,-131.10176,182.81418,40.355385,-129.32755,178.82358,40.410896,-129.26358,174.8167,40.537975,-129.29408,208.65433,46.40936,-51.119625,170.97499,46.911125,-36.236897,196.94778,60.077606,-115.045616,181.84657,60.330723,-110.740036,238.39938,110.85586,-7.11861,142.72287,111.53087,19.02508,268.90472,173.21417,-39.508976,118.59107,179.2724,25.098343,311.4761,216.9206,-178.17361,73.89097,212.88771,-69.50662,327.21408,231.30722,-203.05759,58.516987,223.29326,-74.498726,325.4526,228.53091,-237.36125,54.440025,217.03735,-110.764534,316.4496,225.71327,-195.4101,62.582954,216.01033,-87.1713,212.42809,263.0509,-7.508458,156.92726,262.94073,8.10613,205.78877,369.29062,-4.0076375,166.16554,374.176,19.955267,201.70691,458.23343,149.56052,169.49348,462.00693,190.01714,197.42625,464.89587,158.23497,172.22966,469.56543,200.28658,201.4626,502.04776,75.00889,169.63031,503.67014,117.611374
image_092.jpg,174.38918,60.485855,-171.29288,179.01488,52.246853,-157.07324,182.74083,52.131187,-157.08298,186.6099,51.94873,-157.14243,168.29372,52.798214,-156.19266,164.38782,52.987328,-156.10753,160.45445,53.26021,-156.11766,191.57329,58.710796,-77.94421,155.9959,60.074394,-65.84713,182.19223,71.81114,-141.37215,167.75923,72.47629,-137.98897,221.005,123.55179,-39.582733,127.876526,125.779274,-8.2647705,247.80968,188.51283,-66.70767,100.95635,193.94284,8.616529,290.11758,233.5586,-201.71393,56.634075,233.54861,-63.384426,305.28378,246.79472,-224.92001,41.0777,244.29279,-63.284176,304.82285,244.13292,-260.37598,36.73125,240.01434,-101.26377,296.31277,241.89893,-219.32608,45.149567,239.41092,-81.246414,198.18256,277.55316,-12.288271,143.66084,277.75488,12.828892,193.67607,382.48102,-0.059338566,150.79066,386.75644,23.85334,188.99382,468.73907,158.18407,155.1281,474.04727,185.2565,186.79012,474.24692,167.56088,157.64845,480.38037,194.68965,183.00446,516.3813,87.7415,157.19911,519.5293,111.15264
image_093.jpg,165.03244,72.5301,-181.36877,170.7764,64.38607,-165.20717,174.75243,64.537315,-165.2364,178.87062,64.61885,-165.27339,159.40884,64.19582,-164.43748,155.34665,64.1008,-164.32253,151.2599,64.079506,-164.33044,184.5274,71.736916,-75.43188,146.51768,70.72227,-64.74121,172.87659,84.50688,-147.79703,157.67586,84.18647,-144.81763,213.43167,134.87697,-27.961582,117.06271,136.95265,-1.4887388,243.44386,198.17732,-64.43671,94.167496,206.07207,12.3103485,286.79953,242.09474,-229.61848,51.816784,244.26509,-79.35387,302.7459,255.81137,-260.71814,38.075665,255.54008,-84.44593,301.23352,252.65013,-295.55453,32.44866,249.77737,-125.083885,291.99023,249.99722,-247.94849,40.16379,248.4921,-98.4244,192.21027,288.33243,-9.856189,135.57607,288.5919,10.450497,185.90013,396.30014,-3.3780193,142.90517,396.74008,24.937002,182.57396,483.175,165.05856,146.81657,483.20804,198.75468,179.29247,488.97513,174.66652,149.70967,490.30957,208.88153,178.7751,530.84576,79.30545,147.39674,527.6869,114.03744
image_094.jpg,172.7008,137.38432,-168.13074,175.61919,128.41534,-154.92384,179.01944,128.09654,-154.94514,182.55693,127.72057,-154.99373,165.43283,129.22144,-155.59149,161.50322,129.44133,-155.5059,157.54272,129.73686,-155.52365,185.07259,132.68607,-75.65849,151.20001,135.14874,-70.47749,178.97061,147.611,-137.48605,165.474,148.65752,-136.06955,211.76389,193.0612,-35.177235,121.17653,196.38826,-8.704146,240.00919,255.70645,-70.28263,93.36348,264.80997,-2.5573678,282.97507,298.4397,-221.63557,46.90948,301.7779,-81.253456,298.76144,311.3737,-248.00273,31.09553,311.77374,-82.80331,297.36066,307.78616,-282.65125,25.514973,305.80786,-118.131615,288.6191,305.5053,-239.42085,33.611576,305.2783,-98.20736,187.21577,344.37354,-14.207438,134.62344,344.67743,14.794745,182.45247,444.00745,-1.676601,140.66153,449.58734,31.284872,175.46161,531.95654,145.4758,145.94957,538.1837,179.35242,173.42726,539.3789,153.2119,149.65747,546.92316,186.45892,169.33836,573.80475,73.48538,142.33159,577.7087,99.70405
image_095.jpg,163.20517,122.4567,-199.59377,167.97646,111.695625,-187.90034,171.86531,111.42585,-187.87029,175.88605,111.09656,-187.85976,157.01231,111.80772,-186.38808,152.94774,111.549644,-186.30644,148.84727,111.35726,-186.35995,180.95993,113.520615,-95.71967,143.456,113.563644,-82.87994,170.67467,130.87636,-162.74168,156.09229,130.86966,-159.07785,208.7278,167.0534,-33.49888,115.08617,165.42094,-3.3571672,237.37643,229.81596,-61.668465,93.20672,232.34373,-17.351072,277.607,270.5981,-225.46701,50.68019,264.72018,-165.10887,291.83588,283.4278,-256.8213,35.58408,274.0629,-183.8721,291.05942,279.6769,-290.5232,31.13896,266.3318,-216.69792,282.45688,276.88593,-243.1009,38.95244,265.73703,-183.44963,181.39532,316.5922,-11.128581,127.52836,315.3765,11.620094,179.62856,417.45346,-5.5416484,136.97743,422.03784,16.152483,182.41,499.92206,164.0024,142.00018,504.82675,206.7331,181.20146,505.0538,174.45998,145.41158,511.5728,218.46109,175.92255,545.4172,82.808525,140.29109,548.174,124.46026
image_096.jpg,259.1374,78.900955,-238.04843,266.126,65.8197,-229.85121,271.2564,65.90742,-229.83447,276.54962,65.89256,-229.74089,252.27795,65.13338,-229.69461,246.93471,64.5589,-229.65862,241.57652,64.05915,-229.58865,282.17715,70.79582,-143.91563,234.26134,68.19345,-137.38466,267.602,90.92948,-201.9502,248.89912,89.88101,-200.08693,313.11426,138.55014,-67.53376,194.63585,131.68791,-75.98632,344.27625,221.2157,-51.63793,158.98389,216.10725,-75.63605,404.88422,281.198,-135.2434,102.31511,277.4683,-160.94136,424.9614,296.2679,-144.25136,80.853485,292.98782,-157.81258,428.2725,295.47028,-186.61603,76.741035,289.97656,-201.03091,415.1788,292.38007,-154.0564,89.728165,287.82962,-180.75873,286.20667,306.57156,3.4248307,218.1765,307.23553,-2.783719,279.522,430.65253,-16.178486,223.12119,433.33725,-24.828932,273.23755,530.0547,106.058784,229.16818,525.38226,162.87677,266.72287,541.10126,112.18544,233.85555,534.78284,174.39032,280.4769,578.2102,19.356375,221.55328,572.1173,83.38201
image_097.jpg,220.41846,143.69434,-319.12164,225.9715,131.27606,-309.1895,230.24599,130.88188,-309.1428,234.61649,130.41103,-309.09634,214.5106,131.63019,-307.2147,210.2839,131.34813,-307.12982,206.01932,131.12474,-307.0445,241.2371,132.04692,-204.39491,202.00946,133.0317,-192.27657,228.9813,151.47995,-276.62537,213.79059,151.83282,-273.19992,269.6136,186.19382,-99.31962,177.6338,180.75932,-113.01768,291.8576,255.61937,-108.082504,144.30504,245.34526,-142.39104,339.41736,292.69818,-274.98038,92.659744,281.67996,-290.2889,356.12857,302.8095,-303.85168,74.0837,292.32495,-306.847,361.0057,299.31525,-344.4863,68.84977,287.05267,-345.17435,350.5551,297.43756,-296.5305,77.937454,285.9674,-310.53262,252.37929,327.2091,3.6555176,197.33084,324.74738,-2.8882856,250.08711,433.11948,-37.948647,198.10948,431.2835,-64.39908,243.35008,519.528,128.99983,202.19046,522.4225,122.52458,238.90546,528.5661,136.94902,203.68344,531.04565,132.34367,244.26868,560.4426,12.227817,205.87193,565.3641,2.0172567
image_098.jpg,200.30171,180.1358,-304.9427,206.65977,168.32736,-293.4914,210.95047,168.16,-293.44852,215.3358,167.92014,-293.39917,195.24162,168.14787,-291.3775,191.10648,167.71925,-291.3186,186.9308,167.35112,-291.28772,222.10995,170.43683,-185.68045,183.42807,169.63039,-173.40591,208.7192,188.55458,-262.13602,193.56784,188.24763,-258.6905,247.45898,226.00558,-79.29631,157.7166,218.20482,-95.3012,269.1049,297.79803,-104.66113,122.72448,283.8986,-127.485695,323.81845,325.742,-288.98883,69.383415,317.30908,-279.19818,342.2884,332.08484,-317.39963,50.62224,326.54056,-296.22696,349.53244,327.54395,-357.8934,45.480007,320.0888,-332.24673,338.4974,326.77902,-311.27454,54.22727,319.50116,-298.3856,229.26324,367.59448,2.8351738,175.19707,364.70786,-2.1024654,229.5954,473.27753,-32.0811,178.38719,471.6505,-33.45532,222.0469,557.4526,142.32768,183.81972,559.2826,153.35378,217.44489,566.1992,150.86507,185.79253,568.026,162.3937,222.5499,598.29144,24.209063,186.44325,600.6138,28.728024
image_099.jpg,238.64671,219.36433,-343.6001,244.85805,206.9777,-332.0178,249.14264,206.75333,-331.9453,253.50845,206.4534,-331.87357,233.49687,206.8439,-329.70404,229.30737,206.33447,-329.6297,225.0807,205.90126,-329.5372,259.90482,208.48428,-219.08627,221.1574,207.71423,-207.42705,246.8995,227.33235,-298.52252,231.52194,227.15611,-295.00275,285.39795,263.5025,-108.04644,193.71072,255.3595,-132.81189,310.58963,331.25497,-124.12245,157.64882,317.75644,-162.91743,366.14017,363.7416,-310.40472,104.67537,355.02698,-322.22528,384.84653,371.04514,-341.02136,85.28804,365.9164,-345.8516,391.03894,366.89627,-386.47726,81.50983,360.13138,-383.278,380.58942,366.13156,-334.7299,90.21862,358.53424,-343.18472,264.97818,405.7342,8.529942,210.90506,402.42554,-7.743449,265.16165,512.9553,-32.90321,211.85706,507.62723,-80.260345,257.064,588.798,172.20183,219.44328,595.6631,130.26509,253.0238,595.78516,184.10707,221.30005,603.43945,141.99498,257.1216,632.96747,61.227013,225.59169,642.10815,5.608428
image_100.jpg,237.50882,205.06592,-362.6561,242.96056,192.6061,-352.6314,247.05905,192.36336,-352.64688,251.23758,192.04031,-352.57864,231.69524,192.42642,-351.77704,227.41493,191.88544,-351.6829,223.10124,191.40454,-351.58383,256.40768,193.36461,-246.7245,217.63258,192.49995,-238.01405,244.76862,212.94348,-319.413,229.89738,212.60674,-316.94537,282.78415,244.34467,-145.50089,189.63744,239.71394,-152.89053,302.1912,315.24695,-142.0556,162.06918,308.18842,-152.17134,338.65826,372.41736,-269.2703,120.06553,361.45944,-253.18211,352.68307,386.93442,-292.2546,103.85973,375.43204,-266.57626,356.10916,387.24026,-333.65884,100.26092,374.17584,-308.3885,346.58435,383.9534,-290.38248,109.39597,371.49503,-273.43982,264.03415,383.40472,-5.654794,210.28905,382.44366,6.2828255,260.00217,486.35703,-66.11334,208.63333,482.85327,-89.87332,254.28716,571.4841,85.89362,216.72682,574.37244,96.44421,250.48715,580.4701,92.263756,220.62592,583.421,106.88914,255.10255,612.704,-30.700808,214.85149,617.1151,-18.877802
