image_001.JPG,959.78406,530.3218,146.54074,968.96875,514.258,166.0394,968.47797,511.483,166.26686,968.07007,508.86526,166.14896,967.713,516.6172,110.40537,966.7817,514.6769,110.41933,965.7893,512.6829,110.32273,956.15283,491.58267,247.37741,953.36145,498.1401,7.303319,944.69965,528.00244,185.05052,943.4306,528.4452,116.32726,864.51953,453.75937,380.2017,886.7116,510.72473,-164.88945,780.5429,450.1549,559.8583,799.9087,507.96848,-406.52386,789.5276,534.6499,724.5813,814.38776,582.9544,-618.116,806.80505,545.4875,780.243,831.4238,593.4752,-662.86255,811.2645,556.9478,746.8457,836.49634,593.9145,-623.52893,805.7404,557.303,713.3632,827.46356,588.49115,-604.12994,662.26044,474.49,174.97023,665.87885,512.1393,-174.57146,491.39502,501.06625,163.15291,475.64117,525.1364,-238.71486,331.1348,496.643,209.86404,309.61584,503.8031,-289.29825,300.843,484.358,207.04802,282.2933,483.83423,-300.76114,312.9329,565.6806,141.24646,281.7193,569.35504,-403.2299
image_002.JPG,935.6399,474.49768,77.73658,947.9316,463.90854,92.73135,947.5524,461.9575,92.867355,947.25244,460.10248,92.70459,948.2816,465.17853,52.138992,948.41705,463.33432,52.187473,948.5103,461.49857,52.012146,939.03015,445.19626,160.99492,940.85126,448.96558,-14.073017,921.5758,471.2205,110.58522,922.0582,470.16757,60.151386,845.55884,407.55612,286.81647,875.20386,456.42874,-154.71434,753.93774,422.75052,409.60547,778.9295,474.03763,-357.84692,761.19147,502.73767,497.06125,801.6378,555.9104,-518.9269,774.73584,512.01337,535.9879,818.0908,569.56415,-556.9757,783.87384,522.19806,502.6813,825.93286,568.2527,-522.7249,780.00653,521.5015,484.9865,817.0976,562.4239,-505.0776,646.20746,444.1786,136.23994,656.495,476.58804,-135.99127,473.30902,471.24118,161.42647,468.73685,503.63232,-150.88605,319.4469,481.8286,224.66505,301.24094,495.98425,-174.16295,290.3474,475.14862,225.4011,270.59668,482.77704,-183.74574,305.37558,538.41943,166.15984,284.1475,554.54706,-278.16373
image_003.JPG,359.23758,506.4433,-419.3103,353.08298,495.56366,-455.16302,355.4146,493.74896,-454.80106,357.71176,491.91455,-454.8136,348.98154,494.77466,-419.53006,348.46884,492.91956,-419.21005,348.04773,491.11792,-419.28986,374.68604,473.93173,-506.6569,362.21964,474.28192,-340.28732,383.179,499.9648,-428.90955,379.53745,500.06082,-379.39832,491.43082,454.6807,-498.37466,408.81436,414.08377,-150.4368,593.1394,460.91818,-415.00998,468.46902,432.44897,132.81625,555.9967,544.3564,-348.46405,458.5569,511.71143,232.13292,547.426,561.6408,-412.42758,446.26215,525.62805,235.12091,527.5572,560.0537,-405.7361,445.45062,525.02625,192.35869,528.08606,550.8136,-348.5259,453.9332,520.8098,217.09834,643.76666,422.71176,-142.1035,594.86865,400.0705,142.65587,753.9916,431.88876,229.83566,710.2023,422.38583,483.89627,855.99817,428.91003,629.73047,799.9661,435.8889,854.211,877.0448,413.44293,668.61005,821.01825,422.42093,898.0399,869.1467,501.06668,645.2092,816.0298,507.59738,923.9692
image_004.JPG,864.9615,433.67218,78.63631,884.5382,419.75043,101.51883,885.27637,416.90878,101.65794,886.138,414.1924,101.51539,884.25525,421.01932,42.43239,885.2076,418.58878,42.394627,886.1274,416.22028,42.314644,885.30444,389.92343,192.96948,884.2724,395.27567,-62.690487,851.2227,423.91812,120.61306,851.3254,423.94736,47.091785,791.5503,341.92935,340.76743,809.33453,375.09653,-219.20294,678.12354,331.1476,485.23755,684.9944,362.46637,-440.20425,709.29346,426.2986,513.1617,719.94116,457.61978,-556.9888,730.82715,445.8505,529.5791,734.3294,479.63666,-589.53284,738.6499,460.84824,498.46497,748.3485,475.0449,-567.7901,733.24725,455.38965,496.1487,742.40125,465.04822,-545.6424,544.1773,339.94342,173.01718,538.98047,362.49695,-172.37642,328.38144,362.68304,163.22456,318.72342,400.15875,-159.2104,142.71184,372.80994,230.7521,113.02221,403.22656,-151.23563,110.123695,359.2229,230.92293,76.98328,382.6552,-156.04524,112.547676,442.32306,144.25728,84.854164,491.67642,-267.38922
image_005.JPG,319.81107,352.80133,256.4569,309.0854,342.2431,238.64633,308.34497,339.405,238.72731,307.50827,336.47137,238.68486,311.2523,343.46286,277.4228,312.0169,342.07846,277.17148,312.88293,340.704,276.96112,314.18765,321.1689,170.22174,320.9059,326.34848,345.66513,331.34857,346.62534,233.94153,333.2328,350.09885,284.9847,349.6927,337.50815,44.983738,405.9396,294.929,384.5011,368.07617,409.51117,-92.308945,492.0128,329.93106,492.79218,331.96896,451.23074,-110.25941,494.32797,371.45117,546.2091,319.4496,456.68906,-128.79063,494.29404,376.2093,573.3235,318.01917,453.79617,-111.37173,486.38895,382.75336,548.7658,326.2576,450.61072,-105.04631,485.3089,383.9075,536.5469,548.32416,371.40286,-117.545876,563.56647,342.59857,117.16059,737.0797,391.8078,-194.3394,744.77155,354.79382,43.567055,929.3504,425.90295,-337.30588,914.1847,383.48633,-26.234255,953.01776,416.39978,-352.54227,941.6781,380.66354,-37.18865,979.3376,478.9013,-427.64706,947.4148,419.0044,-110.271545
image_006.JPG,122.79712,495.68106,-29.579592,105.77095,482.5326,-71.31649,105.88565,479.7816,-71.27663,105.92538,476.87103,-71.241684,105.53094,480.7121,-24.683332,105.47527,477.72485,-24.758638,105.56558,474.71497,-25.07596,117.65617,452.24594,-180.06343,115.68043,449.78903,28.422842,144.99622,484.49463,-58.12338,144.83952,485.36865,2.2742078,229.63339,458.1114,-244.56593,234.23357,380.01044,156.18965,364.0536,501.33557,-248.86952,359.856,377.9323,326.34055,315.61453,579.543,-170.402,320.98737,449.22763,495.75198,296.0079,597.2847,-196.61488,299.29605,456.5605,533.4255,275.61987,594.3918,-165.25793,290.95175,473.92227,497.3832,286.08026,585.60815,-155.44359,302.7866,473.3312,483.5794,528.2488,470.92288,-141.89746,521.0902,424.94778,141.77905,762.80066,481.34058,-44.81843,727.34937,442.53763,199.35829,985.13275,461.87085,27.329659,920.8081,436.7669,321.68246,1022.44257,438.5306,27.174389,960.1973,416.93942,331.75195,1014.6712,539.35516,-49.4472,936.3122,517.4392,307.90308
image_007.JPG,200.68088,485.27762,-57.72514,185.16702,469.41354,-84.814674,184.93686,465.69345,-84.7606,184.62268,461.84,-84.831726,186.66714,471.76752,-37.54087,187.51303,470.2654,-37.49504,188.53003,468.82748,-37.53658,197.16438,436.13223,-129.68861,200.03018,445.7809,79.54708,220.96227,473.2806,-66.16415,222.53195,477.2993,-6.348818,294.29263,415.20422,-223.80533,307.67804,402.04645,223.47493,397.9975,454.6126,-398.2814,391.71472,420.66794,369.74792,332.21323,551.2049,-534.6555,335.82138,494.84628,473.9763,297.6205,568.62115,-576.9141,307.86658,500.16354,499.83768,288.2545,558.6296,-538.0029,303.23163,507.5572,466.7536,302.75818,554.6869,-521.7445,314.8772,505.2818,461.36804,589.4429,411.23795,-146.74687,581.41034,404.35168,146.60432,808.6504,436.32217,-87.42676,782.55365,429.42902,125.34886,1013.65564,426.61777,-56.72206,972.9728,432.07657,193.92159,1046.9181,402.75018,-58.51454,1005.2087,413.51633,195.59955,1039.0554,498.61752,-168.62248,1001.9314,509.93912,119.16908
image_008.JPG,193.03809,415.92993,-38.54052,176.59956,399.09308,-67.526886,176.151,394.68875,-67.470634,175.59772,390.15256,-67.43781,177.8556,403.51877,-23.41605,178.14722,402.4499,-23.407806,178.527,401.431,-23.527811,185.64021,361.47327,-126.90677,187.06796,377.83856,72.18814,212.61554,400.92776,-53.889965,213.57666,407.32703,3.4411483,277.27625,342.67166,-232.44687,291.51105,336.49445,193.00676,389.84122,385.68924,-345.0276,391.04245,351.46802,292.98688,335.80737,481.62445,-375.49646,349.49805,421.135,361.02997,318.65005,504.01544,-403.3014,333.03412,430.98642,380.94656,302.18805,501.18448,-383.99915,325.42313,438.80453,355.774,312.01913,493.22345,-367.32373,332.81152,434.334,349.1052,563.00336,372.02795,-135.58598,557.659,364.15485,135.48538,783.86707,413.66187,-64.49494,759.0639,379.9932,97.253136,986.8364,386.43506,-42.564198,954.5904,370.61157,124.926605,1019.1627,355.15585,-43.078995,989.6888,346.34268,122.85486,1022.7168,459.3128,-114.272224,986.33215,449.12717,74.21517
image_009.JPG,942.2772,407.84167,-247.28195,959.18384,387.2679,-237.63757,959.8361,383.7526,-237.58044,960.4735,380.5788,-237.77884,952.9233,389.27658,-279.6435,949.49365,386.37112,-279.59546,945.98224,383.4785,-279.61514,940.8544,345.7619,-148.15034,922.98663,349.65616,-322.40903,915.68945,390.78406,-204.83833,910.0336,392.35016,-254.44395,853.12573,254.38507,-62.27964,761.3617,313.21613,-309.53842,750.9042,182.90002,103.59304,602.8908,290.10205,-264.764,729.462,245.36917,236.03372,627.1223,427.54272,-237.85913,751.35345,253.4171,240.89297,643.16925,465.08475,-289.04916,749.6454,269.78845,206.33824,673.9827,460.12744,-269.12097,732.46405,267.3356,222.30418,667.30646,441.9286,-234.6738,578.1432,202.22153,97.727745,516.3899,229.76225,-97.55689,386.2955,223.50002,242.48286,320.98157,248.67085,65.6263,238.94904,204.75035,443.48315,160.79149,223.26074,217.62578,214.24654,181.0243,465.71024,132.28613,201.81094,233.5071,222.90265,285.95422,488.43686,153.46759,309.3296,212.2126
image_010.JPG,592.7444,344.5451,-25.857332,609.253,337.3133,-27.582298,611.1647,334.11658,-27.586891,613.0625,331.05777,-27.861979,605.2714,340.7003,-61.280563,604.69745,339.42413,-61.28175,604.0887,338.117,-61.3594,613.609,306.10104,-11.644949,601.7071,316.41504,-155.14215,582.8537,328.13745,-11.358733,579.5663,331.48566,-52.422474,569.3021,221.577,29.54159,526.80524,296.55148,-202.3009,501.49866,205.76807,154.69481,432.24768,350.10593,-195.52864,507.03848,254.4197,253.81784,453.0705,428.18756,-196.79033,515.4213,262.8037,258.42505,457.34042,450.41815,-241.12299,520.3797,270.26416,238.03638,473.96362,444.4798,-241.62079,513.65533,269.45602,246.3246,470.40894,433.90182,-198.05203,334.63156,223.65051,80.00215,305.16556,261.8356,-79.933716,220.25978,224.51453,236.02303,186.3927,249.88184,107.616585,113.90714,213.48454,412.37103,73.21691,213.57684,267.28885,95.66947,200.18173,430.04013,51.77727,193.16136,282.246,96.456856,251.79959,401.35925,58.940395,257.62033,246.00938
image_011.JPG,616.5499,342.2487,44.994614,632.565,337.5993,40.560017,633.8608,334.54193,40.59991,635.16016,331.49002,40.51699,630.3212,342.57944,6.4917083,630.45496,342.30032,6.6612344,630.4769,342.0145,6.7997823,634.0806,311.4664,45.05146,627.8536,326.8464,-108.37972,606.3168,328.1801,55.53972,604.65936,332.18503,11.807644,582.5251,237.50816,99.044945,562.4527,321.18735,-162.95357,506.71738,235.39655,219.06287,484.55667,343.6616,-109.057274,519.8972,282.479,324.70615,523.39386,351.8392,38.068592,524.6109,290.40756,339.32358,533.15924,357.28033,34.043095,531.20856,296.9131,325.89197,543.1335,350.33508,28.717651,528.2428,295.66016,319.98685,538.8959,347.0558,40.61427,365.59122,243.56749,89.66678,345.70093,291.46124,-88.97568,266.46777,220.24408,267.79337,186.49326,291.41052,-75.3892,166.29897,181.97865,466.8907,28.55424,275.8438,-86.18726,145.87192,166.70663,486.99448,-0.3785743,264.83582,-87.485405,151.91225,204.36891,517.73773,2.9548726,293.53625,-118.538185
image_012.JPG,587.8096,337.87167,-26.200504,602.36816,334.33698,-30.863598,603.9477,331.38727,-30.761976,605.5125,328.52133,-30.93166,598.81445,339.60397,-60.9992,598.3214,339.59073,-60.944977,597.7731,339.5346,-61.06527,605.0734,308.4181,-25.881544,594.55585,324.53363,-157.15446,578.51117,322.7448,-15.886434,575.953,327.16248,-53.420635,563.29913,221.78429,14.060968,520.88727,302.8304,-213.0147,475.0926,201.01588,145.90457,396.98773,315.83493,-149.35684,500.14316,264.49872,279.5762,423.78995,378.00616,-49.715553,512.40247,275.7901,287.81708,428.89005,397.21487,-65.62418,520.11066,285.87842,276.32233,446.76193,392.30002,-72.1857,514.01434,283.54956,274.0715,443.71823,382.4131,-49.271095,341.7937,208.73134,70.54701,314.33368,254.59343,-70.046844,211.76797,187.29051,180.32213,193.83757,239.75623,107.91144,94.45614,156.26257,305.0478,81.19972,205.9087,267.7846,72.0866,142.33276,318.0216,58.69393,187.86285,283.4972,78.11239,186.97647,310.49973,64.14983,243.20137,280.7536
image_014.JPG,782.34546,482.5935,48.993286,790.51337,472.79626,65.432846,789.96716,471.59073,65.5343,789.4822,470.47934,65.42985,791.14197,472.29858,28.015844,791.09686,470.08636,28.023624,790.995,467.91223,27.840952,778.9702,455.8928,141.80107,780.06964,453.4947,-21.994152,766.9125,479.4846,82.29135,767.4474,476.78845,35.114082,696.3844,431.3384,246.53944,715.1747,453.65662,-119.17719,624.7629,440.6587,427.67554,643.1712,495.2122,-323.52145,645.4035,497.0211,581.89923,688.1211,564.1658,-514.29425,655.771,508.1626,620.14825,699.2119,574.72107,-547.1816,662.31134,511.6804,594.9867,708.78125,574.7263,-532.1196,657.9411,510.2123,574.58844,701.54,570.37317,-509.07587,499.6,482.67078,126.24509,504.8389,497.6006,-126.13454,343.10577,501.81174,159.88379,331.21136,534.8359,-151.137,187.22946,501.9065,231.5305,152.77606,535.3518,-226.35025,159.561,491.30722,234.74966,120.24644,517.4844,-235.50089,160.4375,542.41345,196.58672,123.88494,596.30786,-313.52835
image_015.JPG,927.9992,362.27048,-9.203957,943.2702,354.5572,-0.10645887,943.1452,353.60187,-0.00495786,943.073,352.7691,-0.10114149,943.77106,353.79776,-36.97205,944.17053,351.54865,-36.912014,944.5157,349.37857,-37.140327,935.94305,337.36148,65.940834,937.8949,334.819,-96.049416,912.1256,357.3593,23.71525,912.90546,354.2482,-22.910318,845.2285,294.83878,184.58246,857.1208,333.29166,-169.25401,739.1831,293.55246,300.7807,736.9887,339.8705,-151.89493,768.1795,364.02823,324.8842,795.2221,427.71353,-71.64432,780.94403,376.74612,335.47723,814.76654,453.14905,-86.442665,796.49774,390.5583,310.12912,830.25775,446.19687,-74.32227,791.8777,387.1979,312.54608,821.4651,435.64078,-61.56265,620.3204,316.0724,127.44238,614.45935,342.778,-127.10607,453.95853,338.86032,173.36145,425.87506,372.53696,-106.73288,297.6871,322.64502,268.9826,241.97157,359.15662,-91.8873,272.22073,304.25757,276.66818,213.7075,337.98007,-92.790764,265.14798,382.13306,265.5889,205.3547,424.14697,-150.15793
image_016.JPG,990.5136,368.9046,-457.32748,1015.19025,339.50262,-449.74057,1018.2202,336.3062,-449.7145,1021.26056,333.5922,-449.9297,1003.25214,338.28696,-500.33115,997.8763,332.77756,-500.3348,992.4113,327.35504,-500.55994,1005.8563,290.66174,-334.8577,967.5013,284.41315,-552.1717,966.26416,355.5052,-397.52777,954.0972,351.72626,-459.22842,924.5389,219.80096,-209.69536,790.1362,244.39589,-481.61548,830.2528,221.30096,95.59962,581.7131,232.21272,-380.8505,868.70197,330.17664,215.63776,642.6267,374.0604,-217.96118,896.58435,343.40524,209.59398,657.4274,411.14246,-251.46298,899.9887,358.23196,166.6657,694.2669,398.86676,-244.2527,878.9582,354.72845,200.54321,690.5444,385.8309,-214.4829,597.2095,244.31807,113.8602,520.2961,258.57953,-113.60409,471.68845,257.35318,412.0551,352.68008,255.82117,200.45383,359.3373,214.40938,802.45905,215.15414,229.09837,527.27014,330.9525,186.53802,845.9141,183.92752,205.9071,559.8064,347.4396,287.32767,889.4457,203.28746,299.52274,542.0918
image_017.JPG,1032.8107,504.7541,-411.1851,1052.309,477.7556,-398.93677,1053.0621,474.2893,-398.87808,1053.9016,471.268,-399.0839,1044.8767,477.88602,-449.7929,1040.8036,472.6241,-449.8259,1036.6001,467.44983,-449.92346,1030.2911,426.6189,-291.57037,1007.5344,424.0919,-506.4926,1001.2001,488.1437,-356.51993,995.4549,485.27255,-418.28253,939.639,334.85526,-169.94397,804.96655,385.8145,-456.55682,845.76447,360.98364,138.17894,587.4612,396.52988,-371.51788,878.55743,493.88992,237.67134,657.99695,567.623,-236.08058,912.9109,509.28513,233.19044,681.8093,609.53217,-269.47565,912.3777,528.08844,183.01965,720.6317,590.6475,-259.08832,886.4219,523.9129,218.6185,714.10284,574.40405,-232.99689,611.6987,362.01535,122.842094,531.5885,392.42557,-122.58771,459.6571,393.59915,380.46313,353.42792,415.16888,161.44223,334.09543,360.52444,705.7404,212.2799,404.3788,424.8476,302.76382,333.1191,743.31055,179.44049,380.3451,452.32504,326.42792,449.0657,809.9883,210.9388,489.16254,463.24692
image_018.JPG,1082.9603,309.1012,-97.433464,1105.3822,295.7483,-88.15086,1105.3047,294.79642,-88.05377,1105.3135,294.08994,-88.2861,1103.8127,292.41684,-135.67426,1102.9255,287.41898,-135.7868,1101.9661,282.50192,-135.91017,1087.2413,268.00616,-1.0832053,1082.3094,254.05862,-203.9879,1053.2721,300.80185,-54.29986,1052.0146,293.30984,-113.40285,929.3401,215.11781,132.70255,942.18,238.93521,-275.7422,790.7836,268.12265,263.10965,800.1813,328.58466,-354.91757,822.852,416.69742,286.37515,860.07794,474.51202,-427.39554,848.3421,443.0078,305.79663,882.6745,510.9189,-481.6584,864.17096,465.85156,252.28496,905.0316,498.66882,-465.50507,850.9652,455.17618,261.98575,892.4858,484.99088,-423.8402,578.2695,244.93407,134.9641,568.51245,263.46768,-134.27992,358.04465,296.73898,229.11607,342.4976,307.16803,12.242186,159.69379,297.63147,362.0759,123.74276,313.5807,145.33092,120.65917,270.76288,373.73447,83.78927,289.37216,152.4846,129.82037,399.42126,327.78714,93.764,409.0642,73.25062
image_019.JPG,186.0975,304.0953,-80.991646,171.07933,284.7789,-113.77812,170.91388,280.97144,-113.80967,170.66402,277.05054,-113.88225,173.99615,288.2617,-71.23001,175.6235,287.37714,-71.30873,177.35057,286.5173,-71.44168,186.40286,252.07133,-175.48764,192.71039,267.2233,20.198265,207.3193,293.6733,-95.63518,210.16898,299.85446,-39.127907,309.08746,253.1212,-238.31436,322.96292,248.52144,153.19016,461.9201,317.31647,-273.71387,463.96652,293.79523,247.9535,415.5492,422.455,-223.1304,442.87122,383.91537,221.98889,396.72705,446.51202,-256.24298,427.61798,397.03873,224.69562,372.6404,442.11578,-233.07048,416.5506,407.74127,183.47104,381.82962,432.8899,-215.68301,425.41156,403.00137,200.617,636.47986,277.77008,-130.26607,627.09314,271.50534,130.67632,874.76715,308.80304,-26.045599,858.648,286.58157,146.60246,1108.7091,303.37363,57.101536,1072.3174,286.5483,205.8214,1147.4043,277.90436,59.17619,1112.4288,264.00635,208.24095,1141.3391,377.43524,-21.150158,1099.641,365.18076,160.24893
image_020.JPG,422.4295,500.25107,-567.50134,414.6762,476.698,-600.2704,420.04465,471.61624,-600.17993,425.4582,466.5547,-600.4256,403.20795,480.55148,-562.09784,400.57547,479.84082,-561.8932,398.16638,479.1525,-561.98804,453.95975,429.6397,-638.96606,413.55765,442.15784,-466.60284,457.3537,480.43958,-571.00183,446.46292,489.93573,-520.38934,671.2854,399.6659,-557.60474,447.30188,330.86435,-361.35373,891.8299,454.01465,-475.15906,479.72327,369.8471,-51.214798,856.8408,603.73865,-414.15576,440.54373,500.21774,80.174416,862.6127,633.6523,-465.3411,412.97128,513.9488,74.069984,816.4547,629.0902,-467.6374,417.76004,533.3788,22.985083,805.3573,613.8847,-415.28717,440.29404,529.1507,63.870804,866.6295,353.19147,-103.48322,764.91284,309.43845,104.663445,933.9438,378.44705,310.7176,854.3088,353.1761,499.93628,990.0099,367.71512,754.77094,931.78796,356.33832,927.31946,1014.6622,349.3463,803.2506,959.1809,336.3976,978.7374,959.10004,447.0934,839.24774,911.5343,441.84842,1025.6045
image_021.JPG,901.8312,251.81964,-185.06963,914.38165,248.48056,-163.08109,915.019,251.72469,-162.99045,915.6715,255.02904,-162.99649,912.0011,237.72897,-187.45854,910.84467,232.3285,-187.4414,909.66907,227.02783,-187.62907,905.10535,248.00627,-40.19285,897.38776,214.42099,-143.4615,887.1352,257.3166,-134.97537,883.7278,241.38464,-164.49998,814.1215,202.1688,84.503975,830.3834,239.17049,-181.5059,725.68274,188.04182,158.68166,739.4189,233.3286,-324.11014,733.14124,242.8827,222.92184,767.7205,316.36542,-461.2136,739.06354,252.13957,236.6265,775.62274,334.84396,-489.145,748.46063,262.72345,216.67372,785.0966,334.79935,-474.11362,744.2387,261.37338,215.77087,778.14874,325.14993,-454.74878,625.7104,228.51869,90.259,626.0756,259.49176,-90.25355,484.4268,231.62918,137.35692,464.68613,276.5367,-53.78964,360.64697,224.7739,184.05424,319.77176,264.16397,-44.40518,334.66086,213.90129,185.5672,290.84436,250.40929,-46.95777,350.6271,270.6129,158.57233,309.19748,306.87137,-108.439255
image_022.JPG,933.55664,331.61462,-367.8117,935.0628,306.53613,-356.2088,935.41144,303.70593,-356.18466,935.8921,301.25055,-356.13702,927.63385,310.61996,-394.48135,922.23883,309.3839,-394.30548,916.83356,308.2962,-394.227,908.00323,284.82687,-245.64151,882.8798,294.1798,-410.6706,912.012,334.2437,-318.73425,903.2743,335.87708,-365.86438,812.2934,273.51862,-115.67988,760.4362,333.72906,-366.12997,740.4717,298.30554,98.94278,620.249,358.1608,-285.75375,771.68585,386.1793,220.10445,666.2272,453.72385,-163.4802,790.00836,390.13736,234.33939,682.9104,474.79544,-179.4221,795.97345,401.36996,205.8782,701.64056,460.6315,-173.63109,782.34827,403.6896,211.78285,695.82153,452.29733,-158.19888,583.58124,328.14377,90.89563,552.5615,361.82785,-90.199295,458.16104,321.32217,339.19952,365.6156,363.41986,81.83269,340.28214,286.53568,579.7006,208.39442,334.13965,219.65355,313.57883,269.63257,608.9953,176.296,321.74377,237.45543,335.5594,319.2271,689.998,196.10152,360.65543,252.53745
image_023.JPG,920.6954,555.89795,-289.9819,938.5162,543.20245,-287.30447,939.0896,540.6197,-287.13428,939.6192,538.27167,-287.15494,935.89606,544.9296,-326.43295,934.96545,542.4691,-326.2638,933.8952,540.08295,-326.38013,930.32385,508.29352,-200.61253,923.3957,512.10364,-377.4399,900.5062,540.87054,-246.65472,898.8027,539.9674,-296.50006,856.6605,413.4901,-67.81179,802.7715,495.24026,-360.26642,768.54285,377.9048,111.22699,671.0722,477.3102,-222.74072,783.1914,465.61935,241.51515,689.68097,565.44543,-51.86573,799.5943,476.2766,262.8223,698.16504,588.62524,-65.661095,803.8745,493.68768,229.72063,716.4668,586.5574,-63.558117,792.64343,491.6198,229.98065,712.4929,574.85895,-46.73284,593.5692,422.16122,115.0885,552.5209,466.04672,-114.66146,467.68637,417.4049,440.95825,377.70694,456.42526,96.123505,350.3884,380.34637,758.7808,227.59871,414.71384,296.0423,321.4015,362.1951,794.2719,193.21144,395.4697,313.78067,339.26578,431.64688,846.0539,213.69254,460.42047,284.69193
image_025.JPG,758.26465,506.07822,-471.37292,775.1443,494.19812,-509.02332,782.1355,490.86377,-508.8132,789.5019,487.78732,-508.7857,752.8264,497.4169,-541.558,745.40643,494.24594,-541.59875,738.03406,491.28864,-541.4721,787.60016,453.9272,-524.6434,715.31354,456.7721,-683.3486,747.29065,491.029,-452.88956,728.1815,490.96097,-497.46426,786.1242,307.97302,-435.19046,593.27686,382.94992,-622.8566,771.29315,230.7152,-74.705696,437.61188,323.98727,-404.5228,772.3962,356.71848,196.74219,478.39542,447.5949,-286.93106,789.2777,368.0974,188.39577,455.8556,461.907,-339.62018,773.9625,366.01266,158.14946,491.36945,463.7862,-352.9575,762.88995,368.1307,180.7147,505.87845,460.61746,-291.88748,544.21765,350.36447,95.23096,472.29117,380.63895,-94.5697,468.06744,302.76987,638.61237,431.3585,335.71927,430.15396,419.2692,256.1941,1170.7457,382.8048,290.53867,1026.9171,417.7993,241.33589,1231.6284,377.86053,276.0658,1093.3319,390.81155,265.30182,1201.6864,351.4847,315.72537,1084.5651
image_027.JPG,104.865776,490.64264,-427.34256,97.04076,468.58444,-445.54782,101.20438,464.0727,-445.2277,105.33662,459.6331,-445.1608,89.049644,472.582,-424.52402,87.47393,472.3422,-424.52805,86.112206,472.08585,-424.5806,126.929146,427.92734,-428.20807,97.031815,441.56152,-328.88162,130.65315,473.3385,-410.99976,123.45887,482.23697,-382.54715,286.8074,388.27805,-344.7991,126.17973,353.69403,-247.90712,437.32413,400.75058,-253.68117,163.71454,358.23883,-66.33826,380.13165,519.84204,-199.8623,152.00969,451.6351,-29.419752,375.63422,544.7299,-237.41013,135.24905,464.38495,-50.441376,334.14624,547.53687,-240.53879,137.14218,475.7467,-78.99085,329.57047,534.7113,-202.12733,152.4911,470.00226,-39.637455,432.8506,288.1732,-67.65828,359.4709,263.51318,68.63463,509.19537,253.43585,235.39899,442.0511,244.9463,348.18585,562.67456,197.5274,537.4292,504.4376,204.81885,659.366,579.3643,173.97192,574.09326,521.02423,181.55263,700.81696,557.3398,253.68645,624.7757,505.67322,264.6787,765.4506
image_028.JPG,267.30728,341.78076,-106.32168,258.55655,328.52524,-134.14583,259.36435,326.17743,-134.16478,260.09045,323.7242,-134.18774,258.1594,328.22885,-99.37264,258.67322,326.59818,-99.27477,259.31943,324.98938,-99.41324,274.1863,304.68814,-194.60152,272.17728,306.42007,-38.115734,286.6504,334.32224,-120.97867,286.1174,336.2701,-75.80743,378.00488,295.21744,-235.737,353.2751,274.6441,67.98066,491.74173,316.61298,-238.72238,434.5551,269.32852,206.52995,448.03247,401.83386,-187.12395,398.8201,327.55908,350.9919,436.5222,425.21295,-212.6049,384.4557,334.48914,381.47113,415.9471,418.52136,-192.68338,377.81708,344.89252,356.52197,421.5005,408.70407,-178.15686,386.1396,341.77112,343.5414,596.63617,283.52344,-101.122025,576.5983,273.1236,101.30035,742.25183,287.2319,34.547028,725.59436,284.85355,193.89392,876.81323,280.79538,178.63503,852.7616,275.79068,320.7083,898.9099,264.94485,190.27046,876.21967,259.52155,334.38702,899.696,333.5035,167.55402,875.245,332.7397,326.29947
image_029.JPG,348.81052,323.95612,-434.98697,347.21973,293.91483,-453.67404,352.42783,288.40518,-453.61917,357.51367,283.03055,-453.80896,339.00336,301.1492,-415.01028,337.69904,301.68845,-414.85306,336.5251,302.45035,-414.96848,384.23535,254.5495,-441.30554,354.98712,279.6456,-278.1631,378.02808,314.55875,-421.38855,368.31198,326.37076,-373.812,554.96704,247.34335,-398.52563,418.91696,247.29935,-163.42809,739.4386,190.46504,-305.0107,498.00623,223.95264,47.10605,713.6747,331.02145,-166.89104,474.3132,328.82956,128.27802,714.5775,355.91733,-185.99176,460.72003,345.27777,100.404594,679.6156,365.42877,-194.82623,456.51447,354.36438,74.5341,670.05493,352.05386,-168.69302,467.77902,349.04462,114.21925,762.9489,249.3022,-101.714584,700.90515,244.79001,101.891365,920.95715,268.63864,120.61984,842.7427,277.94162,340.21713,1049.2982,239.96179,389.88596,965.76196,262.32138,569.86365,1073.9471,220.78726,419.99707,988.9273,240.46935,594.6001,1060.9766,304.72104,420.61166,986.5256,324.071,612.3848
image_030.JPG,218.29538,365.3423,-77.5101,209.34863,352.30875,-100.10616,210.41068,349.9558,-99.9679,211.38449,347.43582,-99.897064,208.25302,352.3422,-61.167667,208.6216,350.7266,-61.113647,209.20445,349.11115,-61.092472,225.15392,329.8986,-149.9306,221.42189,332.93997,26.519768,237.3708,360.50528,-88.11606,236.26341,361.84683,-38.133545,311.47125,325.79245,-215.11269,306.73096,279.03168,125.54655,402.83823,295.3185,-364.3863,396.61252,237.45554,258.38254,392.92612,420.05396,-570.86237,389.834,321.2954,463.45892,372.73047,445.224,-603.42474,368.20306,328.156,494.38605,362.81256,438.53076,-564.36896,369.69647,334.17142,467.70554,372.53543,430.0152,-558.37573,380.37076,333.9495,457.4153,555.1377,308.41882,-118.28155,545.26843,280.5507,118.17665,713.26276,305.6161,-25.703756,701.0601,290.34027,225.26059,868.59076,284.98206,83.61176,837.0891,275.7537,379.19937,894.68005,265.28552,91.31144,861.7042,256.25507,388.40506,891.68567,335.62592,21.096159,862.5483,331.69525,330.88974
image_031.JPG,520.97076,230.70203,-242.10255,529.8739,215.64403,-238.55643,530.83813,213.1803,-238.55193,531.7953,210.97372,-238.63951,522.7992,217.46721,-257.65787,519.2153,215.71182,-257.72595,515.58276,214.02943,-257.7448,517.3061,191.188,-194.0648,496.33975,196.34943,-273.1088,504.6404,224.34863,-219.73708,498.3628,225.93933,-242.43147,479.55304,152.32152,-130.56052,388.85632,174.67046,-243.66588,475.27994,173.71666,6.3424525,295.2656,180.4974,-198.76796,488.6074,239.97733,64.34148,313.37973,274.82565,-162.17772,512.20593,248.18762,62.625927,322.26385,300.14352,-190.91411,504.55118,257.67734,41.823322,346.37747,290.51608,-190.73073,489.1502,255.56902,56.888332,344.52695,281.48172,-164.55946,323.94962,126.50511,53.249187,275.63647,132.27141,-53.36707,236.35681,172.71333,150.75604,176.84926,165.63628,84.528984,163.14824,185.3844,306.2155,97.24484,179.69878,213.10468,148.76341,175.29715,324.1727,81.529625,171.3239,227.41127,157.9269,235.74521,346.46747,98.83278,228.76979,234.25977
image_033.JPG,519.8786,293.1402,-252.26869,527.9876,274.86423,-242.73033,529.32446,272.84448,-242.77092,530.6526,271.0789,-242.86577,520.6173,275.0999,-268.55078,516.8507,272.64374,-268.53082,513.0619,270.2511,-268.5282,518.2476,251.08289,-169.86044,495.26617,250.45299,-279.44412,505.7731,288.47998,-220.43005,498.59003,288.3685,-251.82278,479.03958,218.53079,-110.00697,405.85706,233.09283,-243.87012,448.4196,197.98311,15.764155,326.44073,219.42464,-208.61258,446.9309,245.09381,99.647064,353.65182,288.46536,-166.47142,464.12744,251.75995,104.31958,365.25116,305.3166,-192.58702,458.21738,256.7203,86.841934,385.1125,301.00607,-187.48447,446.39185,254.00894,94.508286,380.65994,295.47577,-166.62598,333.41376,183.3453,57.92589,293.84894,185.48875,-57.94201,246.8579,195.1694,156.23402,196.65292,198.25238,94.53856,175.49121,184.76634,319.8785,122.40491,195.17369,242.04791,164.00865,172.64868,338.20523,110.447914,185.47552,258.14093,167.268,225.21678,353.38046,116.06239,244.46538,254.10138
image_034.JPG,787.02155,202.9511,37.13053,803.0298,195.94432,46.0437,802.7846,194.75151,46.048813,802.659,193.75665,45.839066,805.78864,194.96895,7.9199777,807.72784,192.28566,7.823966,809.613,189.65747,7.6423955,800.9428,174.03554,104.908325,808.69696,168.77022,-59.85384,772.75116,192.378,66.2404,776.33746,189.85825,18.219725,718.62256,145.60406,191.05173,753.1535,139.83461,-144.37015,649.7973,193.29112,300.34427,729.9686,227.76114,-302.2022,648.6668,248.50098,287.0126,757.1701,304.52728,-347.90765,650.9418,259.48254,297.4376,768.4892,315.5185,-378.78766,659.0961,265.20322,263.70013,770.4309,310.88843,-354.75604,658.22156,261.52432,271.91107,763.74316,305.5865,-339.19507,494.47614,166.43852,101.357834,489.87964,157.53735,-101.0196,302.05392,204.64027,74.677704,289.44925,209.1498,-86.82467,130.70404,235.71019,101.64062,100.72807,237.9134,-58.66518,105.32271,222.82994,99.58382,75.20308,220.24086,-60.654865,95.18076,293.39703,19.896019,61.93792,314.70856,-150.50923
image_035.JPG,950.14087,312.8641,114.14978,964.13763,307.3851,128.77667,963.073,306.27432,128.85013,962.17096,305.25763,128.67628,968.5589,306.33337,84.11388,970.8958,303.77768,83.977066,973.15234,301.20837,83.576805,958.59265,288.0774,206.35477,972.72565,282.37946,5.775198,935.23975,304.8445,149.47826,940.9227,302.24673,91.4019,873.2347,256.07034,314.41785,927.0504,259.04843,-131.28809,826.2282,306.4726,428.26312,890.9708,359.37207,-282.69617,871.4485,364.78067,444.25714,924.84656,441.74762,-323.2014,889.56134,376.5613,470.8107,937.8611,458.78763,-350.61685,898.3406,383.0343,441.36105,944.682,453.03732,-332.01572,892.4879,379.07193,431.25754,936.26495,446.63013,-313.89423,667.91833,290.7016,143.54506,678.9759,294.72028,-143.22072,473.71036,339.87982,113.54795,459.84125,341.1605,-164.08215,283.4235,352.0761,142.3329,259.2269,352.75583,-194.65213,253.64128,336.56985,142.03705,231.62975,334.2056,-200.75827,250.10985,419.60812,80.35653,218.16064,427.56134,-296.59247
image_036.JPG,174.93741,342.31186,-75.06954,162.65228,334.29547,-98.16459,162.2973,332.06476,-98.16671,161.91862,329.73883,-98.18036,163.53873,335.1246,-68.27857,163.77647,334.08423,-68.25807,164.10553,333.03754,-68.41233,168.50572,312.86688,-149.46329,170.10995,316.75476,-12.742545,188.65096,332.52066,-87.83037,189.74701,335.2143,-47.70902,249.70627,304.13336,-188.18536,241.11482,275.91675,79.653824,347.0815,335.24973,-220.42828,320.98178,286.5382,197.4575,315.99307,405.84418,-183.07713,293.61353,342.69882,271.58463,310.87732,423.9074,-202.75586,285.21002,353.53055,287.02954,294.17447,420.48672,-189.37001,276.8276,360.97775,266.50433,296.83972,410.66437,-177.40459,282.56644,359.47958,263.23544,427.39517,304.2026,-80.885635,419.3224,287.4608,80.955734,557.2822,324.3178,-2.0996559,551.2404,306.54288,127.651215,680.23517,325.74084,76.24836,666.4631,313.7521,203.56712,699.53754,315.3088,81.251686,685.16235,306.17487,208.8306,703.1245,365.84488,39.904045,687.6912,343.90176,176.23886
image_037.JPG,66.85283,250.77151,-79.95815,55.647205,238.50752,-95.18978,55.69091,235.06372,-95.25197,55.687096,231.53134,-95.253136,56.468567,243.65388,-65.34552,57.018543,244.395,-65.3642,57.640545,245.17467,-65.36678,63.441742,216.4222,-111.37776,64.69927,234.07674,23.661797,79.854866,243.19168,-78.85333,80.61687,250.22925,-40.252575,128.20435,215.59413,-147.82701,143.11089,206.61276,107.239,222.15875,228.53452,-179.07257,241.50029,221.83205,186.03781,198.01857,314.52774,-249.81395,221.50845,308.39606,212.36673,180.47903,326.81177,-267.2805,206.36702,317.09708,208.99097,170.20442,320.5024,-248.96799,201.31761,320.60205,181.17897,176.46399,317.6693,-243.20421,207.82944,318.84525,199.78311,331.54617,266.05334,-88.72734,329.35938,255.96553,88.877045,466.9915,338.76642,-56.620255,457.47437,314.97354,92.68407,601.8542,364.76752,-37.227318,587.5855,342.83432,149.42078,630.0273,355.78668,-38.588787,614.24274,333.58633,147.47293,607.0738,415.8669,-114.57898,598.64526,394.61566,82.2826
image_038.JPG,678.4786,455.58054,-147.99126,699.23456,443.4649,-144.64029,700.33405,441.58334,-144.56256,701.4158,439.91873,-144.70383,696.1364,443.21048,-178.96489,695.33514,439.91348,-179.0824,694.4801,436.66235,-179.31964,698.6767,411.7811,-90.25282,688.70264,409.07654,-235.95697,663.22595,441.18988,-118.07074,660.55304,439.533,-159.96684,638.62134,341.14832,-10.523675,586.9577,379.22995,-249.89479,556.82043,342.95135,113.877014,450.41904,388.12787,-209.43288,581.4923,428.4496,164.49014,465.5426,495.65894,-138.0131,603.07245,441.35425,154.08687,474.75916,524.6701,-170.35825,611.5922,453.76505,126.56535,498.79703,518.86145,-162.46434,597.5756,448.90155,151.62111,494.26962,506.42188,-134.70886,405.90887,301.36395,80.071526,371.33713,323.15906,-79.68885,272.95392,270.4692,190.90662,228.96852,276.4068,70.28464,161.48134,203.43764,326.04898,109.24062,201.11136,177.59027,144.9993,177.49915,341.5719,91.49493,169.71935,187.66331,130.91356,245.66374,350.4468,77.93842,258.74707,162.25111
image_039.JPG,637.6606,381.76495,-10.258672,651.4313,374.3361,-1.7480428,651.53375,373.4062,-1.7581095,651.6721,372.59784,-1.9564878,651.93274,372.98138,-32.003628,652.56244,370.194,-32.141644,653.1666,367.42523,-32.2832,646.9055,354.06436,48.36724,647.7709,348.86768,-79.78219,623.35065,373.25018,13.704065,624.3973,369.68256,-22.969288,571.1362,311.30154,124.04615,583.79865,323.67023,-139.82216,502.3492,298.90784,238.79663,507.82336,342.7274,-256.14365,526.20184,361.47238,308.39163,541.1261,414.2394,-373.42102,537.33844,372.97195,321.1421,553.6517,427.18185,-406.84225,545.0766,382.6156,298.93845,560.7119,428.1975,-391.085,540.5542,378.22592,298.97696,553.7698,421.59103,-368.87225,369.38135,310.39087,85.88277,366.7612,314.5346,-85.79718,221.51717,312.6028,69.311325,204.87909,324.24057,-57.356823,85.47448,283.714,103.78562,57.32794,301.27576,-33.136642,64.3458,262.09662,104.93181,33.983063,278.65387,-35.765583,55.40465,336.57397,56.516808,28.18177,361.7962,-100.42179
image_040.JPG,812.9045,479.64005,-539.7128,840.6329,479.6448,-563.0919,848.319,477.97955,-563.43945,856.07605,476.8015,-563.64606,821.76025,473.5091,-597.9241,817.5403,468.0519,-598.187,813.2345,462.65695,-598.2475,875.90247,443.54337,-534.08624,822.3095,421.2814,-703.057,810.5909,455.83875,-506.5259,796.2756,452.7099,-554.3779,917.871,309.0799,-411.85974,695.8318,302.99252,-594.5951,846.5727,301.59045,-110.85356,485.574,324.2813,-456.46136,858.82935,413.74506,14.692719,531.30133,508.99258,-303.26022,898.0591,434.89697,-0.4595495,535.7538,547.4979,-364.9964,881.7484,440.1964,-33.9324,582.95447,541.9295,-363.31546,856.3122,432.4829,1.006998,586.3972,528.17303,-308.2964,585.47424,290.05023,133.7203,484.49603,283.98282,-133.62837,476.77664,329.82785,524.9844,398.251,362.1095,281.28067,361.4056,298.0109,1012.08496,313.3111,303.23373,743.56116,339.12708,269.48178,1066.3936,299.31454,268.55466,795.5079,346.83267,371.4199,1058.7189,298.20456,372.81818,802.33984
image_041.JPG,672.001,415.99387,-550.91095,695.16943,414.53214,-567.29016,700.6723,415.43045,-567.4556,706.1981,416.72644,-567.4512,682.60785,405.9278,-590.6902,679.9375,400.65707,-590.90283,677.234,395.44986,-591.1429,721.80725,398.69925,-511.72318,684.34357,366.2953,-622.3442,670.77954,405.81787,-512.3834,660.1628,397.36154,-543.76587,741.18896,344.76355,-389.06384,608.882,281.34262,-516.4182,653.97894,316.53848,-155.94806,450.214,249.76526,-452.5156,637.75433,368.70392,-49.552383,392.23782,351.72656,-421.8664,655.66785,379.94202,-58.914284,370.70404,364.73398,-473.27487,647.0384,382.71005,-82.03121,397.11136,376.69235,-478.52435,634.3967,376.6223,-59.712326,409.28442,374.44714,-428.45657,539.54193,297.46405,72.59105,475.0609,268.5759,-72.29822,466.27454,290.86337,366.9398,404.75223,307.54633,211.6028,386.56363,225.73712,735.5554,351.17902,231.42656,580.9318,377.97394,202.28781,775.2362,351.00833,208.35649,623.79297,353.0323,251.12872,763.258,311.44595,250.80846,628.8665
image_043.JPG,130.10951,291.46344,-68.31258,121.08146,276.91257,-109.38719,122.99117,277.54807,-109.21369,124.89865,278.0719,-109.17264,119.71353,270.47256,-76.63286,120.10706,267.15863,-76.355255,120.75103,263.71738,-76.156364,148.14212,272.87,-184.54166,141.9688,251.608,-46.751114,155.20187,298.10782,-82.995445,151.42746,294.18353,-43.18298,247.59879,365.67886,-228.8558,264.6752,214.69205,64.36553,249.53215,463.8696,-191.36554,300.73856,288.3907,247.16006,183.57954,433.0509,-8.23034,246.0726,351.1417,433.10077,155.43483,431.89536,-18.392687,225.86064,356.7571,458.06213,155.43956,410.31824,-11.885985,225.37427,363.99265,435.48102,172.17159,404.22946,-4.608514,236.80917,370.51422,428.31836,596.86896,365.4996,-108.225815,601.8637,275.9414,108.9513,847.3339,395.09256,-18.010157,825.161,288.2506,188.13242,1083.0625,412.0244,55.229767,1022.393,296.69757,286.96957,1122.1466,399.38092,61.216476,1057.3422,285.4081,297.01376,1107.8708,474.9194,38.509605,1041.1833,351.48776,296.22443
image_044.JPG,912.8635,396.76245,-3.7360692,926.9753,383.7272,8.740544,926.22766,382.18082,8.853108,925.55035,380.81628,8.726878,925.6414,382.9339,-30.715876,924.4945,379.5754,-30.831085,923.2807,376.2627,-30.819778,905.8759,363.7616,81.52694,902.978,359.0895,-84.91125,887.57385,394.53156,31.012087,886.7742,390.98633,-17.691113,777.70795,322.20102,200.43405,795.2161,372.99942,-182.78297,731.74866,373.6265,325.79782,715.2316,461.44452,-331.92142,789.30774,481.0363,382.3335,782.229,568.6315,-447.38354,822.7577,494.74652,397.86517,818.59985,587.9283,-495.5016,831.0027,503.10263,362.6601,828.84814,575.4213,-469.95068,816.9564,500.38528,365.90555,812.24176,567.42816,-440.9086,496.7589,320.38287,123.03756,502.53537,352.62387,-122.92609,277.07056,372.62143,150.07484,281.54977,413.31512,-73.800354,93.05199,404.5972,221.18845,75.53419,436.09174,-20.110289,59.696255,392.14447,225.51419,36.841007,420.91583,-18.917498,75.12314,477.74603,158.71507,63.753708,516.80084,-86.07539
image_045.JPG,1087.8888,474.07727,194.32683,1112.6139,467.22916,167.81197,1114.4762,463.31866,167.91714,1116.302,459.43582,167.92099,1109.6438,474.8715,129.55269,1110.0514,474.49954,129.79575,1110.3352,474.13275,129.94864,1118.4459,432.6415,115.15343,1111.439,457.0368,-57.981037,1072.1664,457.66443,186.16025,1070.3595,463.68008,137.13286,1026.3073,270.45743,86.869835,1019.4131,478.13757,-136.07321,885.078,227.93767,108.613396,905.6546,573.0373,-24.487211,854.55396,310.18573,178.02544,969.2469,589.16,224.93924,859.7296,320.82953,194.69907,994.11835,598.6995,238.38123,865.9757,339.21005,194.46239,1009.2213,579.9889,245.33769,863.3009,339.3736,177.955,995.3815,569.6226,232.75186,641.85596,305.3811,105.78286,632.2659,411.86102,-104.36326,362.5591,333.33948,164.3344,355.812,408.5835,28.883953,119.11477,341.96384,289.20825,117.667755,373.57104,142.8607,72.285,329.1739,298.92575,69.86071,350.108,148.93314,100.81804,386.10065,293.2789,100.15291,423.95398,142.55496
image_046.JPG,83.52876,597.3974,-349.01492,77.06853,579.5466,-380.73425,79.601616,576.8178,-380.7607,82.020004,574.1235,-380.78296,74.2817,579.75244,-340.71265,74.56649,578.3222,-340.58063,74.99028,576.99554,-340.83884,101.40609,553.25726,-414.32474,91.087654,557.63165,-233.25128,106.20224,591.3892,-350.75137,103.43885,594.518,-297.95557,241.65396,535.26086,-406.4212,168.74287,521.3964,-86.1733,386.62662,495.68698,-305.611,265.75345,501.85464,127.33802,330.5036,615.74475,-190.94716,246.73422,590.83215,248.57022,318.4538,644.1534,-225.06474,235.44348,603.9537,254.25716,288.10754,646.1739,-215.53293,228.56569,612.7661,219.0379,288.62305,634.46606,-186.51761,235.75633,607.1656,234.58327,473.92142,514.35004,-134.24815,432.2375,505.15564,134.4103,625.86,528.39557,127.06004,589.3176,540.6279,378.19986,757.032,526.2062,428.15585,710.44403,541.55585,649.6723,778.59045,507.78027,459.45807,733.9109,521.2476,679.0444,779.21735,595.2727,448.9103,734.5222,618.9174,678.4204
image_048.JPG,950.8957,531.86206,12.688975,968.34174,516.1488,20.984766,968.22546,514.39825,20.9852,968.1841,512.86505,20.7557,967.6515,515.85223,-24.757874,967.2152,512.41327,-24.848475,966.71246,508.97577,-24.866016,954.1806,489.92673,90.00562,951.24115,485.4853,-101.51351,927.94073,524.9225,46.867416,927.5054,520.91907,-8.283127,831.488,453.00497,198.97293,845.75916,464.1076,-178.24857,717.88214,431.27298,354.0464,723.7499,465.72754,-315.63474,742.9032,528.00275,435.34604,805.6857,576.4772,-481.551,757.98376,545.3328,458.30695,831.3479,602.83936,-529.4003,770.6728,560.6593,419.65756,851.0432,598.4274,-505.75848,764.0534,553.3533,418.738,837.0978,588.8464,-474.65854,531.2267,477.7709,133.61871,527.46027,484.9057,-133.23558,289.5843,482.7275,121.07426,272.65375,512.20966,-84.82609,77.5678,469.97058,195.79762,42.08413,495.19275,-51.83126,49.41879,448.87268,201.49773,10.865543,467.41064,-51.275482,21.7437,531.5977,136.94029,-15.788191,574.27966,-138.11095
image_049.JPG,136.35092,464.19525,-245.6147,117.391,442.7409,-284.72974,118.29683,438.203,-284.7311,119.17472,433.57672,-284.7075,118.06678,446.07593,-235.2189,119.463585,445.27063,-235.06688,121.0655,444.34857,-235.2271,142.31815,404.08868,-351.19055,142.0577,416.47748,-125.60122,166.21101,449.19318,-259.70813,166.8248,457.71527,-193.98929,321.1666,402.1126,-374.854,275.26715,346.59235,28.94225,504.99734,474.0848,-315.25745,412.65424,370.86435,259.43594,411.72482,594.37335,-180.40234,343.99405,443.26196,375.3936,389.04337,629.94434,-225.05681,318.2183,449.8962,389.3054,355.03677,615.9209,-205.38376,304.60785,465.2863,351.0993,364.59573,596.66565,-171.61221,319.76636,461.2192,358.70657,659.00684,342.42273,-144.25795,621.36273,308.36603,144.87836,879.36316,351.81363,102.46691,832.3992,342.76508,347.8035,1072.8201,318.0977,339.1193,1004.264,357.62332,582.3318,1107.7236,290.4602,358.7967,1037.9844,336.36462,607.8753,1097.0513,396.77856,310.77267,1026.4806,445.8458,594.19934
image_050.JPG,253.44609,427.3222,-291.31998,230.1097,413.21808,-336.17825,231.48495,408.61594,-336.17007,232.91542,404.0253,-336.27597,226.59251,415.8499,-296.05612,225.52003,414.553,-295.9605,224.67274,413.2068,-296.20996,254.0421,368.9548,-430.68506,238.57846,376.86884,-240.02756,286.36984,403.17587,-312.8602,283.93628,411.16266,-256.8068,468.21872,338.99335,-443.5085,349.0506,244.01407,-121.344185,684.5542,467.2896,-408.07755,486.7001,300.58517,138.03958,601.5876,610.1975,-326.8372,444.69022,420.44193,213.63402,588.1632,651.1829,-387.43408,419.62845,438.41733,195.50044,545.7568,630.3408,-385.211,412.3886,451.33047,158.74432,548.6135,607.28723,-326.3875,432.09775,443.30045,196.88007,826.97363,265.15775,-132.30185,756.78595,207.3699,133.48763,1039.4761,295.52237,173.6502,941.3342,226.71597,468.19336,1232.0742,255.31248,479.85413,1111.501,201.17117,795.5308,1273.6196,221.96796,507.58066,1150.5283,172.21419,830.80493,1231.9441,351.36453,474.99478,1112.4227,295.8255,847.40466
image_051.jpg,77.27378,382.84045,7.866662,67.45413,375.13867,-3.9930782,67.72821,373.84277,-3.9975452,67.95555,372.41138,-4.061739,67.123146,375.6684,18.133583,67.15245,374.92288,18.13851,67.257675,374.12985,18.168081,75.693596,363.65356,-23.917585,74.002,366.46625,77.04767,89.96552,380.4935,6.3763423,89.3976,382.0995,34.81465,137.09601,361.57416,-79.82579,150.6221,336.37643,154.31456,216.84415,341.87015,-134.5008,239.29143,321.24588,222.37132,231.73694,405.1406,-227.1017,245.97667,372.29794,262.7953,223.85326,414.45148,-249.54572,236.07974,375.4599,268.02695,219.26419,413.47687,-225.13734,233.76108,379.69272,241.6507,222.61082,408.88828,-219.1904,238.36525,380.43286,251.27081,335.33838,347.845,-86.56736,333.63574,332.1885,86.64436,492.18356,354.773,-91.98193,489.8946,344.90494,70.16477,659.1638,341.5835,-84.25782,640.3997,333.70105,100.870926,678.89056,326.43198,-85.62233,660.7251,319.80746,97.985085,704.4353,377.87006,-147.93628,681.0258,366.85034,36.341923
image_052.jpg,69.0256,381.92178,18.656893,60.36549,371.93573,3.030247,60.586617,370.44885,3.042356,60.747196,368.8137,3.0311437,60.817863,371.5793,38.279373,61.46145,370.09018,38.237316,62.189125,368.54886,38.273968,69.684616,357.33728,-30.962091,71.068794,357.7946,127.8523,81.49158,380.19037,13.036745,81.89152,380.27435,57.647305,125.35151,353.30978,-121.506676,149.16156,325.10034,222.7161,209.24278,332.4946,-233.19131,257.03116,303.973,273.10995,227.43771,404.739,-417.4602,284.7838,356.99078,266.01602,214.656,412.22568,-456.86688,276.0396,356.0092,271.21182,212.28621,407.90216,-421.8394,275.12268,360.97342,232.6175,216.33916,405.01773,-406.64847,277.20956,363.5096,249.7889,325.02405,343.6125,-117.46725,324.3069,324.42572,117.5532,493.12357,352.90945,-125.215866,487.10098,340.54404,92.24754,658.1349,342.32697,-113.21346,637.36456,332.1165,140.54184,677.2545,325.059,-114.31838,655.48676,316.40012,138.22101,701.73694,385.88577,-203.9851,683.3417,369.81982,58.29788
image_053.jpg,126.253296,370.31927,-27.252987,116.524605,359.39136,-43.79175,116.75301,356.97345,-43.837322,116.92339,354.4592,-43.890804,115.76292,361.79025,-18.39133,115.35835,361.30057,-18.38564,114.97135,360.80197,-18.376345,123.75344,339.93756,-73.75244,119.8794,348.92554,40.796772,139.25714,363.51968,-33.46046,137.94963,367.56726,-0.8019104,191.73604,339.914,-121.95236,192.52559,326.03323,122.73992,303.47577,333.732,-136.5408,297.9435,324.662,139.8592,329.81644,392.41867,-113.273254,340.97244,366.80096,118.924194,337.0365,407.80997,-130.30849,349.0633,374.5275,123.372505,323.57608,410.38934,-121.49792,345.09857,381.01025,102.67825,322.5844,403.1254,-108.45782,343.87018,379.3342,108.4551,383.8811,335.083,-81.10954,375.78528,327.33984,81.54099,545.60736,332.8673,-60.741055,521.7946,325.61432,74.078125,703.54895,325.98682,-50.820522,664.9717,313.00882,101.84661,725.9443,312.0838,-53.780556,690.3739,297.39413,100.39617,741.81647,369.8387,-102.68954,693.5306,358.67484,66.854004
image_054.jpg,136.21626,387.67575,10.365241,127.12661,378.1914,-5.4736137,127.41824,376.15833,-5.5119843,127.63787,373.99377,-5.5520806,126.19069,379.31763,24.746777,125.863884,378.24152,24.731562,125.57107,377.11234,24.76781,133.59555,360.4133,-49.590137,129.96593,365.3129,88.05808,148.42177,382.5046,-0.24772131,147.20714,384.5459,38.81171,188.19618,358.34286,-120.23455,199.51031,325.9305,168.06332,283.49466,336.0381,-150.60481,304.84967,310.94055,193.55806,333.11707,400.29242,-163.90395,357.69888,355.91724,179.53766,340.63867,412.53848,-179.64325,362.69214,360.23895,183.64198,333.06177,415.23788,-165.43056,361.4916,366.064,157.55211,331.5255,408.86435,-156.88754,361.02988,367.60107,166.69753,389.604,345.27197,-98.34649,385.7082,326.61923,98.582695,553.99866,334.37,-85.27839,529.2417,329.40475,120.20857,712.8756,324.52478,-86.29684,665.9115,318.4886,186.36194,736.2576,308.44513,-90.36194,690.11554,301.87457,187.30405,748.1564,368.27542,-147.90347,694.47614,363.70816,148.64214
image_056.jpg,77.38657,245.80142,17.300596,65.41874,238.29773,0.77902204,64.78747,236.23415,0.6385608,64.10612,234.07877,0.5217796,66.405716,239.85327,20.71512,66.37905,239.05888,20.744179,66.392166,238.25865,20.799791,68.58792,220.34811,-33.52668,70.4259,226.42227,58.390087,88.57547,237.782,8.993056,89.48693,240.85094,35.56853,127.35866,212.00511,-68.76164,147.67407,184.53165,117.43285,216.54941,207.31015,-102.91758,233.48335,167.07515,170.64175,195.95906,278.0943,-117.9511,216.92049,220.97539,233.47655,186.4258,298.27197,-130.92543,205.39566,229.27275,250.49248,173.43613,297.77377,-114.781906,200.30888,239.72273,236.90459,180.08652,289.6929,-111.08463,205.68195,236.62596,228.00804,323.02127,195.8536,-62.864998,326.45636,181.90425,63.076733,476.6786,217.08179,-43.90872,474.06964,200.99278,38.41292,622.10016,219.00201,-40.608208,624.8486,200.14001,45.41669,646.48236,206.10527,-44.81028,653.803,183.8128,41.308456,641.7564,265.4104,-96.2262,642.15607,257.75494,2.2852669
image_057.jpg,75.605446,230.13368,60.71675,62.92057,222.88658,39.484486,61.99168,221.07047,39.274334,61.004982,219.16383,39.033924,64.70313,223.30138,66.39176,64.950455,221.78546,66.41712,65.24379,220.259,66.54784,63.849316,204.67955,-12.758918,68.87655,207.13678,110.56835,85.898445,222.87259,47.3649,87.76261,223.98552,83.019035,120.1064,197.08163,-67.85054,141.954,165.96823,178.50768,207.39217,197.90654,-98.65752,224.20145,150.00563,239.509,189.97266,271.27692,-87.05055,211.48868,209.52216,266.8678,178.42812,289.31897,-102.09813,200.89163,218.72827,278.73416,167.5454,287.97916,-84.429474,195.35106,227.8164,260.30652,173.78807,280.6363,-79.33497,199.28957,225.32239,258.0181,311.18875,186.6342,-81.91817,318.04135,170.55246,82.02137,467.97617,207.15149,-74.28748,469.6895,188.08139,53.340317,622.4872,212.54617,-71.05083,625.27155,188.08057,68.02656,648.4579,201.34625,-75.96107,655.30774,173.35248,64.38182,641.6496,261.4852,-135.01266,640.2875,243.39435,19.710249
image_059.jpg,248.67212,280.8936,-182.95882,252.97398,281.70813,-197.6748,254.80965,280.87082,-197.7411,256.51862,280.0881,-197.77614,247.39668,282.61017,-200.67252,245.78697,282.31512,-200.7838,244.13222,281.9618,-200.7678,258.25116,270.51678,-204.19797,240.61105,274.05545,-217.80305,248.50595,272.62814,-177.59137,243.76282,273.7632,-180.7637,268.5898,233.78874,-168.29494,210.49278,238.4828,-180.11388,272.474,224.7058,-70.510216,166.73332,218.62938,-120.07578,252.03447,256.75616,-6.127241,157.17569,255.82634,-95.29077,252.31903,263.30536,-3.4147744,149.64877,265.2435,-103.53065,242.50087,265.0139,-12.143591,159.74161,267.33856,-111.00981,240.2981,261.82266,-8.485072,163.56013,264.4968,-98.04509,210.24802,178.94128,5.2084703,182.60359,186.21342,-5.0812197,189.01387,171.91568,192.19444,171.55801,175.10028,225.4575,183.07224,175.01335,403.4685,165.49442,162.40399,438.6941,181.46912,172.55943,428.5387,162.56444,158.87677,463.93533,188.36284,186.08571,450.52707,170.59402,166.50574,493.7977
image_060.jpg,247.03217,268.63568,-128.87537,252.30289,269.1978,-146.55219,254.97542,268.31146,-146.37297,257.61542,267.38504,-146.42632,244.34746,269.11823,-146.11954,241.55746,268.3768,-146.27856,238.72241,267.61093,-146.21274,259.27658,256.17728,-163.75444,232.28108,257.6332,-168.53842,244.62645,260.10587,-126.963,237.35191,260.79654,-127.20383,284.35458,215.65047,-153.40758,189.31255,214.04883,-172.5388,287.29395,200.52586,-64.91774,137.4163,189.44646,-113.776985,263.28125,242.93842,-17.016508,125.54272,238.55191,-118.480606,270.14017,254.94739,-8.529055,120.60012,249.65001,-111.98936,261.48132,254.42493,-17.12512,135.84547,253.2558,-119.29115,254.87201,248.98521,-6.2105384,139.36653,249.14983,-100.24796,223.70203,160.03934,16.791306,176.80046,164.60333,-16.949348,212.56789,142.27489,156.16309,170.30191,150.61815,148.08636,207.0905,124.61688,350.28555,172.56953,129.86746,328.60532,204.33778,115.45907,370.2871,172.4132,122.244804,354.7975,207.93152,148.70412,396.03152,176.99611,144.31203,384.39572
image_061.jpg,111.44631,300.70578,-105.963974,115.491776,297.5442,-126.535545,119.59011,296.95184,-126.6198,123.67538,296.28967,-126.84282,103.39216,295.28598,-120.1035,99.19966,293.55087,-120.0699,95.03103,291.7652,-120.10388,134.68547,281.99274,-173.61307,91.6534,274.0626,-139.99345,122.65886,291.59088,-115.913635,110.69046,290.9376,-106.1027,203.58878,228.19827,-151.48805,81.45076,205.50963,-148.84438,296.43146,200.94751,-91.6114,70.28719,152.42775,-50.02843,284.97913,263.5227,-46.78007,60.57988,236.46384,20.299503,291.8246,279.14212,-63.587547,43.346756,252.28676,9.99464,274.81168,279.6405,-64.89395,58.58599,263.6527,10.327259,267.86362,272.8467,-47.200794,69.34583,256.42026,20.154753,227.86617,151.40904,-14.517027,178.6708,139.04773,14.528829,248.2383,116.98048,159.72212,209.04861,111.46267,172.26372,254.94554,78.54446,313.3158,230.95926,80.359085,333.6846,258.4243,64.83155,331.7101,237.53877,66.88678,353.04605,245.01299,104.65271,375.9244,223.90454,112.36153,395.3863
image_063.jpg,172.98668,318.00912,-244.06824,159.98883,304.81006,-276.8834,161.94235,301.61716,-276.8379,163.90285,298.46005,-276.95697,154.91687,305.5068,-246.64688,153.28287,303.7235,-246.42096,151.78473,301.96594,-246.30214,177.71194,270.38782,-323.62894,158.60478,273.65454,-187.35922,195.02017,301.50424,-250.5288,190.46869,305.31876,-210.89426,322.91046,235.0386,-291.7826,210.09396,180.60753,-122.25364,466.34186,198.23941,-216.53241,276.6176,128.96751,54.815426,478.35428,290.9466,-111.1869,261.5732,209.09924,157.17822,485.6715,307.54794,-133.69882,246.9211,218.0321,146.05336,465.2489,316.7034,-138.51678,245.91379,235.31407,133.5579,456.8131,306.72192,-112.57611,256.9069,231.87903,151.70357,505.35068,164.7526,-81.67956,450.63904,131.8918,81.93803,599.3654,129.07516,146.38606,558.5092,120.35909,304.1059,681.7457,77.074936,403.79688,640.38544,88.33847,536.14777,700.1068,54.572037,431.73703,658.9932,63.600853,564.5372,684.2706,128.93042,467.0121,648.26337,155.41327,602.44165
image_064.jpg,161.93373,392.65363,-166.1006,149.07097,389.7864,-199.29227,151.09746,387.9902,-199.3197,153.17047,386.14124,-199.43695,141.30121,387.47382,-176.99219,138.1941,384.9723,-176.78233,135.23186,382.42038,-176.71976,164.39836,360.20126,-268.76666,136.42247,352.4294,-164.93297,182.58784,372.17563,-182.1581,175.70767,372.89346,-151.52357,314.7273,302.5615,-243.68045,176.76357,220.23134,-145.52928,469.93143,288.20544,-182.01462,236.76848,146.34326,34.18726,449.41757,372.04193,-117.92816,207.19783,210.72752,166.14369,448.25543,395.4601,-144.16524,184.1734,217.68883,157.6535,418.99866,397.20853,-147.83287,185.20094,239.83728,153.97182,414.4138,383.58112,-119.251625,199.80222,236.46718,165.10985,497.37375,197.89491,-67.85559,432.67474,153.19751,68.32882,603.4186,152.26247,150.78827,549.3192,130.51926,280.455,697.92,96.040474,370.18613,646.3723,95.078064,487.6817,720.23926,68.89268,393.58716,670.1054,72.5852,512.8371,693.4207,152.57443,444.16812,643.9621,156.52122,558.5739
image_065.jpg,328.61743,283.56256,-294.2936,338.21368,276.94672,-317.45697,342.5337,274.84692,-317.4973,346.9444,272.90677,-317.50174,324.83295,279.77774,-323.88812,319.96457,279.42368,-323.85678,315.07907,279.17468,-323.68527,343.29108,259.3055,-328.42557,300.01147,267.00858,-361.23407,321.65012,276.84164,-286.84418,309.2914,280.96503,-295.79688,343.80417,195.31572,-274.9981,238.63689,254.28316,-282.2378,381.10153,193.17966,-124.857925,225.21817,263.67746,-158.35847,398.64597,261.7216,-98.10768,298.0965,299.94266,-82.1604,415.2715,271.34833,-118.78282,309.40515,308.42422,-104.94139,400.2908,278.16644,-130.31017,325.43436,298.51028,-118.174644,386.72046,276.53055,-105.61927,323.89127,294.7314,-91.02912,214.47853,208.6675,20.696209,174.53905,237.42769,-20.059875,184.79575,156.44461,236.55455,157.00972,222.22734,233.458,177.34882,130.92722,449.76495,158.63216,210.20406,470.12897,170.92378,123.53097,477.18607,156.29213,204.64058,498.06995,195.5483,134.3158,489.38022,171.53302,226.2611,525.20636
image_066.jpg,168.62846,390.87344,-136.41714,174.18777,388.7422,-164.13605,178.73648,387.3384,-164.08261,183.15668,385.87564,-164.10678,161.15115,389.7225,-163.08473,156.65428,389.32257,-163.10081,152.18724,388.8301,-163.31241,189.37135,369.63428,-212.38463,144.80823,374.48608,-206.0311,175.14919,378.5629,-142.58536,162.23691,380.55988,-140.44826,223.61548,310.51028,-190.76018,110.41322,316.69592,-186.37483,273.89886,267.61188,-99.102974,72.96389,270.5245,-94.11493,258.61276,341.97864,-62.84026,71.98299,341.01938,-45.075703,263.34674,358.6464,-82.32418,60.353947,358.9678,-61.132957,248.82329,363.3747,-87.745,77.51021,364.00958,-65.987656,243.00656,357.0545,-64.534874,85.003296,356.77313,-47.191116,196.44286,214.43678,-3.147758,144.64708,211.89668,3.0310402,187.09319,171.84607,243.58525,152.60753,161.59247,234.15848,180.6917,129.08905,495.59033,156.00946,124.04704,495.69305,178.77081,114.4324,525.23615,157.51175,111.15628,526.4196,178.5547,149.91232,562.2197,156.95113,143.66626,561.0084
image_067.jpg,153.12825,381.73004,-114.816086,155.39194,381.9539,-128.85092,158.38205,380.51852,-128.71129,161.30336,379.0462,-128.78279,145.69698,383.2882,-124.30138,142.19377,383.02335,-124.27184,138.69492,382.66183,-124.432144,164.54727,363.30695,-151.26239,130.69302,368.49484,-127.590164,157.62463,367.08414,-115.98492,148.42897,369.1975,-108.659836,205.1333,295.01898,-135.14505,93.80021,306.8844,-116.28936,253.61414,243.39633,-55.035034,71.49532,241.88533,-31.090311,254.16232,312.6319,-18.989338,56.486748,305.41168,13.232912,259.59375,328.77347,-36.7364,41.350582,322.9721,-1.5340979,247.08078,336.90988,-42.405712,59.50552,332.38837,-6.7117915,239.49191,331.00113,-21.831573,68.19842,324.60416,9.423705,190.10524,183.2721,-11.851898,137.15837,184.01999,11.806934,179.87894,134.77414,157.91525,146.59529,131.81415,175.68443,171.12259,89.50374,347.29688,150.08116,92.30253,377.7912,169.18912,73.45051,369.64444,150.91364,78.289314,400.9679,169.91795,109.06306,404.40192,152.84332,113.77562,429.84067
image_068.jpg,172.86209,377.44534,-220.59912,179.26208,372.07663,-240.14574,184.18254,370.95468,-240.1286,189.02301,369.80478,-240.17963,165.11328,371.79968,-239.32748,160.24452,370.7238,-239.35336,155.38321,369.59415,-239.52368,197.0253,352.89066,-257.15103,147.5371,353.01477,-251.56104,180.40727,366.81448,-216.30412,166.52618,367.22922,-214.51163,234.58449,294.65067,-219.76767,113.67653,297.9824,-216.13622,285.48074,256.8906,-127.17071,72.85486,257.87775,-133.50401,269.5391,331.63474,-90.14899,76.851555,332.34604,-103.01472,275.72177,349.38635,-109.86737,66.58886,351.71826,-121.93936,259.07144,352.11392,-115.097916,85.325424,355.16037,-129.07855,251.9446,345.2556,-92.13531,92.697296,347.4783,-106.33662,207.93098,208.46675,-3.009229,156.42613,204.48177,2.8189433,201.76785,158.45139,209.67735,167.18019,149.51677,198.1012,196.94963,110.524055,432.56955,168.97871,108.18115,421.81595,196.50172,95.563774,458.79114,170.09091,94.9965,448.90155,192.20657,132.89546,499.66208,173.42847,132.465,487.90555
image_069.jpg,152.39153,361.6254,-202.28609,158.03195,357.19724,-224.09822,162.74538,356.024,-224.05086,167.39659,354.82693,-224.10522,144.19899,357.06332,-222.93085,139.39528,356.0887,-222.97516,134.61354,355.04767,-223.20862,174.43729,338.0357,-247.28609,126.26377,338.93326,-239.13736,159.49791,350.78058,-199.62785,145.92488,351.37772,-197.20824,211.04716,277.1139,-212.33003,91.81292,282.56757,-211.62567,267.2777,235.53232,-119.07602,49.24476,239.15991,-121.544876,250.58043,308.82233,-72.37002,53.808956,310.88025,-74.08098,255.8409,325.7135,-91.70667,43.375225,328.60858,-91.026024,239.15674,328.80588,-98.099266,61.249138,332.06134,-97.1463,232.6711,322.36438,-74.56574,68.866005,324.6194,-76.42091,185.21901,184.31544,-3.1495135,134.36711,182.43451,2.9544306,180.63762,136.67116,225.4773,144.74739,130.23761,218.09474,177.5579,91.88739,457.2551,145.98177,89.48491,457.19516,176.55261,76.61647,484.7098,147.2679,75.60083,485.73663,173.40105,116.16482,528.32446,149.38916,113.85253,529.1588
image_070.jpg,160.29303,360.45526,-162.06548,163.51506,359.01477,-181.10796,167.1638,357.98602,-181.00311,170.73306,356.91333,-181.113,152.43802,358.76633,-178.72993,148.61493,357.8703,-178.71039,144.79146,356.87643,-178.8718,176.16109,341.06274,-203.68576,136.89699,341.70364,-189.4146,165.46152,348.444,-160.62172,155.03542,349.18518,-156.24585,216.68253,278.60553,-176.35188,103.20896,278.71805,-170.32164,273.02438,230.2831,-74.98944,65.48761,221.11246,-80.28863,263.39084,302.32593,-8.889096,61.194668,294.21716,-20.416773,268.62402,319.08145,-23.376045,49.222893,311.44727,-30.171309,253.96916,323.17172,-27.71799,67.442085,317.93262,-36.987522,246.92351,316.40155,-10.040863,75.30429,311.05667,-22.698145,195.53143,170.94766,-0.9262064,143.02975,166.96451,0.75693256,191.78152,122.59586,215.84402,154.37723,117.45629,209.5624,189.24701,79.08407,435.64807,160.25073,76.7182,444.16312,188.91628,63.737095,461.95547,162.9411,63.67301,471.0611,182.54842,98.94584,503.04608,158.95592,94.328606,510.8081
image_071.jpg,584.21216,422.4925,-342.01654,605.29913,423.55566,-363.67157,611.9668,422.08698,-364.0229,618.6606,420.99954,-364.10095,590.1952,420.36227,-391.38663,587.1961,416.74707,-391.55725,584.17224,413.1297,-391.61517,638.2028,395.73788,-367.37955,593.39105,382.71448,-494.2559,587.143,402.3103,-326.09927,574.86334,400.20377,-362.25757,665.9533,288.48923,-286.31717,517.2318,284.84326,-436.70483,573.0017,253.99513,-84.12489,323.4731,267.16873,-338.09903,574.50116,356.7084,19.814638,310.31046,413.61765,-190.21394,596.37506,378.04504,22.070057,296.37314,444.54916,-216.34146,586.89874,390.51215,2.4948323,327.42578,447.93057,-213.02934,571.9581,380.98364,12.382206,338.0195,437.3799,-188.4228,398.675,252.78577,86.455246,322.5507,251.5772,-86.12877,328.78653,277.39832,363.80234,241.01736,329.1447,200.32748,242.73795,194.46657,648.0732,169.48389,240.30177,506.2494,227.46895,165.82631,678.8356,160.47398,210.78029,540.55206,218.97675,224.55197,698.5699,144.1373,264.13544,568.71906
image_072.jpg,589.35486,394.61026,-222.10893,614.35706,399.4085,-249.77061,619.38464,397.47507,-249.83852,624.45746,395.7367,-249.70197,605.7316,398.4415,-279.31497,605.9956,395.92792,-279.7115,606.1948,393.29407,-280.09225,647.91125,373.10507,-277.93747,625.41144,367.27985,-407.40247,592.7136,372.85452,-216.422,587.3337,373.42615,-253.81677,654.2442,276.6052,-174.19424,564.9416,287.0248,-376.28964,492.2564,246.98532,-37.13091,367.9818,300.50644,-292.10745,422.09863,282.57355,54.38459,316.34418,377.93494,-139.97359,413.9989,290.69785,67.077644,294.6747,390.32983,-153.26807,406.85626,303.93774,47.680096,313.12866,396.1471,-147.86281,403.74887,298.20554,48.050404,325.76944,390.47556,-133.41594,386.17877,249.06241,84.500046,333.29657,254.37546,-83.84916,393.02087,310.48807,214.91478,357.59973,398.67197,-48.761223,249.50279,178.1374,302.7247,209.22452,237.98567,140.67007,236.2741,148.63332,313.1582,202.68346,204.53044,164.66525,202.1025,166.64738,353.2459,141.89922,227.98119,280.8488
image_073.jpg,888.70105,534.39996,-139.9164,910.53357,536.5245,-174.4365,912.46765,532.65625,-174.39304,914.3976,528.9899,-174.26488,907.14185,541.75946,-202.55109,907.6923,541.6193,-202.89958,908.00854,541.3247,-203.11472,917.83624,499.89087,-214.51468,909.1345,518.86615,-336.7878,873.5156,508.1749,-135.22745,874.49066,515.27856,-169.21278,876.9314,337.60056,-173.59898,801.12726,476.7102,-300.13528,823.69635,274.2385,62.781017,694.08185,495.19635,-207.39883,837.83276,386.51193,222.6198,769.1326,524.1691,-94.18177,861.5058,404.0141,211.49257,791.76465,539.1296,-114.85844,849.45404,423.48575,193.15361,812.11334,521.36835,-110.88899,830.8154,420.5061,213.46065,802.6047,511.32486,-93.49064,431.0581,304.97534,69.62978,385.36813,390.71838,-68.39984,312.66333,270.34018,480.5982,277.75952,383.35974,388.02203,204.87396,265.58005,773.6615,179.11552,284.8946,691.94366,174.75537,254.56058,809.6889,150.20084,263.73758,729.4903,210.287,289.72275,857.17896,187.67172,268.77252,800.86035
image_076.jpg,1111.4634,549.4252,-407.99918,1138.5457,521.81586,-409.70007,1140.029,516.8257,-409.55453,1141.5927,512.30597,-409.47592,1129.393,525.80383,-463.32513,1124.9689,521.7032,-463.9421,1120.423,517.5249,-464.72308,1118.7241,461.53717,-326.86487,1090.7289,470.9202,-552.64606,1076.9482,526.34076,-357.79102,1069.4973,528.4595,-421.87625,1012.0489,346.0301,-203.59639,862.58,405.8849,-504.3428,906.1584,333.72256,88.573006,604.03394,406.44092,-367.8026,954.3676,463.95087,243.08061,675.79706,550.9757,-144.56763,994.2014,478.14108,246.51892,699.5754,591.6445,-177.44888,992.79956,501.03284,203.32002,741.9903,573.3858,-159.51767,966.6599,496.13974,225.35649,735.1081,559.54816,-138.03012,627.27924,359.81775,122.447495,532.49304,391.0399,-122.16184,506.99387,363.0088,486.29306,312.41028,405.52545,263.7888,387.79105,308.66376,875.4272,142.38783,374.24612,597.17725,354.2311,276.4611,920.2961,105.14652,345.82266,633.1138,390.81595,388.25647,987.22577,135.83951,455.08496,635.2497
image_078.jpg,28.290277,340.52078,-76.79804,18.390663,343.2238,-48.30841,14.905296,338.37003,-48.26637,11.278975,333.36438,-48.4195,29.830885,355.91553,-50.074917,35.067955,360.82712,-50.053772,40.313736,365.64868,-50.08774,23.83118,318.97583,51.1583,63.11245,363.88333,47.894485,40.577145,317.52155,-45.12874,55.99774,336.55707,-45.74209,106.366196,223.08917,35.72162,157.54033,358.25558,50.506954,211.44061,146.2303,45.132015,281.0426,318.2324,51.50475,286.2636,92.61757,-23.767742,285.0902,240.14647,-16.86394,308.87912,70.74016,-45.557037,295.48862,213.49477,-29.332468,310.05206,84.16749,-63.100925,277.7875,214.9859,-42.54225,306.7857,96.32721,-31.440407,273.15204,218.26085,-19.86078,318.8999,196.76865,-11.887116,334.76315,279.5616,12.389917,335.98062,216.86969,-205.13618,374.00067,344.07333,-180.2805,461.44156,284.90063,-220.84583,444.32025,270.75122,-77.10234,466.90424,289.51556,-216.47214,445.03262,252.31886,-60.73578,526.4568,334.58633,-293.4002,490.85425,264.70862,-91.272446
image_080.jpg,106.338394,349.62326,286.7035,95.28413,360.19528,304.01633,94.789955,357.31418,304.23727,94.175476,354.11322,303.93335,99.25872,369.7852,279.90363,101.51493,375.11624,279.80777,103.889725,380.48862,279.7983,112.42476,354.90787,404.92395,124.13488,389.9394,302.3537,128.04459,336.6472,324.7635,133.32709,350.74826,293.9185,248.4404,300.59094,396.03812,221.69353,377.0804,234.09587,390.36484,257.1565,333.9188,283.0632,314.9122,249.98619,469.96948,224.18849,240.0347,290.74075,295.70847,357.38135,482.10532,214.6585,258.82468,287.80426,296.02933,360.0091,482.99832,208.91476,220.4353,285.3986,306.64197,379.0106,476.47046,215.6787,219.57243,285.3154,305.2571,366.58954,552.7234,314.2332,45.54859,541.7226,370.20563,-45.222157,772.0373,290.1454,-138.94069,815.18353,400.01184,-253.30904,765.8043,388.85782,-54.482372,679.3181,392.99167,144.17523,738.4811,397.50998,-38.22798,629.8134,387.11566,197.78568,806.0463,440.53635,-33.663754,721.4852,397.98145,352.26587
image_081.jpg,1206.2303,575.6575,-91.69039,1235.9961,556.1105,-74.43674,1236.8301,554.67975,-73.67748,1237.9159,553.3012,-72.85421,1233.5237,552.7234,-148.6088,1232.9075,546.8639,-150.0257,1232.1344,540.8472,-152.16545,1224.868,519.6234,59.152798,1214.9552,505.3105,-254.17738,1179.4297,566.25836,-31.418564,1176.1411,557.37305,-121.31393,1066.5138,486.0451,250.5926,1075.1682,455.92868,-400.63748,943.6594,476.6085,475.11514,928.5764,492.28033,-725.2646,969.2259,538.48584,585.9543,1020.2117,587.7358,-924.43164,982.0668,551.1292,609.34546,1048.9849,604.4461,-986.15424,989.30634,563.9424,550.9228,1062.0997,594.6814,-952.36664,982.60144,558.6076,556.1822,1047.7937,591.19385,-911.24646,660.63904,509.00766,205.37299,654.9834,495.29398,-204.85112,363.24023,514.86865,239.09271,356.34195,525.8482,-108.08264,109.62878,480.51584,423.71936,94.360695,477.7276,48.143234,78.263145,449.22656,436.756,62.681934,437.68164,61.80773,26.510847,542.2752,352.4609,2.6361785,559.3438,-49.358578
image_084.jpg,983.1463,472.1469,-91.17837,1005.73486,460.03046,-87.79113,1005.7226,458.82605,-87.74085,1005.76855,457.8148,-87.88911,1006.1204,459.02496,-131.24135,1006.58344,455.42502,-131.26494,1006.9522,451.8735,-131.35454,995.5598,434.05798,-21.408691,995.71643,427.3396,-207.79265,960.975,462.8558,-57.89251,961.77234,457.24496,-111.424126,876.3742,386.63086,76.81143,880.539,401.8824,-255.78984,754.3784,376.09207,165.23476,732.4145,419.0579,-213.61578,806.3524,472.482,152.39693,814.1755,505.77863,-152.30028,828.77277,491.4077,154.2077,837.30304,533.00146,-182.55211,841.26447,512.9232,120.88733,859.48883,522.1864,-181.39325,830.5321,503.66525,133.86348,847.52954,510.9814,-151.5658,564.6126,410.55917,123.683426,550.82007,424.83133,-123.09242,352.88025,418.77625,183.85362,324.26593,436.97443,-6.288122,171.09311,408.15894,284.9052,128.50452,412.39966,59.808125,143.40405,385.6589,294.80832,100.47952,381.87692,62.862988,125.762146,483.45505,261.0831,80.78294,503.69556,-18.091047
image_085.jpg,573.3469,184.7259,-22.65202,587.3792,179.19086,-12.31924,587.69324,177.94437,-12.297796,588.0595,176.78897,-12.471373,587.3333,178.7095,-46.69122,587.8966,176.49487,-46.7371,588.44006,174.28601,-46.873085,585.3495,161.16138,45.7421,585.5005,158.88185,-102.79048,562.1532,177.55515,4.4227242,562.5975,175.02327,-38.246017,515.9693,119.98495,141.85013,523.6554,141.51593,-175.83638,431.54504,120.8278,223.49146,433.46744,144.85574,-285.32523,425.01907,172.75246,226.29137,450.43033,206.84612,-368.6495,431.09924,180.74428,239.55647,460.34818,219.39464,-401.473,438.20056,190.80273,212.19064,468.438,218.27948,-385.41425,436.14737,188.4573,213.22504,463.44263,213.25804,-362.3787,337.45212,134.78087,106.34345,333.736,149.01707,-106.05566,205.38399,150.92435,129.50551,197.91072,162.7366,-57.17354,87.36716,143.3129,207.97176,77.693535,147.76062,5.1714864,67.02339,130.70946,212.42043,57.978912,133.20503,5.263871,65.57544,194.55843,164.92015,57.344357,199.95522,-69.51411
image_088.jpg,792.02747,377.56296,63.328552,802.3243,369.45212,72.48097,801.59283,368.58405,72.57166,800.92804,367.86652,72.4576,804.35986,368.23184,38.712776,805.2037,365.6324,38.607845,805.97,363.07343,38.369244,792.2698,350.94092,128.37642,797.56525,344.50882,-19.006622,775.5102,370.36185,88.8972,778.0177,366.74713,46.077236,705.51373,322.3032,191.03024,738.5443,320.58008,-75.75005,656.6175,327.59915,335.2872,703.82837,357.6482,-175.91147,698.68585,375.69952,448.66156,730.2751,419.22858,-266.12067,712.662,386.39526,471.12546,740.51056,426.16824,-285.75897,720.98315,390.6302,451.12357,744.1925,426.34738,-276.1479,715.85785,387.09662,440.3591,737.07513,422.41187,-262.58698,505.11145,332.8205,91.542015,511.56967,329.4775,-91.54954,334.3924,354.53015,67.367325,323.75433,361.28064,-122.48545,167.42842,340.32062,75.44,135.46509,349.98492,-190.15681,142.76884,321.79538,73.93362,107.47026,329.35788,-199.0152,132.48743,389.27362,22.481956,95.972664,412.72925,-276.88657
image_089.jpg,646.70123,386.33893,-359.83948,667.5007,369.13272,-352.17776,669.8599,368.3635,-352.2717,672.2118,367.90692,-352.45703,658.537,364.63116,-381.9713,654.7669,359.3057,-382.06027,650.9005,354.06836,-382.1861,660.7947,339.6272,-266.5624,632.57666,322.49457,-392.6,628.2556,379.17267,-317.69547,619.4311,371.0648,-353.20648,600.8298,289.56973,-178.98251,493.0175,283.34756,-343.05225,560.9687,283.753,12.308539,340.29715,281.24353,-287.77576,593.2841,357.59494,132.04243,347.81677,392.7835,-204.21616,618.3178,367.71786,138.92683,343.6441,424.45706,-228.56277,613.5506,381.86044,121.20356,373.40988,420.7279,-227.65697,596.48315,377.227,126.27226,376.33807,410.15863,-204.20537,349.141,282.82724,70.83596,292.71133,278.18378,-70.67305,250.89406,290.25323,306.80954,172.16893,279.17383,175.32947,172.64752,277.5378,580.1581,81.34207,262.3312,402.19852,156.18166,259.7891,610.68195,65.36307,245.0798,425.62592,154.74478,330.13007,621.46265,59.692978,317.5363,407.14395
image_090.jpg,757.5715,350.98325,34.70702,773.7462,341.26642,42.327877,773.7686,339.9617,42.374706,773.84106,338.82098,42.20754,774.56396,340.70303,8.197462,775.30237,337.88715,8.1618185,776.008,335.1235,8.157947,768.12024,317.79144,93.545525,769.59534,314.1585,-48.52836,741.4969,341.4161,61.071304,742.9653,338.26605,19.76862,676.8998,271.76422,155.84798,697.8238,294.19995,-123.73293,585.39905,280.56335,228.95024,610.54553,320.4809,-232.439,603.9809,346.13687,221.89253,651.04297,395.0374,-327.83228,614.57025,355.23178,227.67686,666.34216,410.35617,-362.72675,627.3027,365.9852,198.50864,678.23724,406.86493,-341.50735,623.37195,362.72632,208.44215,669.915,399.24335,-320.7932,446.19354,288.59247,93.05067,442.66513,300.73053,-92.638306,261.56436,309.6504,81.990486,242.47403,321.44656,-52.58045,94.669395,293.72604,145.69383,62.94052,295.48914,-24.932762,70.01249,273.24893,150.89154,34.613483,270.06357,-25.521051,62.448517,350.02277,121.234184,34.30533,361.31226,-85.830635
image_091.jpg,805.95,619.1241,-493.03137,834.46185,592.1547,-515.62506,841.4123,585.1109,-515.7071,848.416,578.60187,-516.112,810.07275,599.9283,-558.3669,800.4674,597.5028,-558.68896,790.8351,595.1139,-558.74316,833.96173,520.16876,-488.52914,755.60443,543.31537,-680.63806,779.4168,589.5964,-458.9474,758.1202,596.4306,-513.0416,798.45825,341.2255,-401.0764,512.14264,451.62427,-610.6698,726.47327,267.7507,-30.020493,245.2035,392.2313,-457.56613,742.4804,449.00803,113.333664,308.51303,577.96967,-335.60583,786.7119,475.89224,83.47157,314.06085,622.0965,-404.1865,772.23944,494.96664,47.108635,372.8484,612.888,-408.83832,739.71136,485.95166,95.42946,375.74915,596.85425,-344.03232,383.96326,317.96567,127.71952,245.54219,372.01553,-127.15662,303.51355,324.6115,696.09906,203.21854,392.34943,491.299,208.56555,262.0484,1203.6472,141.04846,298.69263,1072.1038,184.00206,228.80698,1265.0079,120.54442,257.74118,1140.6249,214.76987,342.93924,1333.1401,164.9094,372.92365,1197.3517
image_092.jpg,101.49656,137.2153,6.1645436,94.462685,132.05496,-10.251933,94.186325,131.05167,-10.277515,93.889015,129.9598,-10.335795,94.71434,131.19388,13.607619,94.6742,129.88646,13.572256,94.71127,128.58383,13.559,95.674255,120.33993,-50.980396,96.02936,117.9181,57.18548,107.89819,133.31561,-5.0980186,108.13446,132.57039,26.085192,129.61823,110.76285,-105.484245,137.86192,104.97391,133.19394,165.3725,138.6176,-189.9798,170.74553,120.29146,227.17586,145.12018,165.67712,-205.61034,155.08768,141.43765,272.40643,135.40959,171.319,-223.9736,148.12564,143.06021,290.44012,131.60762,168.0235,-210.53036,144.8181,146.64088,274.15115,135.75653,166.0515,-200.15518,146.89511,146.35071,266.3987,236.33307,109.284645,-73.00056,235.45444,106.456,72.87546,317.03287,121.10462,-70.235214,312.44983,119.7151,59.12636,401.85455,124.665306,-61.488976,391.17343,123.54772,80.31644,416.75928,117.594215,-64.078766,406.7619,118.137474,80.47579,410.12265,154.99089,-109.90807,397.53748,153.76225,52.73889
image_093.jpg,1005.0135,350.26425,35.183006,1021.8591,337.17303,48.93401,1021.46545,335.2805,48.96492,1021.1243,333.6006,48.710674,1022.244,336.7451,3.8758845,1022.5604,333.48495,3.7886925,1022.87445,330.26282,3.702315,1010.05994,309.21002,124.48255,1012.27185,307.20786,-65.90921,984.2164,341.41483,72.78058,985.4032,338.36908,17.646288,890.99664,248.17972,232.89862,916.8522,291.53415,-153.88524,759.25006,224.6295,378.41357,786.1741,296.6608,-322.462,764.6483,322.1371,455.22696,832.8024,422.78378,-480.60065,777.6334,337.88547,487.1879,853.21936,454.23163,-523.2367,791.0561,358.1172,452.14465,869.482,454.39996,-486.14764,786.9201,353.00323,443.5924,858.1639,440.33273,-466.20294,616.56396,233.82983,124.96636,615.95435,260.07233,-124.80386,377.4507,256.63428,119.62567,370.86453,302.29248,-80.10651,171.40857,267.6762,183.28526,140.27808,298.86768,-38.040066,136.4389,247.09981,186.06438,104.34497,271.2157,-38.64306,143.02884,353.203,107.0569,103.63393,399.1884,-119.504654
image_094.jpg,976.9627,289.01752,83.91324,996.1735,275.05347,99.165306,996.187,272.64883,99.235016,996.28394,270.42654,99.04445,996.3184,275.72653,46.527126,996.7766,272.96124,46.49258,997.2158,270.26382,46.363647,989.7224,246.36783,181.0465,991.0932,248.96028,-44.00367,959.33,280.4635,125.29376,960.043,279.25208,60.22266,878.1559,187.27332,316.56445,902.5382,237.2898,-161.25928,745.93005,188.13364,451.71152,755.40814,234.99197,-280.95718,780.011,290.11,467.21854,811.35046,343.72903,-375.21545,802.7427,306.68875,487.83575,836.8297,369.4224,-415.42572,816.3727,327.64594,446.883,852.93774,366.19168,-385.54,808.9352,323.0998,448.6396,840.9176,354.9779,-362.10147,597.0541,181.9132,157.50116,596.6354,216.75577,-157.00871,345.2925,215.11662,146.99925,342.14166,269.92947,-127.608315,130.64421,240.48297,193.7537,99.997574,282.54126,-104.43176,92.208275,225.09656,194.02853,56.92179,262.17267,-108.63374,108.4775,326.5027,117.367035,78.07548,374.61365,-205.54654
image_095.jpg,121.28705,359.89423,-184.66373,110.59122,352.63602,-217.04297,112.92649,350.76987,-217.12373,115.2748,348.89502,-217.39264,104.204124,350.62503,-192.4121,102.22519,348.32388,-192.24454,100.362595,345.98734,-192.26347,130.93951,327.30872,-293.93347,108.49111,321.86252,-180.8152,144.33719,346.74197,-204.39941,138.48717,348.0798,-171.35387,279.4162,297.76938,-289.0517,168.65834,231.58276,-131.75464,424.25842,327.20593,-249.87416,245.36559,248.78517,33.63152,400.16385,412.2536,-174.94186,223.55576,329.5058,136.8504,399.42047,433.41312,-207.63591,205.9818,342.31818,129.24203,370.0251,433.63333,-203.08073,204.18475,351.723,112.41851,366.10114,422.20416,-174.47249,217.65428,346.83435,130.42967,478.8818,251.07198,-79.305626,424.16003,216.68335,79.97067,617.9303,245.28496,88.10068,550.9761,230.39539,266.78183,751.14746,220.76485,269.14258,665.58057,222.08223,450.203,779.9584,201.7821,285.0545,695.30286,204.31158,472.4796,744.50543,283.7815,287.07867,655.86676,286.4898,502.07675
image_096.jpg,873.3547,302.0103,42.113987,884.67267,288.40906,46.80291,884.5037,287.20615,46.839085,884.3819,286.16486,46.726254,883.6491,287.92023,14.228291,882.81915,285.49066,14.216376,881.9717,283.12497,14.159286,871.1168,271.87262,93.612625,868.06067,269.58145,-43.687294,855.44836,300.97906,68.12088,854.3,297.96503,28.588074,767.0812,242.91615,177.9817,787.653,286.59616,-117.171,652.5573,233.80238,272.35397,674.06024,292.61026,-186.93279,671.43896,308.87537,327.03568,712.35474,386.40744,-266.33386,681.3649,321.24475,341.4709,724.8682,409.3534,-301.2508,694.7427,336.22388,315.15756,736.45856,407.89417,-278.77124,691.03375,333.28146,316.34598,728.68774,395.94504,-258.2037,529.4732,278.4579,97.44112,535.50934,304.23996,-97.11808,322.99454,307.80237,80.564735,315.4586,330.49194,-69.28029,125.34056,305.2938,113.02966,103.4922,315.03592,-64.88404,95.07945,285.32068,113.3691,70.80255,290.9011,-69.092896,94.114914,370.55725,62.564022,70.962456,394.76993,-141.87637
image_099.jpg,111.85148,287.6114,-98.272964,101.246216,282.3547,-128.88171,101.66587,281.4354,-128.84686,102.07071,280.45758,-128.76295,99.859566,279.2791,-105.34342,99.393715,277.03363,-105.29906,99.04896,274.70822,-105.4943,110.62355,265.6483,-198.2793,105.51863,257.05188,-93.43055,127.32172,279.45355,-115.361984,126.141525,278.25464,-85.224304,196.63313,265.6447,-208.1604,167.94681,193.87074,-29.624868,271.64618,287.33527,-181.22473,239.13057,189.33575,98.19668,220.97672,328.2389,-135.38635,224.46768,242.54373,253.14928,208.17003,340.39993,-157.07718,215.43771,251.10034,275.06778,194.14548,335.8685,-147.74039,213.68488,260.71472,256.26233,199.52032,327.77817,-132.00629,220.40926,259.41876,248.7593,368.05487,242.64339,-69.829765,346.7115,202.01437,70.003265,504.37042,225.83781,21.25388,451.76462,188.57869,188.80266,622.3267,189.94276,80.99394,546.0281,160.66444,304.06723,643.46075,173.39671,85.209625,567.06506,145.99588,318.23718,631.91797,233.82307,75.23291,547.9948,201.73915,346.9968
image_100.jpg,94.41852,200.47975,-198.3607,83.36922,192.185,-226.44173,83.7334,190.63766,-226.38597,84.04842,189.06422,-226.30472,83.436516,190.70015,-198.36354,83.6981,188.96011,-198.30537,84.04438,187.27211,-198.51657,94.32158,170.54898,-269.94034,93.26929,168.24811,-140.95148,110.50536,191.49968,-205.68922,110.94513,191.91258,-167.887,192.89148,161.46765,-268.72113,148.61412,126.60092,-38.824207,286.92175,197.97789,-165.01578,222.22166,158.45842,76.6339,219.9487,213.78029,16.66877,189.46663,189.66946,94.72153,204.80766,219.2675,12.314994,178.89897,192.65129,88.26561,193.92772,209.5871,5.0861974,173.49426,190.75468,76.55287,197.6928,203.73497,17.90792,180.8824,189.51308,88.675064,358.54004,162.88205,-90.72021,332.0841,143.5804,90.86852,486.18976,158.45026,29.005466,437.2502,133.36472,228.83102,603.40845,137.37486,150.51344,530.5534,107.83379,355.28583,625.4675,122.68292,163.19853,552.20526,91.98115,371.69083,615.68384,181.73294,150.60922,536.2984,155.10573,398.04843
