image_001.jpg,916.7619,346.70285,42.09888,924.9746,334.49188,61.247078,924.06366,332.8603,61.329403,923.277,331.34308,61.21896,924.6502,333.28976,15.95868,923.92883,330.5449,15.980431,923.1877,327.89102,15.914166,911.45166,319.37766,143.11285,911.8413,314.67007,-59.649555,900.67377,347.49133,77.922615,900.74097,345.4149,19.024302,813.83167,329.74667,287.64087,842.05145,333.42007,-183.31387,778.0935,438.37463,309.7697,814.0076,456.61545,-244.08379,777.7188,533.9666,179.53108,816.6474,575.1454,-246.48715,799.04065,536.27856,190.91887,837.34894,588.02167,-301.38028,803.0961,547.1302,131.35092,841.78,582.2319,-263.58542,795.7826,549.244,150.91695,832.2814,578.31525,-232.6094,632.2294,391.54437,142.73897,639.42365,396.84656,-142.29129,470.02188,454.30072,159.80363,465.60468,467.531,-112.63067,306.11655,490.3023,241.7568,291.83032,508.3039,-72.94039,274.07498,489.05106,246.22691,257.02625,504.29327,-82.28864,308.27374,547.22284,164.82674,303.37482,580.7017,-212.76054
image_002.jpg,898.49475,359.8135,35.20174,906.9109,349.41235,50.71677,905.7231,347.6993,50.788494,904.6674,346.09616,50.69966,907.8606,348.62405,6.564639,907.8535,346.13647,6.6109414,907.83105,343.72238,6.523838,894.65753,332.89502,130.54903,899.26355,329.67004,-68.01753,883.19574,358.00964,71.39559,884.9704,356.6356,13.787975,800.5725,330.7224,277.30338,832.90234,337.43732,-189.70216,755.51056,429.40253,293.95547,796.9144,453.49493,-252.43912,748.9133,522.3907,174.04137,793.0111,569.41254,-248.0113,769.9025,524.47925,184.47134,813.15454,583.39856,-300.83783,774.23114,535.47394,125.10675,817.12335,575.5292,-264.80478,767.7441,537.6219,145.45444,808.03864,570.81305,-233.90784,612.9271,379.12857,140.98682,619.6003,386.7694,-140.51009,450.45816,445.3456,151.34863,444.80045,461.35736,-114.29341,289.96896,488.3977,212.41402,270.6306,505.26828,-84.52531,256.14908,488.2222,214.472,234.75488,502.5117,-95.78851,299.3171,550.50586,131.64151,286.7107,581.91565,-227.9557
image_003.jpg,398.71304,304.48813,-568.7044,405.3815,286.9815,-595.0513,409.7669,285.70206,-594.9425,414.01077,284.34872,-594.7694,398.80972,286.86914,-561.38184,398.1595,285.86328,-561.41864,397.6745,285.09415,-561.50024,436.45483,273.89685,-604.334,413.46036,276.5874,-448.2129,419.05206,308.87482,-563.5106,411.96103,309.68094,-517.6155,526.4146,302.276,-573.11017,448.0298,303.42023,-281.5038,555.34863,437.33472,-588.5751,463.71625,401.49774,-168.33893,557.9603,547.22266,-620.0828,464.56305,493.9947,-200.14478,554.214,571.96185,-704.50995,446.74066,504.73492,-227.55806,535.19434,563.32886,-701.98926,447.69928,512.58545,-278.10583,536.6833,556.11487,-627.0059,463.03986,511.04153,-221.5775,680.00366,333.9246,-105.35129,635.77203,338.95712,105.4874,761.65405,396.86288,213.87811,718.563,390.82828,435.0616,846.11414,438.38348,557.48883,795.2281,427.46603,822.96625,863.4422,433.6496,587.75336,813.2626,422.0872,862.0489,844.6096,497.50977,499.98904,799.38635,482.25293,817.7044
image_004.jpg,816.3599,219.88304,-3.3668954,832.08716,210.55156,9.138077,832.0251,208.93607,9.29724,832.0883,207.42245,9.289145,830.5602,208.72359,-33.264664,830.156,205.24164,-33.286797,829.69165,201.8586,-33.517334,821.6817,192.0042,76.18395,819.2286,183.75183,-112.81243,796.92535,216.11769,29.22588,796.2603,212.36287,-25.863937,703.46906,183.34398,226.28905,729.18115,193.27594,-211.54483,667.64,320.9298,290.5069,705.1412,339.91132,-229.7924,658.3832,421.6393,199.05426,711.04175,473.45935,-177.34995,681.4991,418.5506,200.56334,739.68066,488.05798,-220.29982,687.3322,431.37674,143.54713,745.81934,478.7738,-181.13397,677.9838,437.05643,173.54526,732.75653,475.45575,-160.72354,466.14868,230.51743,133.23465,466.81732,237.11464,-132.74251,298.80652,308.05893,214.12709,281.254,329.01172,-70.41873,132.31885,344.3365,345.34668,94.05259,392.77246,8.17467,99.135414,340.9844,352.35117,56.313194,389.99548,2.8825426,126.450096,397.47348,282.87198,100.792656,466.22772,-109.839165
image_005.jpg,385.7623,264.30182,413.234,372.63757,253.15512,390.0255,371.55484,250.68967,389.99512,370.28964,247.95511,389.9735,377.0849,253.43048,429.53763,378.78876,251.26755,429.41873,380.7348,249.18605,429.26508,377.26865,233.44658,291.80457,390.76703,236.66858,478.95148,397.74808,261.27386,379.43738,401.80258,263.2075,434.15164,413.15292,243.65361,125.34923,498.69324,232.01807,531.723,365.99203,376.8248,38.27685,523.1914,334.984,679.9815,333.40082,497.93533,90.373665,517.99384,443.2783,735.34064,305.91083,517.4626,80.91577,508.78625,451.8615,772.8584,311.44183,501.19962,114.96858,497.92563,456.5845,730.06415,324.80695,493.99173,106.70676,497.07373,458.7189,720.2682,629.4726,301.61234,-136.61964,662.8393,287.6937,136.43384,798.4275,413.44485,-233.59486,790.2933,392.06265,110.281075,981.9194,494.32782,-405.95255,953.89825,456.7954,67.537895,1016.33704,489.28198,-422.98608,993.3477,452.0718,59.733196,998.98615,563.9783,-483.33865,960.2553,530.51074,15.237502
image_006.jpg,129.59827,317.62952,-96.970245,116.8733,298.51724,-147.00146,118.23612,296.41144,-146.96521,119.550674,294.1195,-147.05513,116.91992,295.26898,-100.94034,118.1464,291.46127,-101.011696,119.57724,287.7456,-101.19111,142.42136,273.1133,-260.14322,140.45349,264.68753,-47.924953,156.53621,314.41528,-124.43714,156.30261,313.36215,-62.74865,269.88834,310.07394,-311.43332,286.55014,247.62811,124.692665,344.05017,459.81393,-302.1413,361.4525,353.87692,256.365,310.42075,586.497,-223.49162,334.3238,457.01334,206.24545,281.53818,606.24164,-270.24368,305.33008,458.28058,200.43254,268.94666,588.1059,-240.94318,296.6595,469.97635,155.14096,281.96405,577.6592,-212.8704,309.7228,473.2035,183.08797,562.78375,352.9471,-139.93251,561.4766,313.00204,139.96649,774.98486,424.9764,15.261442,764.319,383.7813,259.6919,995.9574,460.87164,163.23752,963.9084,422.9993,425.8235,1039.0735,449.4269,168.72461,1008.55286,415.29538,441.265,987.62836,537.66656,64.97242,948.8285,501.78656,394.41202
image_007.jpg,231.21313,256.58768,-61.637947,221.80196,239.28317,-97.77305,222.61894,236.0589,-97.72552,223.35597,232.62218,-97.74425,222.27042,240.56752,-50.708805,223.23097,238.7658,-50.7707,224.33134,237.08937,-50.847107,240.47868,211.44333,-176.62508,239.36206,218.55228,39.498943,251.27536,250.4649,-83.28858,251.37675,253.61911,-21.062883,333.22314,218.31012,-270.49127,350.45145,224.29216,181.07391,364.49554,353.89087,-339.73642,388.73175,343.53568,222.39807,342.95676,490.42538,-347.40982,364.35754,444.2098,132.11964,323.77097,510.83966,-403.3547,337.92212,450.0499,133.93843,312.95166,508.49878,-367.77542,334.43048,457.7927,87.56737,322.50497,500.87097,-336.45752,346.11887,455.00842,108.522964,613.51056,275.71054,-150.85251,608.54706,280.00082,151.06377,817.2681,356.56482,-61.441196,798.6953,335.66406,183.4646,1020.40607,365.62787,33.605927,981.5291,355.93665,292.7888,1061.7383,341.56873,36.10858,1019.77374,339.5272,300.307,1023.428,445.06528,-90.085396,990.16266,439.24075,222.87524
image_008.jpg,227.94113,239.34569,-45.617626,220.40251,221.3057,-78.530876,221.48456,218.4043,-78.46345,222.46423,215.3091,-78.425674,220.65633,223.08858,-34.465996,221.7378,221.44989,-34.500393,222.9357,219.91084,-34.49702,241.76442,196.09193,-149.45633,239.49812,204.05312,52.09683,248.56189,235.0989,-66.23036,248.41751,238.28401,-8.363239,335.10757,207.8956,-247.68279,349.5663,218.52324,180.47166,375.15225,339.20822,-327.88446,400.8065,334.8413,210.87224,349.48907,474.96533,-363.0093,383.5277,442.93103,139.35078,332.8221,497.74316,-419.00897,360.7958,457.3315,145.11751,320.74802,496.8244,-387.6947,358.91205,460.44955,98.89389,329.70108,487.93668,-354.88266,369.31,453.73032,116.85603,608.71826,257.38165,-143.49734,599.4283,266.5085,143.854,817.39276,338.8108,-92.76853,797.3352,329.56384,108.72772,1027.832,349.36728,-49.74163,995.7827,353.9613,146.1488,1068.4371,325.26044,-52.948856,1036.0774,336.71616,145.63342,1033.4231,430.5458,-163.23196,1003.4023,443.94965,76.04771
image_009.jpg,948.13446,194.0394,-217.97606,959.712,171.85075,-195.9715,959.6376,168.87317,-195.93628,959.5957,166.18018,-196.26935,953.96387,172.1482,-242.55608,950.2284,168.69095,-242.71523,946.4204,165.2877,-242.72052,931.10724,140.71092,-105.235535,915.27966,139.91188,-301.7556,913.7925,188.5535,-175.73416,908.90894,188.22731,-232.98035,788.55994,92.67642,51.837,740.47736,149.7595,-379.11057,679.14685,177.44783,238.00436,576.4823,284.22998,-346.39374,680.25464,317.08127,169.33882,599.0633,467.6768,-290.1016,713.0451,328.15482,148.27277,622.6475,509.50586,-357.90076,720.79596,352.61258,74.632225,653.2728,490.28622,-335.2496,699.7238,354.50214,135.58656,639.8121,470.6758,-283.55453,450.32333,108.42158,134.40286,421.073,134.50581,-133.58176,264.9913,188.65346,352.63388,281.32376,212.82628,214.09958,97.44438,231.54729,639.6752,106.035164,262.61288,535.73083,62.296387,217.2207,671.7999,61.854618,246.04117,569.35205,96.46137,312.26288,657.8562,128.26237,351.15463,550.5783
image_011.jpg,581.6184,186.01689,-34.021713,596.115,175.43288,-28.059397,597.022,173.28548,-27.97938,597.9776,171.24686,-28.06093,593.3735,175.01059,-62.48008,592.81995,172.12291,-62.503475,592.17725,169.22327,-62.511406,593.48706,150.6712,15.946198,585.7021,148.0436,-134.80882,568.3086,177.44215,-10.284338,566.06274,176.29468,-53.978943,524.96027,125.548706,92.7974,513.5737,135.81332,-198.4155,513.35254,226.30754,164.23227,486.4643,251.15501,-236.54694,527.78906,317.03503,75.38572,505.6774,338.76715,-198.54437,547.4457,327.10867,55.508774,523.3014,356.4964,-233.80872,549.5941,332.14337,11.304316,533.24725,344.4214,-218.6997,538.1528,330.83603,54.71244,524.00214,338.6156,-192.20064,290.1112,152.76515,86.61318,277.0014,155.45961,-86.25373,178.78098,197.00638,219.01418,145.30919,211.6475,41.449562,71.38804,205.97319,414.06155,15.269081,254.04362,168.83305,49.975925,196.39091,432.00027,-11.182689,244.86494,177.49878,54.142345,244.61356,405.41034,2.3783662,306.22202,116.10709
image_012.jpg,579.1395,218.39917,-87.57487,592.5049,208.56252,-93.64965,594.7764,204.59015,-93.73708,597.05,200.80666,-93.8252,585.6377,213.84912,-122.112404,583.5462,213.31021,-122.03933,581.3265,212.77943,-121.98743,590.12494,178.22137,-92.36293,569.7671,196.2987,-212.11826,566.82935,205.82582,-78.04944,560.8165,211.46588,-112.76313,552.3467,110.77162,-20.461946,482.31854,187.36226,-268.0815,581.1321,195.21387,96.69477,428.9686,285.4182,-288.009,612.6293,285.817,37.339397,435.21036,378.57968,-287.1214,631.4054,293.84592,10.366156,438.17255,398.71375,-339.23157,629.93604,299.83148,-34.18503,454.9082,386.71887,-332.23068,617.4297,301.1201,17.654686,454.28906,376.06754,-284.76202,298.5671,125.19606,89.99528,265.95792,167.66295,-89.786446,174.822,149.86913,251.90877,158.95473,200.56021,131.56706,61.935806,161.90495,417.02313,54.143986,204.41302,307.65277,36.443333,151.8323,434.87512,25.065155,189.07407,324.55753,56.810947,206.54436,420.1366,59.12831,253.54646,306.29407
image_013.jpg,654.5757,112.75543,-778.9147,668.001,84.415245,-779.83673,676.92865,83.31246,-779.9079,686.1183,82.12754,-779.9564,640.33777,83.57531,-778.98804,630.87805,81.62633,-779.04315,621.4361,79.87563,-779.2023,697.29,72.530464,-663.076,605.95776,69.47622,-662.95935,669.22925,122.95831,-726.6004,638.27405,121.397415,-726.7549,745.04114,134.83543,-521.60175,546.93994,131.55595,-530.36365,783.2842,286.13132,-559.3493,493.91312,275.15448,-578.25116,824.37384,443.7492,-618.8975,442.67798,418.31253,-648.46075,849.57715,472.81445,-665.05176,409.08875,440.00763,-692.4475,826.18274,472.87796,-682.0029,432.41547,442.83267,-718.764,809.18744,463.53735,-630.2466,452.79465,436.0022,-663.4199,676.62115,228.58543,8.379347,590.6933,229.55853,-8.522029,684.42914,290.27493,402.432,608.9664,300.37363,336.4511,679.6363,324.4636,789.2053,617.0167,334.44995,740.30725,676.7665,322.58148,827.836,616.22394,332.8461,783.7079,682.4808,366.9706,741.5927,626.4446,371.2371,707.6155
image_014.jpg,776.22644,421.17154,51.708466,784.54425,406.41846,71.07406,783.9679,404.26352,71.196884,783.513,402.20462,71.17138,783.3641,406.68823,22.202673,782.3973,404.31778,22.142073,781.405,401.951,21.91925,770.98114,386.75333,160.6345,768.5464,387.13522,-51.897717,760.36255,420.3482,90.77991,759.32495,419.83688,29.348982,672.2876,371.50128,290.4955,703.95026,403.1608,-177.24359,619.3692,431.77194,407.71558,650.33246,485.23312,-346.29153,638.3785,507.0328,453.61176,677.7078,572.6813,-457.73523,659.1396,513.714,485.954,701.8485,584.6047,-501.8961,665.01245,518.7718,453.30072,706.03955,577.74426,-468.40002,658.4901,520.7367,441.3382,695.43066,574.78894,-445.9108,487.19858,371.31262,144.4715,496.38794,391.0642,-144.22357,330.86188,435.87158,169.13628,326.43915,468.95438,-171.87823,184.4396,486.13245,233.77142,155.34276,514.628,-192.79648,153.7584,486.5831,235.05974,122.09848,509.53293,-202.338,185.08311,548.054,171.53224,153.00012,589.16785,-296.04077
image_015.jpg,886.48,198.75578,-32.419125,897.18365,184.3991,-25.19018,895.92554,182.12088,-25.028585,894.8261,179.97284,-25.041868,897.18726,184.95636,-63.21058,896.34894,182.29327,-63.276268,895.47205,179.69223,-63.51614,879.13385,163.9561,37.73997,879.58325,162.87498,-128.5653,865.12537,196.452,-2.518475,865.6639,195.3051,-50.61173,767.41254,170.28268,174.77487,786.7857,176.82816,-212.09708,745.56,289.31586,215.76714,763.62646,305.45508,-252.40942,768.98425,394.77606,137.82079,787.4266,432.991,-253.26761,797.7154,394.77628,139.69537,813.27057,442.77588,-303.9406,803.8197,405.26514,89.17519,819.13605,434.95087,-278.33963,792.6913,408.69516,112.46399,807.6833,432.4665,-245.43205,549.0083,229.8064,122.588425,549.8007,232.34119,-122.10845,394.8728,320.43982,144.60524,380.15973,317.92346,-87.69079,228.52452,351.13544,244.05435,192.8363,358.99075,-42.315758,195.0335,343.27155,248.64113,152.58209,353.1674,-53.739487,227.50351,415.8167,172.94948,209.50638,439.5122,-181.6641
image_016.jpg,961.32965,189.66142,-392.11612,969.99866,168.37053,-379.78424,969.64685,167.67085,-379.46384,969.6058,167.21979,-379.01743,963.64984,165.80647,-415.6038,958.8682,161.52301,-416.62912,953.95984,157.2203,-417.95383,936.97424,150.93497,-285.97324,917.3188,137.51956,-435.3168,928.0887,195.25739,-350.16693,922.0341,188.79277,-392.95624,848.9609,164.0875,-140.20581,732.6421,179.7137,-495.76822,856.76587,333.1997,-26.838757,634.9883,400.6618,-497.48224,885.4111,507.30902,-73.79487,634.5242,595.3944,-456.36584,920.009,529.9329,-113.682655,637.3464,631.42145,-528.44696,912.96155,538.35364,-176.69771,668.1394,625.7174,-527.2698,885.75,533.7473,-106.07897,663.94946,613.13043,-460.16772,559.002,278.57343,118.24678,493.0566,280.36176,-117.66009,423.91333,323.6683,360.7309,335.4763,328.98853,167.13676,296.33118,303.22852,652.33545,199.9506,337.83505,432.93127,263.7072,281.74228,681.1785,164.11539,319.40744,454.6782,289.19855,369.4722,672.65485,201.96126,419.64636,399.11795
image_017.jpg,945.94257,179.75067,-446.92993,953.05707,157.10864,-439.1973,952.24677,157.28537,-439.07153,951.7248,157.81041,-439.22107,947.7637,152.85233,-475.982,943.18,148.24977,-476.2278,938.48846,143.69945,-476.3286,918.5975,145.25502,-345.27914,901.22534,124.83697,-505.2178,913.44183,188.75507,-402.32736,908.30316,180.11583,-448.62936,832.4001,175.41838,-199.1106,724.6566,177.74513,-522.5844,826.4999,341.48254,-44.027958,642.36505,393.99567,-511.54523,874.7886,509.64468,-104.23384,664.2239,573.43317,-508.2014,909.93396,524.67694,-152.0335,675.5516,603.6775,-590.5682,913.2101,533.4414,-215.88956,704.31665,587.3346,-597.8301,885.63214,532.36774,-134.77528,697.6084,577.8812,-518.7403,566.4306,292.99045,116.00047,494.44638,289.26428,-115.28534,483.8769,358.63467,392.7505,332.82938,363.6919,178.76369,358.5591,339.40118,736.45087,192.27159,390.83124,445.06384,326.23044,319.08707,769.03864,158.52867,377.319,465.85156,349.7627,406.5071,752.5696,189.63109,470.88046,377.85062
image_018.jpg,1051.8,140.75282,-105.00454,1072.0964,124.61761,-97.30501,1071.6012,122.39399,-97.16631,1071.2284,120.35247,-97.41956,1070.6188,124.037834,-146.46164,1069.5472,119.81254,-146.5349,1068.3531,115.618195,-146.73018,1050.4929,97.821434,-19.01441,1047.0975,90.89223,-232.1098,1021.07684,135.75145,-65.687485,1020.1696,131.5603,-127.63294,895.20264,82.6124,129.76991,896.8148,94.61091,-322.88727,794.994,192.96211,244.0995,801.09656,246.80093,-343.7432,795.7417,329.072,146.59613,834.2195,430.78583,-308.39398,817.3711,340.1539,136.52452,857.89075,466.9268,-375.0959,834.21906,363.5757,71.782265,879.7577,458.8672,-348.9404,821.4759,361.94464,117.22095,865.20483,446.1847,-299.65417,540.5647,163.5737,143.43425,524.14404,166.95198,-142.714,346.97275,243.82773,282.54376,322.38736,238.22635,66.65548,138.68661,254.01971,482.1663,111.186325,266.71158,284.67352,97.715805,229.9532,497.7672,71.068596,245.54619,296.6022,109.91961,345.50128,424.0937,86.5615,361.95325,192.34818
image_019.jpg,231.06592,165.25554,-42.696796,223.12244,144.03456,-80.58268,224.57234,141.70468,-80.5917,225.93506,139.11407,-80.69325,223.5427,144.37106,-34.77714,225.12006,142.17682,-34.86463,226.90134,140.05756,-34.840492,248.02815,122.37202,-154.07101,247.06682,125.50495,57.412617,253.69432,166.26282,-60.822037,253.90268,167.2687,0.16775817,358.08905,163.32346,-235.03029,387.50064,145.85834,221.39221,396.1611,320.4413,-278.52637,429.4588,292.2003,271.18796,406.44382,455.68747,-246.51715,432.95874,415.377,182.08403,377.8651,471.15775,-304.02188,403.45648,419.62054,185.98773,371.70465,458.89246,-256.116,400.1903,425.5207,128.60843,384.19354,453.05798,-232.41634,412.41238,427.9738,153.8774,686.0785,216.2595,-144.6256,684.8645,205.49832,144.8195,902.8889,300.4984,-41.13784,891.77045,294.86682,170.3021,1119.4138,362.66052,73.70158,1093.3363,353.5826,272.32178,1160.4631,349.58823,78.7549,1136.05,344.20523,278.15848,1122.2057,433.6215,-33.081097,1096.427,434.74625,191.69032
image_020.jpg,484.0006,210.72462,-782.2525,489.33093,175.1312,-795.05615,498.3995,169.81898,-794.83887,507.35333,164.47665,-795.0141,468.51553,183.76329,-765.4491,461.898,185.32507,-765.52234,455.62125,187.22467,-765.5324,536.08484,141.8003,-736.1959,464.81412,170.6992,-606.7943,518.01556,208.41083,-751.8233,493.3276,221.74004,-714.2159,679.9615,167.41301,-645.48285,497.94315,202.3599,-423.32684,786.3158,376.6516,-636.58453,494.5119,358.647,-273.9244,795.33636,572.81726,-663.1981,447.36072,517.46014,-315.37277,807.53375,619.2878,-738.41486,410.78412,541.6243,-354.16797,772.8462,612.07007,-749.64417,415.68607,552.83276,-406.2696,764.87683,596.26184,-674.8176,442.49075,543.04913,-338.0991,845.6821,205.19864,-81.42673,762.23706,222.90074,81.599785,896.2531,298.7084,346.27762,819.4121,304.46237,450.661,961.3699,349.70786,807.5479,916.7082,351.92822,860.10144,982.68207,346.2514,854.001,941.3678,345.13626,902.91046,946.3765,427.7264,826.7456,922.3585,429.40652,889.19476
image_021.jpg,878.461,180.65193,-11.213403,888.2449,170.04384,-2.302882,888.0502,168.02054,-2.1641238,887.9235,166.06905,-2.1734326,886.5307,170.86592,-32.69695,885.6914,168.91486,-32.729897,884.7928,167.03911,-32.852337,876.8342,154.98143,45.147617,873.4241,156.20662,-88.0829,862.8797,179.42654,12.029116,861.56836,179.11838,-26.825197,778.86584,154.22958,159.03804,800.0338,180.12714,-158.4974,752.1884,249.44289,200.73079,765.84705,288.9371,-159.43019,755.21216,319.26953,134.6612,769.38617,384.31342,-113.624245,775.50055,313.756,133.14825,791.72394,394.4757,-145.6628,780.3009,325.86145,92.987144,794.44336,386.37927,-121.09794,772.9212,331.87872,115.950584,783.94745,383.9971,-103.03038,591.37256,198.76514,96.11762,596.269,213.1461,-95.839035,467.4687,257.47394,161.95549,460.4262,277.0726,-29.133911,341.26996,283.67862,258.41873,317.15738,314.46906,52.84452,314.4299,278.38788,264.3674,287.9766,311.73712,51.92857,342.26202,328.12192,218.63658,323.7958,361.7457,-23.27725
image_022.JPG,880.77606,155.2113,-328.69992,878.9771,136.879,-314.701,879.9203,137.4192,-314.42926,881.08795,138.20442,-314.4121,870.09033,134.64838,-336.17078,864.3523,132.57683,-336.19476,858.56537,130.5928,-336.2083,859.156,143.44054,-213.41878,830.57166,131.82104,-304.2481,866.08936,174.73318,-288.0198,855.2504,170.40927,-314.19836,792.5452,201.20805,-61.26785,734.30994,215.67657,-342.56366,776.45215,310.91354,25.085728,673.6849,353.20248,-338.83124,786.1628,424.13177,18.156008,674.03326,487.5038,-322.47144,804.74023,438.2729,11.007454,674.832,508.98288,-376.61847,802.80566,443.17474,-35.874256,696.2609,505.36743,-373.79123,785.0443,444.61884,-1.9532626,690.82263,497.22418,-324.15207,551.75616,285.57352,89.966805,523.44446,282.55014,-89.3097,405.84866,324.17114,211.03592,359.6901,329.55106,7.667853,258.56854,336.55713,383.90118,188.97539,346.35767,153.7021,229.7811,327.24942,396.1742,155.8079,337.6163,162.13338,248.90424,378.1189,353.17535,182.91241,404.2307,82.10796
image_023.JPG,892.60596,338.63214,-318.79614,905.69904,321.294,-308.96606,905.8992,319.23938,-308.8217,906.1656,317.50867,-308.8335,900.55414,319.7484,-350.93445,897.9567,315.73447,-351.0691,895.24805,311.83832,-351.17337,889.41425,295.40494,-208.15848,876.6416,289.1883,-398.12198,870.35144,333.9995,-273.07822,866.14734,331.64514,-327.96255,802.84503,280.14575,-28.475718,750.8982,299.83948,-425.3493,794.0785,384.71,90.93756,695.6981,434.1631,-417.57648,797.08484,483.91525,28.512325,685.26984,559.093,-434.04544,832.93726,483.72882,9.867492,707.1579,576.2938,-509.93207,827.47284,494.40674,-52.23959,723.5088,565.1754,-489.19434,807.57904,498.1249,-0.5280915,713.6575,559.642,-430.0153,545.525,299.2289,126.27336,513.58563,305.24026,-125.87431,390.54898,364.1535,335.11523,351.74936,374.76376,95.98414,261.2627,381.59155,584.29193,209.13188,402.47116,302.05197,228.57002,372.04745,606.5609,172.74718,395.5651,311.93695,268.7979,455.128,554.7386,229.0849,475.33023,211.08348
image_024.JPG,765.1283,249.63736,-759.65247,783.5487,228.20544,-749.45856,789.17377,228.1465,-749.5273,795.0869,228.49939,-749.70544,764.79626,220.29846,-774.87726,757.3924,214.89583,-775.03687,749.92474,209.54747,-775.1524,790.0895,211.99753,-622.50977,731.23236,183.51093,-736.63495,755.52637,255.53087,-702.05804,736.3759,245.9849,-734.41907,777.18896,229.10045,-469.6161,598.32166,189.83456,-671.9799,760.5395,377.0421,-330.2553,518.35236,374.1128,-698.7161,749.4862,531.8491,-387.26242,519.6383,541.07715,-716.9058,777.08276,561.98627,-447.60327,516.7141,572.9579,-806.4229,764.86835,555.6779,-495.2159,549.70123,568.96484,-808.03186,740.0876,545.5802,-409.9628,551.2309,560.111,-726.9615,563.52466,285.7318,86.90987,480.2076,259.45575,-86.61056,483.12643,343.21896,495.73938,421.86835,324.11288,343.1036,430.73697,355.90262,907.25415,373.91885,355.3449,745.6839,420.81143,346.28735,948.63544,363.2233,346.67813,782.2999,424.68915,410.5291,891.5319,375.48868,423.5101,707.6254
image_025.JPG,757.57635,287.2432,-784.32776,777.382,271.0265,-776.24176,782.83044,271.46167,-776.36835,788.5417,272.2961,-776.6212,759.6441,260.93198,-801.83716,753.1127,254.81702,-801.96045,746.4641,248.76086,-802.04144,787.8328,253.9916,-647.99725,733.377,218.85173,-764.40216,748.03973,289.26196,-724.28326,731.6238,278.63718,-757.53174,789.5174,253.1581,-494.26984,600.1946,208.83228,-689.3329,783.8437,397.87662,-334.277,517.5842,387.77783,-718.644,766.98474,544.7704,-388.78207,519.9264,545.9614,-753.83203,793.1625,575.13055,-444.12427,515.43335,577.38007,-845.62695,775.88446,572.62885,-496.52905,546.8495,569.2369,-853.9959,750.35736,562.449,-411.59583,549.98865,560.1602,-767.24805,560.8682,313.2999,91.76303,474.57532,285.02438,-91.514114,483.19846,360.869,541.12756,426.53345,334.46387,390.46268,430.567,349.60764,1009.4947,387.17126,355.0234,849.01636,417.36572,336.39117,1056.825,374.23624,346.2159,891.6678,427.3688,404.94547,998.18066,390.1676,415.56683,817.87384
image_026.JPG,260.29788,239.25937,-606.27014,275.3903,203.54283,-605.65015,285.6976,201.58733,-605.68335,296.19128,199.57896,-605.5932,245.22116,203.05188,-599.38245,234.61554,200.95473,-599.53906,224.08916,198.9256,-599.73724,313.09213,183.77748,-498.40314,210.16273,182.37367,-475.135,279.83502,246.87358,-559.8426,244.25856,246.28557,-552.4999,390.70087,225.95268,-398.01355,143.61845,220.75163,-364.41312,452.86472,371.1387,-399.63675,92.13696,360.40192,-345.34024,416.6697,554.7853,-466.93118,117.22899,533.1028,-436.57706,430.7251,593.462,-510.8334,101.58022,566.7362,-491.38562,391.51804,589.7422,-525.1123,138.0294,566.64655,-493.97784,379.52307,574.52576,-474.7707,153.4805,552.11847,-443.0632,310.734,385.37332,-8.461377,201.1121,376.71927,9.186878,309.83517,447.44006,304.91235,187.49771,416.04675,327.2179,275.9809,418.47858,647.934,189.35907,406.87036,665.4231,270.71686,395.81226,687.821,195.74057,389.21576,700.85724,265.04428,462.17294,689.8642,181.0923,456.303,680.547
image_027.JPG,117.379295,267.6284,-396.65775,118.53957,245.86162,-417.97623,124.31195,242.915,-417.77704,129.9958,239.88763,-417.96054,106.923035,248.68376,-390.9399,103.74567,248.52817,-391.00986,100.861626,248.55792,-391.04816,155.62132,222.36395,-444.6015,114.40537,232.77814,-320.84238,145.1116,264.88867,-399.99075,131.97504,270.90408,-364.08832,276.96118,235.02904,-411.6786,165.99454,233.00626,-238.40042,341.95236,400.47983,-389.89923,167.32642,340.9069,-119.60935,329.37082,558.2766,-408.14966,133.35294,463.01105,-144.74281,338.8096,596.81854,-467.22086,110.326355,479.40878,-177.96039,306.33307,588.92804,-470.00653,110.18386,485.39636,-221.64246,302.6683,576.01794,-413.48804,129.414,480.35898,-163.51817,455.75632,248.25388,-55.662186,408.77383,248.43196,56.238045,502.85318,262.8031,232.49812,449.7265,273.01178,348.02234,553.6085,248.02798,538.16956,517.14923,268.52307,651.66974,571.3443,240.25223,567.9354,532.57513,261.97787,682.90674,542.7274,275.3567,564.95,523.8142,290.8513,695.7505
image_028.JPG,290.8848,129.85828,-154.05467,294.45596,113.09847,-179.53526,297.5706,111.39932,-179.52089,300.60156,109.4987,-179.5524,291.4261,113.41578,-137.70045,292.31143,112.251236,-137.77199,293.38202,111.24483,-137.81927,324.65717,100.665306,-235.20345,313.90793,103.631485,-42.7289,311.5644,134.98372,-170.41386,308.18774,136.39154,-114.54033,425.51932,139.97542,-285.37384,406.5585,144.35612,86.57503,455.1589,269.08508,-288.8966,429.282,241.98454,147.89508,438.13885,396.40192,-271.69565,411.77615,330.71277,73.37784,414.23907,412.44742,-328.88916,385.32047,325.7283,61.056435,403.8301,399.80524,-294.13486,382.31036,332.41498,11.439254,412.39905,396.11496,-262.07104,395.47873,335.3025,48.513046,633.2889,195.42772,-118.25662,618.86224,198.03992,118.52991,770.9603,249.61365,96.63946,748.23987,253.30495,283.47568,903.0558,284.64114,324.14847,868.406,272.6637,502.75708,929.51807,274.78217,343.49747,894.4038,262.40125,524.646,903.8914,333.9114,255.35962,870.9724,323.35162,454.56763
image_029.JPG,431.66986,143.5969,-333.15973,438.81396,124.01187,-335.182,444.9408,121.508286,-335.2997,451.02664,118.72403,-335.43158,427.7488,131.92062,-313.35486,425.1466,135.68571,-313.54153,422.65762,139.68884,-313.6456,478.32178,126.184875,-305.2303,439.22513,155.47607,-206.59851,457.3052,159.10652,-322.04514,442.96875,171.33011,-293.8021,606.9488,199.8655,-343.82022,496.42477,258.83673,-108.78902,691.72406,378.50586,-335.67184,503.83716,405.03372,-60.70393,691.2453,550.3343,-323.73148,468.14722,547.9476,-108.515305,696.03625,586.4127,-386.0362,444.1507,574.1537,-134.38272,672.1169,584.38477,-381.43665,443.33096,572.0229,-184.3113,668.98975,573.1383,-327.7438,463.11264,563.71375,-133.83156,832.3147,336.41876,-77.79081,784.4086,371.06476,78.48781,931.4931,392.2258,261.53452,887.53564,423.9239,365.46146,1026.904,441.3665,612.09656,975.6167,444.4966,701.5828,1045.3348,441.38593,642.7686,995.6282,439.82977,735.2886,1037.816,501.09296,556.37427,987.1543,488.1708,659.33484
image_030.JPG,268.0921,179.42874,-118.78181,261.44058,164.71065,-149.86188,262.76047,162.5619,-149.86746,264.01913,160.19865,-149.98145,260.75546,164.43582,-111.807045,261.5989,162.34958,-111.832855,262.6723,160.34544,-111.90878,280.60303,144.14888,-212.23796,277.91977,144.69807,-34.691235,287.34995,176.92291,-133.20938,286.78876,177.7783,-81.66897,377.06348,164.25052,-259.83737,385.4649,142.82222,115.311714,402.29767,295.89774,-259.08313,412.34964,240.51854,177.83186,403.04187,421.33054,-209.47795,399.24728,326.58887,76.89546,374.41342,438.07822,-260.67404,368.87186,318.83014,67.717125,368.94647,422.27487,-219.49937,364.65076,331.39584,16.38725,380.2398,416.77826,-195.72816,377.78757,336.85782,51.753624,602.8556,187.67815,-116.819305,598.94745,172.90193,116.62865,740.67834,241.98766,91.95727,722.435,233.97118,297.31412,876.8612,280.34692,297.6311,843.90027,262.76898,509.12744,907.19495,270.03668,313.24924,875.548,253.89636,530.3971,865.5969,335.56253,238.15262,831.0226,325.93225,486.9977
image_031.JPG,465.1437,119.81084,-266.1471,475.05405,109.06663,-264.36786,476.75623,110.47189,-264.26425,478.59152,112.09884,-264.33038,467.2565,103.4524,-274.4531,463.58286,100.006516,-274.60782,459.86813,96.60845,-274.5576,467.37027,110.73427,-213.96666,443.93985,89.55527,-253.92961,454.0504,130.09926,-241.70844,445.41318,121.604324,-253.678,434.74313,133.26146,-106.5022,355.45187,121.62255,-259.24686,448.68234,223.75826,-37.84579,305.95862,244.62584,-256.03412,463.95645,314.11453,-55.263836,305.9857,341.99203,-257.6891,486.42694,329.63474,-71.75335,309.43323,362.6504,-303.0013,479.8471,334.8658,-104.82347,326.35892,355.2194,-304.09366,464.1714,329.20752,-71.73623,324.49982,348.7585,-262.02133,269.12457,163.84122,53.92504,227.30902,151.96156,-53.815235,194.56892,235.32082,155.54054,139.53226,216.45695,67.939766,120.85536,261.6542,317.59525,59.3925,259.97592,202.22333,107.262535,257.28397,333.7616,44.765812,256.10123,214.43037,104.11948,300.76474,321.76852,46.86113,308.91245,177.30345
image_032.JPG,235.84302,154.72173,-827.0146,246.36064,133.9956,-825.5081,253.54327,132.68672,-825.6014,260.8556,131.3148,-825.54095,223.09958,134.04056,-824.9861,215.40538,132.61906,-824.9938,207.6812,131.35768,-824.89996,270.50275,121.71745,-698.646,192.80872,121.31386,-690.0846,246.39359,161.0058,-770.42267,222.89124,160.54033,-768.32446,312.5958,157.38127,-547.6016,141.01584,168.73752,-547.6836,350.61697,270.35004,-555.25916,119.096985,292.20142,-580.64215,394.23303,397.11487,-598.1551,93.09426,413.19254,-614.5411,416.23773,413.09702,-633.4135,72.92368,428.47992,-639.7845,399.03555,418.4768,-660.48956,86.29752,430.85684,-662.7456,384.7143,417.14853,-612.1102,99.1914,427.74606,-626.58356,256.45963,230.20538,-1.0217812,183.4998,231.94954,0.6750784,250.24107,294.65875,361.38208,190.17986,289.44162,350.70212,236.4896,323.07968,775.68774,196.07683,323.4908,759.0631,230.09787,317.736,815.46954,199.51147,320.48795,799.4231,236.8357,365.5945,703.0801,197.73706,362.95602,685.0106
image_033.JPG,422.01053,110.4691,-283.49274,428.74164,97.24361,-279.45184,430.88907,97.75151,-279.3621,433.15143,98.443886,-279.4713,419.30963,94.05568,-290.36917,414.808,91.64632,-290.44858,410.28928,89.29873,-290.39194,422.63583,96.40688,-227.65686,393.21643,83.78047,-272.01385,413.22372,120.71799,-260.62012,402.82715,115.6536,-273.4866,393.37332,124.05382,-142.37964,317.09546,121.154144,-267.64746,405.1785,216.76828,-93.505394,297.40903,243.94855,-259.89392,406.63058,307.9886,-102.148224,311.70258,327.47815,-269.54047,424.7053,323.52286,-113.453804,317.7432,346.20477,-313.14313,416.5319,327.9273,-143.77713,333.85526,336.86102,-312.32452,401.52023,322.1621,-115.29992,331.01196,332.79388,-273.696,237.56161,147.32983,46.022217,199.64615,137.73697,-45.886005,171.20468,204.09267,155.92813,130.27135,198.96925,86.374,116.115,227.22775,327.05203,69.81097,237.33607,233.78741,104.601105,225.30228,343.4909,56.54564,234.73297,246.41794,109.1262,256.6158,325.3941,71.54103,279.07806,209.24205
image_034.JPG,810.29926,148.30943,41.567616,827.30493,140.58295,47.733196,827.3007,138.42653,47.766163,827.43976,136.41136,47.66371,828.1603,141.1379,7.601834,829.4053,138.70554,7.5992775,830.57513,136.32172,7.425335,824.3612,116.23672,97.57837,827.6728,115.36839,-75.93326,795.36285,137.81311,68.25929,797.36334,136.82811,17.390728,724.8659,93.629196,194.49171,759.0494,98.4871,-171.71284,649.4654,186.66331,244.35265,743.48395,231.79417,-239.95026,632.7949,267.4567,194.63872,771.42285,341.17664,-230.53116,643.1201,276.6825,201.80962,790.6726,359.26364,-271.2338,650.26166,286.38086,156.35078,796.2438,350.28027,-245.5515,646.2641,283.6615,175.0367,786.03467,344.2135,-219.49567,501.80548,141.50201,111.41178,495.13092,141.37048,-110.891075,313.7748,207.19298,126.39734,297.61707,222.00945,-88.358574,148.86815,258.1183,199.92586,102.92463,270.36063,-53.088352,118.76736,253.84866,201.95763,68.88632,260.44232,-59.56306,132.00568,315.7009,121.95824,88.176216,347.22852,-166.54562
image_035.JPG,951.3762,212.14638,95.52451,966.96484,202.91795,104.7986,967.0039,200.49005,104.84657,967.1645,198.1477,104.69242,967.0136,203.4321,58.559242,967.6506,200.8411,58.591923,968.2404,198.30792,58.426315,961.86414,179.41959,158.51375,963.7444,180.10059,-48.80578,936.88043,204.45282,124.62027,937.9349,203.61282,64.19622,861.27594,155.39026,289.52347,899.80975,172.56442,-169.73935,791.2983,255.68195,355.1745,875.2415,307.6687,-223.99767,785.0182,358.58676,244.82265,916.426,429.65723,-187.1628,801.6363,368.55325,256.78607,941.88086,451.21698,-226.14848,808.19324,385.31525,196.10583,950.9182,440.97815,-184.41135,801.2079,383.76505,217.96266,938.2231,434.2896,-167.9275,643.47723,224.01128,141.25171,645.5821,234.86406,-141.04562,464.11877,299.2492,191.74762,453.64468,320.26016,-93.25251,288.97934,351.0354,289.1514,259.89233,364.26654,-18.392572,257.59647,346.42313,295.86313,227.79964,352.85052,-18.55725,276.4147,411.70624,226.95819,246.11407,442.06628,-113.26132
image_036.JPG,203.08783,211.61633,-98.29473,196.57224,200.00658,-122.945816,197.8326,198.04485,-122.97766,199.02869,195.9081,-123.1381,195.22057,199.75354,-92.07733,195.57503,197.93169,-92.058266,196.09506,196.23082,-91.9556,211.48149,183.29118,-169.01816,207.20058,183.74266,-25.854902,219.24596,209.8614,-107.92411,217.9769,210.50699,-66.28986,283.69943,204.90952,-216.15779,297.45108,180.10257,123.190636,284.70285,313.22238,-233.15259,302.24585,271.8407,173.67572,289.52487,419.99893,-202.17018,287.6504,347.11633,89.3021,264.92157,428.8368,-242.76031,259.36142,336.87408,98.44952,261.5798,418.31458,-206.19554,256.0654,347.66302,54.85707,271.06335,415.88718,-187.83801,267.51147,354.37488,70.98888,475.4597,218.96674,-108.597084,476.92267,205.72034,108.32963,599.8694,295.02032,-68.51174,591.6619,272.15036,172.35576,731.9567,338.53992,-12.4563465,719.66547,312.58972,248.75217,765.0143,336.4822,-14.785109,751.83795,313.43674,254.90143,698.44305,386.54245,-98.93801,695.9579,362.26086,213.68867
image_037.JPG,141.8675,115.85635,-25.162628,139.06381,99.76242,-41.821148,140.80771,97.184746,-41.830727,142.53116,94.43735,-41.875946,137.1315,103.332794,-14.734666,137.43005,103.19178,-14.802109,137.78725,103.14517,-14.794318,159.0431,84.83391,-72.72524,151.04863,95.954704,50.685505,158.45845,116.36928,-33.3345,155.50426,121.1527,2.3311262,223.03868,115.97203,-130.75243,229.35753,132.82707,131.44151,221.79262,228.4628,-143.39279,234.52634,236.00917,154.03534,183.67711,328.7716,-126.1556,201.80768,324.99304,122.34506,168.79442,345.05328,-156.06815,185.10446,337.35904,129.00443,159.67073,339.54395,-139.15157,181.28004,334.9474,100.48599,166.53728,333.44327,-121.64435,188.66568,331.89038,108.40767,407.34747,210.0966,-88.430145,396.7801,216.69725,88.66035,521.52423,316.73605,-75.1275,498.24643,302.7581,92.06081,642.9032,400.44104,-58.12847,610.63574,376.65182,123.31302,673.24567,402.74454,-62.623238,640.2763,381.6801,121.944435,620.5277,453.3489,-143.76868,587.2614,428.09912,69.39017
image_038.JPG,634.59717,223.55362,-204.74881,647.3824,208.74055,-207.39314,648.6838,205.48271,-207.31685,649.94824,202.47214,-207.4384,641.3356,211.74393,-230.78767,638.8485,210.23686,-230.98593,636.32477,208.70166,-231.10301,637.93463,181.19246,-175.0338,620.32416,190.47139,-277.01852,618.4096,215.68243,-185.94754,612.6456,218.103,-215.36353,577.919,154.49344,-91.34907,520.5631,195.51086,-286.856,583.86615,265.57242,-9.082984,455.52322,319.53665,-272.79584,595.34296,366.44153,-70.97894,461.12585,435.91,-250.34642,618.6099,378.8777,-103.95038,473.99176,465.7867,-298.77454,614.5484,385.10022,-138.68977,493.69437,452.33893,-296.4636,598.19025,383.32767,-87.88348,486.9335,441.7331,-252.63689,361.05795,120.94788,62.161617,323.0909,126.83554,-61.98629,338.5158,178.89769,222.87892,208.05257,152.08916,130.56471,290.2021,214.81482,424.34512,103.51166,159.15862,346.7049,275.58728,207.55443,441.60147,84.5315,147.77979,366.50006,302.55365,257.28934,405.87952,95.22227,199.24713,305.48114
image_039.JPG,647.47424,362.68762,-71.16303,657.7333,352.88324,-61.687775,657.3173,352.51813,-61.61018,656.9601,352.3477,-61.762074,656.4713,349.44272,-92.960785,655.66187,345.91098,-93.05867,654.7494,342.3917,-93.19805,644.0123,337.98212,0.4576041,641.3059,325.4253,-136.30273,629.31885,361.01892,-43.71612,628.3177,355.96936,-83.78239,549.62823,338.7992,103.67043,564.2794,318.13638,-199.9689,522.69135,408.2519,159.87498,558.41473,430.44604,-242.24663,558.093,476.4575,121.837364,618.061,513.4978,-249.4425,577.8282,485.5819,126.4997,639.9241,534.26,-300.60394,584.6964,495.21417,93.27182,650.0644,522.32,-286.83362,576.6941,491.6838,105.02847,640.2166,517.0009,-246.57446,342.92978,325.0096,94.14562,335.90067,309.6575,-93.90175,231.0315,382.80432,175.72656,210.883,405.58365,-50.90902,132.44336,449.21768,288.78244,89.671555,493.27057,23.330591,109.97555,450.68015,296.59918,66.32324,493.60245,27.028366,117.87126,498.48367,245.61528,70.687584,548.61176,-42.188824
image_041.JPG,707.35504,193.12112,-518.1656,730.20514,184.8374,-526.9203,734.8348,185.19667,-527.12085,739.6974,185.93028,-527.2768,715.6545,175.92035,-548.9309,710.99066,169.84685,-549.0753,706.2039,163.83112,-549.1237,740.7015,163.56021,-479.07706,697.2365,129.74663,-578.69116,695.2951,186.875,-487.5419,683.5226,176.3676,-516.37256,733.1773,116.98691,-355.62607,547.2027,98.976364,-524.5999,723.33215,231.20598,-168.17259,435.4712,259.34055,-509.49536,728.44574,366.2566,-164.69765,451.144,409.84946,-508.29065,758.691,389.81018,-182.47478,448.9318,443.51865,-571.21234,746.4811,404.26483,-232.30179,481.84802,430.79764,-578.2332,719.9267,395.79434,-184.91206,487.5232,419.3005,-517.7016,491.3312,173.57997,82.708954,401.38916,166.0244,-82.47715,426.66974,228.9088,396.64856,359.00977,238.31236,231.18079,350.1882,213.14507,749.1398,289.88095,228.46317,568.18524,329.70303,196.89407,784.27704,273.5827,210.72073,604.43274,344.936,263.479,777.17163,280.4198,280.7839,605.71063
image_042.JPG,712.74835,173.74873,-633.91833,724.1166,155.39064,-626.19995,728.2688,151.93323,-626.41,732.8402,148.8979,-626.67,707.4459,157.00786,-656.65564,700.4199,154.69218,-656.6166,693.3234,152.42021,-656.6006,722.838,124.77609,-536.51904,669.6949,124.51229,-668.1871,699.4446,168.69041,-590.39294,684.4007,169.08107,-627.46674,696.3264,82.43595,-421.93063,506.2869,120.70397,-594.29346,698.77936,191.29651,-216.43694,387.52527,270.8671,-602.65814,698.2247,345.07263,-212.50858,427.34866,420.26938,-605.8167,724.2133,364.60266,-226.222,429.68918,453.19,-672.8459,709.87976,382.79413,-276.9762,458.86353,435.78806,-670.20905,685.74164,382.89993,-230.04869,462.07675,423.5185,-612.13245,469.795,190.39651,82.40607,382.80734,201.30411,-81.62385,395.4742,224.98758,491.8209,302.68564,225.62643,335.10162,318.21777,213.89285,904.2493,230.84474,224.67188,742.40985,297.9437,200.67883,947.4658,210.78589,212.56828,781.53,329.87314,259.17307,937.7419,245.74411,278.50436,754.8628
image_043.JPG,195.58733,261.8983,-94.93563,179.58073,243.40506,-148.3301,181.06538,242.94804,-148.03839,182.56305,242.21944,-148.05287,178.39258,237.21118,-102.924644,178.47618,232.88116,-102.84211,178.92375,228.5235,-102.88188,204.27357,226.9442,-265.2381,197.65857,206.90356,-55.740753,224.76411,263.9161,-124.21951,221.81218,258.75793,-62.922955,320.71503,294.9489,-345.98462,344.22903,184.5273,132.75594,294.30396,479.8877,-279.33075,327.71094,371.16537,280.58612,261.96722,484.97177,6.9233046,279.13553,468.1007,293.86182,238.84311,495.1744,-21.499605,252.90504,483.84326,300.85742,245.89758,470.45044,-19.255527,256.80176,478.97574,276.3955,263.69843,459.70917,10.519856,273.3597,478.46097,281.32312,722.69476,316.5021,-158.4935,724.57635,253.19356,158.7303,934.14594,433.6473,40.73899,916.9213,318.31638,406.9604,1158.6538,508.44638,213.7367,1099.746,366.37073,664.50446,1209.8804,496.55606,227.01724,1146.5342,356.73132,688.01654,1145.7604,605.07935,145.651,1089.8368,456.6345,671.44946
image_044.JPG,763.29254,287.85068,-53.274715,776.39264,271.96936,-40.90376,776.91296,268.06284,-40.705738,777.3731,264.54852,-40.909363,773.0329,274.44296,-89.88362,771.85876,272.59326,-89.74663,770.4992,270.76224,-89.74912,767.6454,242.56119,36.208797,759.4101,250.76959,-184.01996,745.8011,279.3102,-19.617622,742.0213,283.75992,-83.76853,677.8134,224.47212,175.19276,680.675,249.66689,-286.64465,722.4799,380.51083,245.29175,732.9775,425.69086,-406.4371,770.9064,502.11404,137.91232,798.4488,563.1776,-397.3108,801.8144,520.7498,145.22389,828.8038,594.5965,-474.5037,805.04706,524.5648,95.80417,841.3124,582.9092,-423.76938,792.798,523.16516,114.15584,829.50586,572.3131,-381.66418,405.3774,169.64462,150.79816,400.27286,169.97043,-150.56595,242.19508,317.44397,225.55312,263.88257,343.88513,-129.70226,79.876816,427.23883,363.28638,93.53108,501.57523,-33.21297,43.99464,428.93808,371.30322,52.343727,507.8294,-28.331316,66.22846,502.90036,298.47495,96.95496,585.6653,-122.94522
image_046.JPG,108.43835,339.80267,-316.02527,105.60662,315.6339,-344.67053,109.42328,311.48087,-344.62772,113.17998,307.13376,-344.6081,98.93473,320.85898,-306.3832,97.58886,320.88434,-306.4093,96.39707,321.17154,-306.63995,138.21663,286.6873,-380.114,113.99094,305.8736,-205.41013,136.65315,336.0078,-322.1867,128.75922,344.03418,-271.34244,265.82333,303.7508,-412.31165,194.81094,343.4823,-78.66348,309.75165,463.46783,-430.82816,197.9401,468.1092,-18.504593,290.53052,609.34973,-435.74646,168.38962,590.39014,-89.684975,284.4531,639.2364,-506.75247,148.34093,612.3605,-118.44959,262.84018,631.43,-497.04202,144.96764,610.7949,-171.88248,265.9425,620.65466,-438.12772,159.79887,603.4796,-118.70723,490.37088,388.3539,-110.814354,447.86697,414.97406,111.058075,612.9213,471.27026,96.46208,565.11707,488.9901,298.45712,730.0883,520.82574,351.80856,662.9814,530.49316,551.2549,758.48517,513.4167,369.5998,689.99426,523.4365,574.2422,729.7052,595.29095,271.94983,659.0117,603.1185,514.1432
image_047.JPG,89.83357,288.71506,-350.552,97.263985,263.22876,-362.88348,103.77026,259.68243,-362.8266,110.21944,255.92754,-362.80466,84.01764,269.86432,-327.82794,80.52478,271.11996,-327.8576,77.17717,272.63815,-327.952,137.19742,248.02264,-349.26733,91.64684,269.70657,-190.40022,117.05141,295.04663,-340.97366,100.60694,304.33994,-295.03824,238.17856,301.85623,-389.1716,159.15399,339.26178,-39.625134,278.5804,474.1465,-410.33777,166.28166,472.66504,30.331602,271.30817,611.8305,-410.4076,132.14078,595.1256,-34.986626,268.41025,640.8601,-471.58472,109.79976,614.2505,-54.255795,247.74606,632.23645,-461.62262,107.47336,614.6276,-104.72481,250.43477,623.90375,-409.6574,124.23434,608.8532,-60.342964,463.4187,404.73788,-113.00692,426.1875,431.29297,113.53766,576.85974,483.8311,138.96863,540.0007,508.35406,336.57318,689.25116,532.0322,438.70935,639.73553,547.33844,622.3283,718.61993,526.8584,461.68475,666.4234,539.5394,647.12866,688.6298,597.3338,362.7773,640.2846,615.2237,574.6056
image_048.JPG,905.38904,301.31516,40.229748,921.1164,288.20392,46.33773,920.2322,286.34613,46.409077,919.53345,284.6546,46.26648,922.15186,287.31085,6.951103,922.4699,283.7536,6.9049387,922.7168,280.2864,6.781076,907.7955,266.4003,100.767845,911.2187,260.34708,-68.149574,884.2028,297.14816,68.32274,886.0166,293.59048,19.342737,788.0371,270.36652,228.04713,820.30707,262.9051,-167.48767,746.2858,401.1747,297.80215,806.45764,410.5316,-243.8258,756.67346,528.6682,214.93735,838.2542,546.2915,-247.14188,781.15204,537.2889,219.31535,865.46533,560.80597,-287.80194,787.3807,552.75525,162.81424,870.72644,550.303,-261.34967,776.61566,551.56647,188.20192,858.87317,546.5785,-238.21198,537.6961,340.19592,123.31138,536.63464,337.9315,-122.70206,334.43222,425.43402,109.13312,318.56058,434.95914,-95.63824,136.11696,451.78714,198.96545,103.11369,469.16006,-40.186485,103.20898,438.06586,202.73582,66.16509,455.43796,-49.572674,112.22531,524.4516,107.75284,94.05765,563.29913,-184.17734
image_049.JPG,153.70396,251.65234,-321.45364,144.25868,223.0667,-359.08176,147.38838,217.10223,-359.012,150.4269,211.0222,-358.9877,140.26701,230.855,-308.85034,140.27354,231.27863,-309.0352,140.54669,231.90419,-309.22525,178.52882,180.87927,-416.72162,162.6714,207.93648,-183.01135,186.19089,240.74022,-333.82596,182.00922,252.21622,-265.16953,343.40854,191.57971,-422.45596,287.15723,203.70357,-28.253239,419.65466,389.93353,-391.36722,353.66937,321.17285,135.98929,395.7439,578.8684,-372.5747,325.2199,455.84207,92.53744,391.12964,622.7072,-451.15952,302.19348,475.39258,73.55794,363.17648,613.15515,-439.7669,292.718,485.18478,22.956062,366.86475,595.84344,-373.50403,310.90884,478.07455,67.59184,675.727,233.54253,-132.72322,630.9357,243.75052,133.15695,839.1372,310.2575,168.73479,790.7099,317.26733,409.73822,988.7347,337.0728,518.02264,919.2519,355.1511,751.6163,1025.4862,320.443,544.0208,954.43427,339.19644,784.929,983.38605,428.1243,436.79968,912.8769,451.27908,726.147
image_050.JPG,225.60934,239.64742,-237.26035,207.6016,212.63014,-271.53284,210.63943,206.77469,-271.29233,213.63663,200.76027,-271.35355,202.26697,219.11478,-226.48868,201.11389,218.647,-226.87764,200.4453,218.202,-227.16582,241.06895,168.98534,-332.88864,220.21072,188.778,-120.81598,263.27094,224.57884,-249.74269,256.425,235.14938,-188.27902,430.66904,182.6063,-363.51202,374.96014,142.27751,26.79075,515.0345,427.5407,-351.38715,428.03763,303.60895,179.03893,515.5121,627.16235,-297.9097,409.22772,462.68762,82.53386,504.0088,680.0901,-359.66663,377.046,483.2866,57.715603,473.44632,659.561,-337.7245,371.8569,492.506,6.5283923,481.73843,636.88794,-291.78503,394.3736,484.91724,58.654884,823.7268,136.88274,-118.61802,780.2758,113.41017,119.49761,997.9082,230.23131,222.68956,934.2231,221.81277,460.05832,1159.1465,284.97464,555.83167,1081.9622,299.34717,830.112,1200.3116,273.51498,587.1383,1120.3129,290.1889,866.4512,1148.5106,372.29572,543.04425,1084.1299,395.78354,847.7406
image_051.jpg,134.59482,202.32692,-49.128464,127.41358,189.63924,-74.894875,128.17717,188.01463,-74.8828,128.89278,186.1862,-74.98244,127.373,189.99538,-45.863647,128.15646,188.33124,-45.83677,129.08792,186.7622,-45.709473,141.71571,174.2691,-119.41337,140.46486,176.1675,14.247953,149.32326,201.6055,-58.360718,149.5804,202.29083,-19.87856,209.93456,196.21634,-173.08122,231.45111,186.47995,137.84265,223.02255,308.08896,-199.97913,254.35954,290.0867,152.94969,239.21317,417.21497,-199.47292,264.4564,387.74362,84.115234,222.19888,428.12213,-242.95921,245.94681,391.6098,90.47767,219.6922,421.44397,-205.8338,243.90518,396.26248,45.01814,226.93199,417.32657,-187.87933,251.24556,397.89697,63.42736,407.14697,232.31837,-100.7899,405.59702,227.1843,100.7859,548.3017,286.63052,-46.399693,533.80457,282.9621,128.7627,688.9367,326.83664,14.181975,661.50934,319.19302,196.17542,715.90674,319.4221,15.322118,687.6487,316.20694,201.37335,685.3001,372.22278,-57.708096,660.288,367.3925,153.51265
image_052.jpg,106.52466,219.90012,-44.427876,97.6826,207.89067,-71.28374,98.16132,206.26079,-71.247604,98.58451,204.43,-71.305824,98.05168,207.58243,-40.888493,98.851654,205.45926,-40.87671,99.79038,203.43991,-40.756058,110.84649,190.55528,-120.69348,110.94882,190.24521,19.040537,122.04039,217.6029,-56.761753,122.73836,217.39125,-16.407803,184.62332,205.2686,-175.52724,208.04138,197.68608,133.56938,206.45508,310.34177,-212.95079,237.69823,296.835,152.98878,226.61717,414.99295,-229.68134,257.96313,394.59552,104.72847,210.3758,424.89047,-275.79453,242.35143,402.3379,112.96675,207.85283,419.2698,-242.18471,239.8669,403.9473,71.18232,214.07481,415.18326,-220.75905,244.92047,405.0459,84.777405,380.06775,231.41466,-98.61119,380.44186,230.72224,98.70314,523.12305,287.9407,-65.572845,513.89606,288.557,103.368706,668.2799,333.22305,-25.214743,651.06714,324.91232,150.0944,695.7887,328.44675,-26.366835,677.36035,323.74353,152.23624,666.6334,378.2469,-101.86554,654.90594,366.2851,93.78693
image_053.jpg,136.52136,235.09866,-29.242529,128.04663,223.3441,-53.502586,128.55025,221.22716,-53.54948,128.97498,218.92592,-53.594658,128.24667,224.51732,-24.621037,128.87987,223.39702,-24.62647,129.6292,222.28494,-24.59649,140.2303,205.80348,-106.747894,140.19609,211.49074,25.788786,151.1828,232.33961,-42.891346,151.66966,234.49834,-4.5693965,213.70982,220.19278,-159.50894,231.21626,204.84006,130.56192,291.44388,309.00513,-148.89995,300.8805,281.77985,164.68637,343.46063,406.27994,-105.02685,345.88773,368.03738,168.17586,339.7253,421.24997,-136.67325,339.02597,377.0104,184.38324,333.752,417.172,-110.43647,336.99255,382.99063,151.56616,336.3847,410.73157,-95.989624,340.1221,383.35526,153.91493,408.2169,224.86633,-91.99387,407.69043,218.13837,92.275215,552.76556,278.89664,-41.88338,538.6752,273.6129,115.69849,694.4051,318.7948,14.830534,667.35834,307.4813,180.42633,721.8167,312.9692,15.71816,695.0851,301.1912,183.47911,698.3092,366.65158,-46.969456,673.75885,354.14246,138.126
image_054.jpg,137.31255,250.24799,-28.062025,125.80358,240.11305,-53.214684,125.8637,238.12967,-53.26899,125.8644,235.95505,-53.362312,126.018974,240.74092,-26.544714,126.219795,239.2597,-26.550573,126.536026,237.79857,-26.478281,133.92259,221.6491,-104.66538,133.73763,225.05975,19.311981,151.16533,245.5694,-40.39535,151.6701,246.95834,-4.617435,208.42976,229.1826,-157.36826,225.39406,210.32681,126.61446,286.12164,314.15128,-164.28297,293.69974,286.78217,162.4116,333.9416,406.80814,-131.50795,336.07083,374.75412,144.60631,328.25998,420.6564,-163.01207,329.27124,385.04834,153.8596,321.94348,416.7945,-138.5352,325.92087,389.20703,121.60988,324.94446,410.7112,-123.345985,329.10577,389.13608,129.48131,406.50577,237.56964,-89.8371,405.89954,228.93404,90.12201,551.77673,287.8167,-37.62071,538.66003,279.03488,114.72931,692.60516,319.3937,20.516914,670.573,307.17014,170.04527,720.8656,311.8156,21.746647,700.23065,300.03494,172.52792,694.01807,366.59985,-35.488617,672.5216,358.63806,129.40315
image_055.jpg,335.87503,197.84187,-513.5164,341.48337,183.65686,-516.60815,345.58783,182.18616,-516.68964,349.91837,180.70782,-516.60815,327.91022,184.14958,-513.5955,323.9121,183.45338,-513.58685,319.79108,182.8638,-513.54333,360.82776,169.57413,-446.56235,315.901,171.19827,-433.97223,344.9491,199.52832,-480.4415,332.66528,200.7716,-475.48608,413.58997,198.83272,-364.65283,278.37674,193.34422,-352.23508,445.01428,297.23636,-385.0243,234.47873,281.17282,-391.64755,447.34305,388.23145,-414.93906,226.32579,371.0936,-431.26617,457.65283,401.33093,-458.0865,217.22119,383.9095,-477.79608,440.0622,393.5265,-468.69464,237.81154,381.91977,-475.89035,434.42383,390.92288,-423.07236,243.73807,378.8194,-435.43658,368.4869,276.65674,-2.657937,308.6698,273.4767,2.0838137,345.44604,321.97293,252.71773,306.11417,316.03195,242.33815,337.5825,331.80576,530.72864,307.8882,322.56952,527.19434,336.4084,325.7496,559.5311,312.1372,316.3837,555.1395,334.86667,359.90576,491.57974,306.12585,349.76428,494.00433
image_056.jpg,60.439594,125.30145,-7.7270384,51.32439,112.839066,-29.128798,51.816364,110.90638,-29.293482,52.279274,108.82187,-29.563602,51.141247,113.37715,-5.73428,51.38576,111.82797,-5.7023315,51.740116,110.266785,-5.468042,61.251453,95.3982,-70.23686,59.396553,97.22231,38.331413,73.39915,122.34424,-16.220314,72.92248,123.27917,15.156688,126.17663,114.751854,-100.82857,146.8485,89.22395,130.33354,152.15666,217.51079,-110.13462,178.18373,178.9758,178.08357,145.4671,306.45367,-61.358566,169.33398,257.63217,159.5058,125.80831,320.57727,-81.94051,149.06337,262.2921,168.52162,120.895996,312.3114,-58.65676,145.10118,268.8181,146.30608,128.90079,305.69592,-53.543358,153.5236,270.7746,148.4479,330.18127,139.94579,-72.05911,334.44336,125.48447,72.30784,465.48917,197.84914,-30.520489,469.3147,183.06323,85.2874,605.96814,241.55585,26.929707,603.24475,224.40387,115.590805,635.7367,236.5189,27.708021,634.8242,219.33965,116.18918,598.3174,286.3771,-21.690374,595.32733,275.55746,84.70727
image_057.jpg,69.13989,123.06413,-6.9365654,59.561863,111.249855,-28.602333,59.913,109.42467,-28.735077,60.238388,107.44025,-28.974113,59.716988,111.66483,-6.075837,60.070004,110.10116,-6.0231986,60.540165,108.516716,-5.8175006,69.00693,94.1423,-71.51867,68.42347,95.575066,33.733757,81.93268,119.737274,-15.844726,81.901474,120.7359,14.679359,133.58391,113.84238,-100.18627,156.22179,85.05101,123.84305,161.87543,217.35178,-102.622215,188.01584,174.19214,173.9061,156.38083,309.30246,-49.009663,177.87794,253.11673,157.08646,137.08014,323.4735,-68.953094,157.77664,257.1702,167.99202,132.4615,315.13266,-43.69683,153.63492,263.86407,143.91267,140.5729,307.91095,-40.206306,161.93878,266.2224,145.83076,338.0493,138.49387,-68.92829,343.8551,121.594925,69.06785,474.62573,195.54007,-19.24517,480.42136,178.95801,83.52082,612.3877,235.77267,41.291683,613.3334,219.8452,112.69809,640.63214,230.85736,42.450855,643.6624,215.15918,113.560715,607.66235,276.6679,-4.0609694,607.8469,268.71506,84.26164
image_061.jpg,149.15057,194.64177,-451.02127,159.81721,167.87508,-469.23505,168.25316,164.83452,-469.241,176.76959,161.69952,-469.3788,138.8926,171.66386,-450.98773,132.1764,171.30888,-450.8347,125.523,171.09834,-450.7148,201.35727,147.33429,-425.90332,129.5171,159.83754,-343.3326,172.34206,199.07825,-422.992,149.96075,203.37338,-398.5235,273.12247,180.56715,-332.7898,132.93808,186.14299,-244.29674,313.97324,261.7445,-258.9003,116.2116,261.79208,-129.47672,321.75198,365.88538,-287.50443,103.14715,359.55057,-206.90959,341.5225,387.68454,-324.1048,87.82523,383.33353,-237.4394,319.38672,396.8784,-348.88684,103.018394,389.03775,-284.08295,306.2176,389.18774,-298.90665,120.26711,381.81543,-230.58502,255.57367,329.2982,-26.16977,195.4277,329.75848,26.55752,255.45988,291.6968,225.02095,192.98666,286.9704,312.43747,258.23282,241.67506,505.206,195.81004,233.61443,628.1615,260.88815,227.94449,537.4474,203.09456,221.5081,663.9086,245.03183,252.16992,504.29254,176.8543,239.23373,650.14154
image_062.jpg,168.49553,173.98701,-564.5906,181.19902,154.20906,-580.43317,188.28528,152.44595,-580.428,195.55595,150.62982,-580.283,159.06473,153.86922,-582.8448,151.35713,151.53333,-582.85767,143.65335,149.34692,-582.99677,207.90616,131.30159,-516.00085,129.66667,129.14394,-529.4642,177.45973,174.48698,-526.3581,156.23984,173.69878,-529.72974,244.75209,140.89758,-386.82828,91.40252,130.55762,-409.9,270.04614,227.42122,-279.38892,58.59424,205.86134,-312.98242,272.8004,310.97852,-308.96216,76.19673,264.4283,-357.07654,284.51068,324.0436,-335.85883,71.03752,270.57175,-393.0636,276.59088,324.5987,-356.30685,85.56599,266.74988,-402.1271,266.42142,321.4011,-322.44714,92.77412,265.24197,-365.82178,199.74371,220.85654,1.6860582,133.37285,217.40843,-1.1783056,196.6329,257.2734,304.01593,142.67932,246.16696,298.83054,186.84885,242.13863,652.84204,158.33061,244.65596,637.94806,185.60867,230.33643,690.63434,163.47607,235.436,675.87463,178.11626,269.43402,655.02655,163.67119,272.72552,634.6998
image_063.jpg,142.04716,254.60356,-364.23682,139.61938,235.51796,-386.97366,144.68584,232.69366,-386.95923,149.73969,229.79576,-387.12857,129.21773,238.5065,-359.9024,126.545586,238.10233,-359.94952,124.07262,237.86678,-360.0513,174.47624,211.45747,-424.086,138.34958,220.69818,-300.1452,171.49844,250.03314,-372.51193,160.51273,255.63882,-336.0621,324.32495,220.08925,-414.7946,205.45157,198.18733,-208.02014,430.90488,390.83517,-396.133,233.79974,318.3183,-65.96834,425.88297,548.5233,-403.5115,226.45105,459.35428,-99.793465,429.6466,583.1392,-470.2371,206.05223,482.01584,-128.08032,398.22122,574.4199,-475.6778,207.50444,484.2302,-176.87709,396.3262,561.1379,-410.24768,226.66293,476.39267,-120.086296,517.44507,237.5662,-86.10864,461.5682,227.0025,86.64132,583.0466,287.72153,210.70891,520.09326,283.53442,367.16125,659.5505,297.68518,521.70184,607.05145,306.93015,671.1339,683.3843,285.57373,549.43024,630.9819,297.65247,701.40533,641.49664,356.22156,512.6187,599.19684,364.29425,683.90204
image_064.jpg,154.61314,235.27185,-246.20549,142.90874,223.52968,-271.03256,145.49986,220.33777,-271.04062,148.10843,217.09767,-271.2168,136.74512,225.48695,-241.4047,134.94048,224.41322,-241.4831,133.36472,223.44595,-241.71031,167.88194,195.86346,-339.68982,145.76363,202.8189,-201.3931,182.82776,223.12154,-266.28128,176.93625,228.49301,-225.48582,314.75443,193.14777,-369.0468,235.75443,146.15709,-111.485954,418.75766,348.11237,-356.3799,284.8932,246.99202,63.62668,424.3315,493.92984,-329.90216,267.89575,376.52075,90.38678,427.60675,528.565,-380.08725,244.92577,397.02554,74.77859,402.87408,522.88434,-381.85623,242.45424,408.0059,34.00424,403.41104,508.98904,-333.59137,261.19403,401.11365,73.15138,541.47986,188.2244,-88.97072,501.43658,165.906,89.34811,631.90924,225.78665,198.13338,587.9503,214.9488,361.5532,719.7935,240.94733,506.74347,671.6069,233.628,661.8575,744.5053,230.02074,534.4655,695.9608,222.55827,691.67664,703.83624,299.06003,517.89764,658.6313,297.6172,688.7817
image_065.jpg,344.815,201.72795,-453.828,355.3119,183.49483,-446.6061,360.8265,181.91254,-446.8047,366.54575,180.55624,-446.95993,337.78506,180.84169,-466.8044,330.923,177.47502,-466.79953,324.0943,174.17061,-466.73914,366.82877,162.09528,-371.5561,310.12802,151.204,-457.11572,343.9201,200.49576,-419.25635,325.47772,197.79376,-443.3822,366.14,165.9701,-298.47437,225.98613,137.38377,-382.26196,392.69617,266.5068,-214.61473,151.89772,231.01233,-374.64026,401.74115,373.34647,-229.5251,123.35541,312.60117,-367.45367,423.72046,391.57422,-251.0183,112.354675,328.11914,-404.02167,409.95773,399.3189,-272.70892,127.28728,324.9116,-418.08023,392.45956,393.9733,-239.8398,136.1172,321.20337,-378.69427,229.20802,192.3658,38.66854,167.40173,177.55591,-38.419254,189.31184,213.19458,252.78119,128.32799,247.78119,158.99883,138.75241,212.66023,442.76688,94.8737,294.00867,323.27365,124.381516,207.22188,460.68787,83.56597,293.60873,337.00497,141.95238,242.30563,439.4049,103.43659,341.13474,298.3272
image_071.jpg,630.0707,173.99944,-349.05588,650.2672,161.98773,-367.32822,652.4093,160.55891,-367.16968,654.72095,159.47862,-367.32672,641.6769,160.3346,-380.97253,638.5212,157.29028,-381.2066,635.2716,154.3167,-380.99088,645.3212,141.35901,-361.04703,621.4708,132.63812,-419.06116,611.6403,169.51323,-334.0114,605.3899,166.95111,-351.179,615.33673,94.43147,-232.26909,476.5878,142.70602,-430.02853,626.24805,246.324,-108.25602,376.2793,347.16348,-405.8244,634.5907,433.88422,-101.53852,343.19992,512.3098,-395.3182,670.97095,467.28067,-127.70894,339.52673,548.4929,-470.6286,658.6825,481.57712,-175.51993,367.9637,535.08356,-474.87527,632.128,470.47,-123.35355,370.86224,520.8113,-406.47397,343.06885,130.52937,86.631744,274.18054,151.28142,-86.22907,256.64706,221.7814,331.0451,207.9537,240.5525,221.83298,161.07602,261.22662,594.2635,119.28234,277.03732,504.45325,139.43341,252.26326,623.4257,96.969406,263.64816,534.03674,156.75307,324.96707,619.8049,125.79773,344.07413,525.337
image_072.jpg,601.4673,176.34344,-280.84586,621.01794,164.8365,-296.37576,623.6216,163.0269,-296.31747,626.3799,161.55913,-296.5202,611.4561,163.71533,-311.30377,607.9731,160.8406,-311.54385,604.37744,158.01808,-311.36462,618.2712,142.47166,-299.80054,590.98157,136.55229,-363.86987,583.41534,170.71472,-270.68857,576.0137,169.61246,-289.60013,583.6918,95.20604,-191.78342,452.3057,144.01527,-393.45016,593.0178,247.8755,-69.02669,361.8587,347.70715,-364.5971,606.6906,432.78708,-75.774574,338.0774,512.71875,-347.94608,644.1936,465.21066,-99.20347,336.7002,549.7257,-417.18607,632.72876,480.78503,-148.03638,364.36942,536.12787,-422.23557,605.022,470.22818,-97.89488,365.9721,521.7035,-358.71002,303.49765,137.04063,85.79762,236.78943,158.76207,-85.37904,215.99245,206.34033,338.08746,169.36404,247.09785,209.94563,135.86934,238.54219,584.57416,93.146095,285.95975,467.48206,113.96963,229.6495,612.0043,70.73363,273.07944,493.85812,138.16245,302.76364,617.2068,106.00897,353.63818,488.0387
image_073.jpg,922.9861,221.79538,-620.8989,956.5586,205.13359,-613.9029,961.6096,208.90883,-613.97504,966.93787,213.01479,-614.2773,938.4811,185.80615,-644.8684,931.0089,174.78218,-645.49927,923.3988,163.87332,-645.831,950.22986,188.5777,-494.73257,895.73804,123.21783,-629.3561,894.7086,227.29472,-560.1547,877.2907,202.85733,-598.9174,882.65265,138.6231,-304.1522,667.55457,133.15327,-612.0319,864.51117,314.97018,-79.46603,493.2114,417.18384,-579.6936,890.0491,524.66223,-96.438515,467.0713,639.15656,-573.2838,939.1629,563.6119,-139.2242,458.33163,688.4569,-676.96387,927.69763,577.24976,-196.96284,505.56467,672.4387,-686.09595,887.66565,563.6757,-124.533264,509.1574,655.79755,-590.51886,471.05515,208.23471,124.510635,367.86505,208.0496,-123.71474,338.543,222.66148,568.28345,256.44443,248.88602,309.9675,230.67474,209.6232,919.6248,154.94048,241.6704,690.42426,200.08652,193.49313,958.5648,123.10779,218.15453,727.3086,234.69954,281.46494,975.2795,172.9534,322.71887,709.12476
image_074.jpg,868.9794,129.33803,-746.1702,911.5124,124.446465,-744.79443,918.3942,133.25574,-744.8873,925.4538,142.45564,-745.3357,891.36035,95.61442,-757.76526,884.2033,82.7847,-758.20856,876.8859,70.28965,-758.3273,919.39966,142.8866,-615.99023,858.02484,44.19454,-665.36914,845.4726,152.10793,-678.8355,825.1001,117.37168,-693.25836,865.7646,120.15347,-349.10938,653.3812,96.391815,-680.84015,866.70966,311.6045,-88.1641,494.16177,392.95764,-633.6697,882.46124,521.5208,-103.97416,457.80984,644.26,-662.5072,926.8152,572.234,-158.60352,434.16504,705.915,-787.73804,911.6651,581.66174,-219.84138,487.85825,699.96875,-806.0322,874.37286,561.81995,-137.36661,493.22903,674.18823,-684.9204,423.1026,188.945,117.39081,328.40576,181.05035,-116.0384,312.88733,212.74237,649.7787,240.34373,222.62543,443.38135,219.62834,227.66171,1105.715,157.45695,223.17487,951.7217,196.91685,216.10768,1154.7301,134.71126,201.2783,1003.6634,208.86984,301.7463,1119.9559,153.92764,309.5861,960.1068
image_075.jpg,877.2057,203.45747,-713.3172,912.2056,188.96553,-703.6137,918.02704,192.87782,-703.5996,924.04767,197.24733,-703.93835,894.0265,168.98988,-739.2725,887.3303,157.91339,-739.6495,880.467,146.98634,-739.7121,916.08813,174.63058,-563.723,860.8181,106.61159,-716.4185,853.6427,207.65147,-644.495,836.019,184.02869,-688.9465,867.7485,137.07431,-335.27618,653.5172,105.897064,-734.2478,864.97125,319.80872,-104.5847,508.9551,382.936,-731.3824,867.4413,530.7374,-159.47687,463.53757,596.20996,-744.24316,907.3219,576.59174,-217.70526,443.1597,643.69165,-872.01825,892.32666,583.48334,-294.55984,493.12976,636.7505,-881.93536,857.5109,563.72986,-197.14838,499.72147,617.48224,-759.9137,447.54272,184.59283,138.4879,346.5507,164.79744,-137.69633,308.9033,238.94029,594.6285,229.02444,224.61894,391.4367,188.60098,248.71927,1095.9054,134.80476,237.7962,927.1096,159.3366,233.17818,1147.9304,106.75333,215.37987,977.9257,179.50339,326.89697,1092.6665,137.5693,326.8624,898.8297
image_076.jpg,1023.36975,218.55956,-466.76068,1037.1498,207.72025,-447.13556,1036.226,210.99725,-446.91745,1035.6201,214.55052,-447.15857,1033.1876,195.34438,-472.81665,1029.7576,187.97168,-473.1651,1026.174,180.69058,-473.22025,1001.1473,206.2466,-320.54874,990.46173,162.36366,-431.73618,985.077,230.75742,-412.776,981.81805,210.56268,-445.06754,894.0706,212.295,-159.78291,781.0582,215.63458,-460.16922,906.52966,399.73227,-7.010465,663.07227,453.0941,-428.6354,962.87836,590.65594,-84.76712,685.963,648.9968,-444.67325,1000.7675,616.454,-140.01323,698.60223,689.3056,-525.3,999.40515,627.4226,-205.67679,728.8144,668.4668,-544.164,967.9705,623.2531,-118.30805,719.96326,654.9982,-460.72928,572.5239,341.18683,118.90812,495.67398,345.8138,-118.213615,452.82935,426.91412,396.29324,307.1196,432.9587,161.0078,310.82587,418.52917,725.2387,153.58287,460.8856,412.63965,274.58478,396.2638,759.537,115.48243,443.09595,435.17487,290.26144,507.62085,767.17224,146.08191,548.23895,361.69382
image_077.jpg,446.52542,178.74074,-1046.8744,468.90506,137.02065,-1063.6985,482.03537,134.3248,-1063.8438,495.54114,131.56453,-1063.7765,426.48358,133.41986,-1062.7377,413.31873,129.05586,-1062.6595,400.05374,124.86211,-1062.2805,521.6302,95.11327,-924.78467,379.87042,83.024765,-906.5918,466.95975,181.50015,-973.8033,427.47498,179.16316,-967.7596,624.68,125.58655,-723.4262,286.0784,110.70322,-716.4587,724.8463,317.25876,-833.3104,201.6294,316.65125,-756.27527,735.81366,553.24396,-1024.3309,133.9155,542.8048,-885.11115,775.2949,589.8005,-1114.9595,93.38588,565.5172,-949.7104,721.89624,585.99805,-1139.6371,129.39801,574.5243,-989.3669,696.11707,577.82996,-1043.528,158.41084,570.3869,-908.2897,510.87183,309.03555,3.0544448,356.3697,303.65613,-3.3933835,576.1732,416.27426,431.1684,306.32828,396.27548,441.37424,615.52747,455.131,933.9244,282.0197,416.77612,968.9526,606.88495,441.2321,982.3395,291.2459,405.83713,1022.31934,641.1149,537.4099,845.72614,265.85583,493.26617,893.66174
image_081.jpg,995.8863,267.83356,13.927085,1014.284,256.71863,15.071886,1012.97614,253.94908,15.245008,1011.8588,251.32443,15.255204,1016.83307,257.82416,-22.21168,1018.1508,254.71072,-22.328306,1019.36993,251.67644,-22.62399,1001.3371,231.37497,62.89544,1010.726,230.7335,-96.659645,973.1429,260.22324,41.106815,977.4781,258.41476,-5.25421,868.9123,229.20479,205.04323,915.4005,234.5412,-196.63722,836.85016,396.44623,253.29941,916.54193,400.97247,-251.96635,836.7563,530.48706,209.75537,942.5508,558.9558,-227.67656,861.46277,534.0104,212.74748,974.0416,572.99304,-270.75803,865.719,547.5392,161.89937,976.00385,564.5073,-237.76688,855.6122,549.3898,186.45747,961.46387,561.2508,-215.81863,597.8453,308.94684,122.73492,603.23126,312.42694,-122.225075,379.5037,409.714,137.63411,381.4931,430.73917,-98.28288,169.57797,450.20197,238.59987,144.93788,458.76086,-22.83688,134.53586,439.66696,241.81564,104.83515,445.56152,-31.495367,145.00304,516.43884,139.26465,137.9841,546.19055,-164.58833
image_082.jpg,351.0275,274.70596,-924.4926,370.59088,237.42369,-942.0021,382.99243,236.04375,-941.99615,395.65027,234.57408,-941.8193,335.2574,233.67348,-933.5898,322.96112,229.63782,-933.4669,310.71475,225.8406,-933.2081,419.21408,213.866,-828.31616,295.0546,201.27374,-792.52625,374.406,279.4175,-866.863,333.1656,275.2606,-856.908,516.3052,254.95337,-652.0572,219.96394,235.61845,-653.2294,565.77386,440.72122,-711.1921,172.55072,425.2681,-724.0215,580.7362,639.7491,-827.6403,134.0782,612.57697,-831.7912,603.8389,679.2625,-871.79626,108.73086,643.70276,-884.7557,571.16583,679.4623,-890.34766,132.00887,653.6004,-906.7556,547.5744,660.9109,-840.12134,156.82004,638.4411,-846.49255,436.35913,340.66556,-3.402981,303.89294,327.10733,3.5205798,431.26776,540.2929,105.228745,251.767,519.797,85.528755,390.59976,515.6053,541.83624,284.4917,492.1889,502.64804,383.32257,494.78815,588.70825,297.8506,470.71487,546.39667,381.12363,587.96515,591.00964,278.44083,567.9984,533.057
image_083.jpg,306.8656,280.45505,-890.1958,323.38095,242.50679,-902.72766,334.86252,239.80421,-902.8386,346.62442,237.07529,-902.81165,286.57562,242.76096,-896.3867,274.76212,240.36557,-896.36273,262.88214,238.19472,-896.1958,366.3361,213.775,-789.04614,244.32637,214.06155,-756.6169,327.541,285.88928,-831.52795,290.08978,286.32767,-821.9677,458.44736,256.69562,-635.5839,175.55554,265.11456,-622.5449,517.2499,433.39856,-713.8241,138.21602,451.12625,-696.6505,536.343,644.92786,-821.837,113.182304,654.5305,-810.776,561.08435,677.7051,-886.6682,85.72804,682.19,-872.8563,523.66547,681.2874,-904.63617,115.456375,688.332,-894.6247,504.07138,671.7643,-836.33575,137.92119,679.4775,-828.60284,382.08408,409.64993,2.2290244,262.22446,413.45828,-2.3805215,384.90182,503.4162,398.95908,258.40463,504.97256,389.75732,362.7105,528.9812,836.7609,271.7838,528.69586,851.686,350.96295,516.7269,878.88574,280.01996,519.2863,897.0759,367.49054,598.3228,779.2163,268.2626,592.1943,796.28076
image_084.jpg,931.4454,226.12608,-94.21457,948.27203,204.57578,-94.38959,947.6895,201.64133,-94.20169,947.29535,198.88678,-94.33281,946.6297,205.94225,-135.90286,945.2046,202.39552,-136.03877,943.69653,198.9353,-136.0994,928.5134,173.87943,-35.91692,923.1067,173.11328,-211.99626,905.2079,219.92844,-63.07164,903.9953,218.79147,-114.58618,809.26483,184.55414,78.74312,803.2397,191.65988,-265.6837,771.1243,321.90073,133.74692,784.04755,368.8351,-265.32147,790.5191,438.12714,95.47062,815.5215,522.45496,-253.26317,814.7866,442.81293,72.6066,835.77014,545.5571,-308.5342,823.912,453.84842,34.181602,847.9687,536.1024,-303.2036,811.0607,454.0701,73.77723,836.7675,528.2633,-254.38391,530.3671,288.86362,106.84981,510.53348,293.52362,-106.1885,337.74274,374.11798,158.10512,313.213,398.1656,-24.410503,159.91885,415.45734,242.12944,108.80757,438.9946,36.276386,127.34296,402.5057,246.82591,70.76076,425.62445,34.114,130.52455,489.08685,173.8569,92.50432,519.82806,-71.63502
image_085.jpg,528.66315,70.74248,-30.10577,537.8212,60.50714,-26.59785,537.7377,58.558506,-26.513826,537.7733,56.707577,-26.582554,536.0474,61.69142,-49.61901,535.0508,59.95705,-49.720074,534.01575,58.244385,-49.859493,527.8551,42.960453,4.5849004,522.7612,44.428764,-93.18061,513.9188,66.439354,-13.766788,512.6228,66.680435,-42.14853,457.76514,32.917744,70.438866,448.41296,52.243336,-132.6785,432.7522,103.52647,114.864265,417.23663,144.9773,-137.20221,429.7678,163.56151,79.09684,441.78094,230.32164,-125.153564,442.28375,163.50171,67.655556,459.00992,242.92574,-158.50208,446.09924,169.30429,40.99109,467.08905,234.12012,-148.2632,438.78293,172.12392,65.78569,458.74194,229.78859,-122.24199,296.95654,86.20946,67.92839,284.37683,94.445404,-67.76869,186.6769,131.91539,93.11156,166.0363,148.8184,-19.259518,81.103424,149.97644,158.27414,50.61702,171.45116,30.317785,61.04976,143.16435,161.93259,26.215168,164.66222,28.685097,74.066055,188.77629,117.740875,56.633305,218.19968,-33.838512
image_087.jpg,516.0347,197.04303,162.28586,522.45795,200.70888,169.55444,521.2153,202.31296,169.74887,520.10175,204.0161,169.73131,526.564,196.48875,162.49858,528.5069,194.93143,162.52397,530.33167,193.40361,162.58919,518.404,205.3664,215.43439,531.3578,191.14758,185.36702,506.9127,199.37665,179.27257,511.86075,193.68925,170.44858,483.63428,211.02567,252.12471,519.5678,185.55913,82.809814,485.97775,281.10602,191.44356,538.46826,270.6134,-1.1109742,516.50464,350.402,131.78015,545.1724,362.6851,-39.00187,525.654,372.18723,131.83205,543.5132,385.1272,-60.424137,528.64905,375.23346,116.712685,546.45435,387.3544,-47.747772,522.80554,366.81668,122.50163,542.7197,377.9294,-33.17091,369.56784,229.56664,51.209843,383.44754,210.38423,-51.1351,301.34912,328.92828,-65.392555,369.03952,326.38458,-170.71614,202.02834,430.18417,-192.73502,253.84152,406.28894,-272.2295,179.12898,431.60663,-207.0354,229.23863,409.6595,-281.1754,182.2712,488.11523,-285.771,231.97717,460.8249,-329.88113
image_088.jpg,746.62146,454.37973,163.5447,754.8048,442.5209,174.34991,753.6817,441.30295,174.3399,752.69293,440.21518,174.12477,757.0842,441.83957,136.85767,757.5208,439.41745,136.9873,757.9102,437.08847,136.99661,742.7868,425.66476,227.74626,748.9734,421.4728,63.302204,731.2696,451.7728,189.74527,733.77216,449.8195,141.52654,653.9809,427.33444,290.3594,703.47687,422.62793,-40.576107,605.41364,515.3889,350.46857,697.4547,534.49115,-129.21458,609.6438,597.89594,290.10825,729.9857,635.29706,-163.52928,618.2565,610.5358,306.20917,745.12714,652.82367,-195.02489,626.4668,618.8417,262.21262,750.93866,644.3788,-167.34695,621.7794,615.44934,272.80368,742.1834,638.25684,-152.24619,469.90717,476.49002,103.96249,481.31378,474.5832,-103.49092,319.95978,536.3808,70.90066,308.43506,534.0843,-140.36841,149.74374,552.66766,52.273853,119.64133,561.5455,-235.06601,118.70769,541.2678,48.140644,83.6185,545.74054,-247.49821,133.66455,604.0532,15.475964,106.474846,630.6411,-316.27805
image_089.jpg,689.22076,258.42477,-309.75574,701.85315,240.08725,-309.60223,702.28796,238.86581,-309.52942,702.9437,237.92572,-309.74194,695.9144,237.86922,-336.8552,692.4116,233.87547,-337.0169,688.7922,229.90988,-336.98593,682.67303,217.64937,-256.09344,664.8614,205.6018,-372.97333,664.783,256.60815,-280.61606,659.78357,251.68048,-314.4767,624.19476,207.97588,-161.29135,512.79626,218.35121,-373.47925,646.84454,326.63818,-55.853565,440.22244,376.0376,-370.57492,667.2692,463.71603,-107.67738,448.9347,508.87473,-367.7827,693.5436,481.50177,-146.37106,453.91803,532.9359,-433.1422,686.37994,486.3196,-195.39137,477.33353,522.15735,-435.9583,664.0721,483.1797,-130.52083,474.92773,514.8225,-374.35587,381.57767,295.98724,83.88986,321.3916,292.67697,-83.27533,280.8234,355.33752,293.76074,209.25679,347.84433,140.46797,188.89067,373.14093,529.17725,103.83219,373.33398,355.11594,163.73972,364.1048,550.8327,76.04399,366.518,369.92023,190.50874,427.51746,519.2467,113.14019,429.05505,307.84607
image_090.jpg,710.73126,174.04536,-182.13608,729.2095,171.79211,-167.23499,730.76965,176.25867,-167.12999,732.439,180.77998,-167.1489,724.9663,157.91795,-185.20976,723.47003,151.13422,-185.20638,721.9025,144.48904,-185.28511,723.7608,179.06499,-52.71332,710.29285,132.44739,-125.964615,695.374,184.61934,-133.85706,689.6466,164.61392,-155.09839,629.2091,165.8587,84.44534,636.91724,172.86818,-174.19455,587.7333,264.55853,124.29533,619.0034,299.87262,-223.78506,583.5765,344.29736,78.590546,636.1679,395.4266,-201.66006,591.9852,360.05167,64.54205,646.4601,411.97635,-226.27838,595.16327,361.8677,32.493256,653.84033,405.95245,-224.39929,586.0459,358.687,63.686478,642.5066,397.32092,-199.82512,402.84393,211.40964,79.44327,394.70602,220.24295,-79.111755,245.49863,277.64566,94.08347,238.14491,295.5863,-51.776203,100.13679,302.1004,123.97311,72.087585,311.99838,-46.16649,71.79138,290.14053,122.244286,38.58871,298.14685,-52.55267,85.28262,362.15472,82.40915,66.72339,375.83658,-125.755066
image_091.jpg,791.7517,287.13022,-972.6713,829.8475,253.47029,-964.38544,838.6523,254.48914,-964.4428,847.8588,255.93843,-964.5633,802.6582,236.68503,-1004.9245,792.8056,225.55215,-1005.5486,782.88916,214.59666,-1005.95355,846.7944,222.98,-809.09265,761.17163,162.72888,-979.72107,776.6387,290.40585,-897.4273,748.7109,270.54886,-946.3136,815.6408,263.62222,-600.38806,559.8269,160.14493,-948.5394,783.91266,533.9805,-495.15973,441.742,487.44226,-974.94916,720.78174,800.8803,-565.215,425.16995,783.1416,-966.63336,745.20483,854.89636,-635.4352,411.31738,847.9119,-1085.4954,724.5901,854.77155,-703.47766,457.28995,841.757,-1092.916,695.41187,832.937,-601.1575,464.13556,822.33246,-978.5141,427.90656,388.47696,126.90892,305.78275,330.29974,-125.47898,302.92963,494.8167,713.4118,191.33746,456.52777,507.79996,213.24374,514.60876,1291.2733,115.21842,527.35547,1077.5409,192.90298,496.30106,1348.5488,91.039314,515.21783,1127.9606,196.90233,600.8619,1261.6019,116.18782,634.52966,1017.94055
image_092.jpg,68.58187,90.776764,-18.187008,64.24563,84.85728,-31.347872,64.611984,83.98051,-31.34172,64.958275,82.99964,-31.395142,63.861607,85.03892,-16.156376,64.03258,84.07839,-16.155298,64.28673,83.16164,-16.13839,70.28679,76.334885,-53.140697,68.89492,77.01891,16.910864,75.95471,89.551346,-21.631083,75.77045,89.82194,-1.5104465,104.760826,85.8133,-84.881584,115.026855,75.365265,93.679535,106.61329,146.04582,-101.95825,117.911865,130.25354,100.969604,110.77126,199.27539,-94.6217,117.127716,176.37907,42.764072,99.07982,203.39742,-117.235535,104.34764,174.6968,45.936123,97.940544,198.35345,-94.04384,104.11251,178.5554,20.04893,102.91923,196.77464,-86.521736,109.0686,180.72351,31.107372,211.49156,100.58321,-58.902645,212.75641,94.339386,58.794483,284.4742,131.84921,-30.770277,281.97083,128.33961,68.73742,360.58636,157.55936,0.7393319,351.7898,152.07779,100.53921,376.3955,154.03952,0.7819914,367.22098,151.14873,102.85572,353.36884,182.88454,-39.157448,345.5482,181.63731,78.34207
image_093.jpg,950.5406,217.20442,31.629086,967.33105,203.08215,39.195988,966.31445,199.10072,39.40383,965.494,195.16907,39.652428,967.4947,206.65918,-6.2389073,967.5601,204.583,-6.7578654,967.562,202.5423,-7.6163497,951.6086,176.40602,93.10207,955.02264,185.4076,-101.81547,927.35345,211.91492,60.690773,928.9338,214.55292,3.6099226,804.6694,174.26666,252.82481,848.23663,208.93214,-221.54529,756.48,340.54492,283.49268,809.6313,401.87125,-237.39012,763.79956,459.87784,223.13795,831.31134,562.12946,-182.21759,794.36066,458.3855,238.22942,867.4699,579.94183,-238.67589,802.5207,474.4693,180.63263,871.5529,569.8296,-189.44183,792.5133,479.83456,197.45909,855.30505,566.0431,-161.76599,523.82684,250.27347,137.33978,531.04395,265.2196,-137.0546,324.482,348.7935,202.54807,312.92697,365.0826,-45.696587,127.81098,406.206,342.49515,92.83861,424.361,82.648285,87.35368,402.23257,349.59668,48.40141,418.91095,80.40707,131.75201,466.28348,252.55501,109.3289,503.473,-42.420696
image_094.jpg,933.5086,170.66571,5.28314,950.44775,158.45552,10.820785,949.36884,156.0318,10.993387,948.4623,153.76164,10.987544,950.9948,158.37993,-29.458748,951.294,155.02849,-29.616106,951.50555,151.79701,-29.867352,934.8093,136.84515,63.815285,939.397,132.96825,-109.423386,909.78564,166.70355,33.76082,911.9106,164.57501,-17.195292,792.7982,140.59845,208.41086,834.5243,153.70468,-204.98785,741.0661,304.22363,258.86462,805.4586,325.74588,-213.99828,742.6162,422.0818,220.03148,814.8401,480.012,-195.76631,773.1283,419.37595,226.32544,848.4388,495.17984,-248.95355,781.4979,434.97055,172.19557,853.2975,484.82043,-214.79134,770.9452,440.11353,195.84698,838.2902,481.6029,-183.42938,513.5443,190.68095,127.111115,518.7356,200.29181,-126.46629,295.82504,282.99066,159.46031,298.97244,322.05655,-69.998695,111.21114,348.95975,257.0755,81.453094,398.74646,11.165489,71.699814,347.80246,258.7937,33.812798,396.50195,2.37268,115.24977,416.85925,155.58997,103.84038,484.70135,-133.3748
image_095.jpg,144.25499,273.5334,-328.1815,144.16087,253.10904,-352.6224,148.46916,250.41463,-352.6499,152.65108,247.66115,-352.72717,137.03743,256.25266,-323.45135,135.90817,256.2492,-323.54715,134.96414,256.3944,-323.78903,175.95052,231.98924,-378.60974,150.38208,243.64421,-246.01262,168.3104,272.2015,-331.13626,160.69777,277.53928,-292.281,299.76193,250.95203,-367.29272,210.3057,254.45738,-146.0196,372.64536,395.41437,-344.45056,231.48618,358.43613,-61.60924,370.33804,531.9986,-346.88947,224.37875,470.21844,-95.53399,367.9244,561.26514,-409.1562,206.6807,484.4606,-125.92978,342.08847,549.5339,-401.97903,205.7878,488.4625,-173.52963,342.86197,540.2194,-349.6703,221.56049,484.1263,-116.63949,511.45496,282.44305,-88.06551,461.20798,290.25052,88.63093,640.661,331.25928,92.352234,562.841,343.56583,251.6614,758.1329,352.11786,293.79565,667.2689,368.71457,481.71368,785.33124,342.1503,309.16818,696.1963,359.48245,502.9965,752.10254,411.54294,236.1311,659.0839,429.92264,467.458
image_096.jpg,805.9764,196.76093,-50.516056,817.5825,182.60806,-47.23779,816.53467,180.51715,-47.009186,815.6761,178.49455,-46.878075,817.259,183.57356,-78.02149,816.45746,181.29787,-78.408806,815.59326,179.02974,-78.90984,801.4994,166.2721,7.905857,801.8389,166.55545,-124.45823,786.24524,197.45317,-22.352425,786.7857,197.00578,-60.55688,697.1276,186.31407,144.35823,707.3732,194.2408,-189.07066,660.33167,307.60522,192.35075,677.6883,342.8441,-194.274,648.90753,422.12946,163.27238,693.984,473.90552,-153.03023,665.2885,426.58707,161.2432,715.12286,488.61908,-193.3288,668.70935,439.38956,121.78048,722.9401,484.0894,-167.48822,659.70294,440.6843,144.12956,711.9711,480.58627,-143.88013,471.39743,267.00433,106.09177,469.29218,266.49408,-105.58303,291.0905,344.61624,126.995514,286.5822,354.13406,-59.771877,124.20433,386.84647,215.78314,97.11608,397.7378,22.64593,89.210754,380.2454,218.67084,57.058006,391.16544,17.374449,127.3983,444.43015,131.38358,116.32364,471.29007,-99.61693
image_097.jpg,340.80435,207.95782,-851.899,361.57092,176.32527,-853.9473,373.21826,175.88367,-854.0657,385.12112,175.39716,-853.8762,326.7556,171.46303,-857.0696,314.874,167.95656,-857.11475,303.02222,164.5917,-857.1121,400.48923,167.52031,-732.1819,282.90616,150.54106,-738.2529,354.2278,225.4591,-795.8825,317.2858,220.2689,-796.24097,441.5761,235.95619,-572.6511,207.61952,215.79369,-588.7244,460.80847,381.51996,-552.6449,167.40198,373.26794,-561.5561,458.52594,524.7013,-662.42737,165.36006,531.7542,-637.16046,480.9864,547.4484,-740.87036,146.50296,558.8952,-716.55133,450.04105,542.5621,-759.83136,187.44627,560.29236,-731.4459,435.09308,535.2454,-680.10736,200.91238,549.66797,-651.11835,357.20807,327.8251,4.6723886,256.64713,321.6314,-4.954874,348.09625,358.3828,429.44974,248.97125,351.1271,415.66116,341.6049,342.84454,894.3888,248.61052,330.7838,874.6248,334.6729,326.11258,945.1285,254.82956,316.9333,924.2657,340.309,380.34305,859.1142,245.8163,363.64215,832.2238
image_099.jpg,117.15818,190.27791,-141.55153,110.311676,176.3904,-168.04208,111.83185,173.96942,-167.98598,113.31369,171.44313,-167.93398,107.99043,177.66924,-139.50072,107.71088,176.4591,-139.56183,107.58573,175.38054,-139.67422,127.70306,154.86574,-219.2886,118.70374,159.87273,-88.36866,135.1475,184.74251,-153.93866,132.6266,187.4479,-115.74564,214.5223,165.15205,-246.53963,193.32353,158.4668,14.115937,227.53484,284.26828,-242.91893,214.4979,236.64659,81.61915,204.94772,390.3358,-223.18474,206.1543,317.9286,38.134354,189.34746,409.84515,-267.70255,190.16086,325.91562,26.262905,178.8193,399.83282,-253.87051,185.99301,328.22855,-8.0284815,185.87924,391.96185,-221.09102,195.58517,327.72998,20.887484,393.63928,201.23149,-80.078575,373.9335,201.15125,80.318016,521.8998,244.36253,34.73291,485.57996,235.42574,170.95517,637.97437,253.10242,161.46826,590.0844,244.6054,309.3728,661.6276,241.24751,170.4828,612.8864,235.2988,321.60147,643.9306,299.72766,103.19163,595.53937,289.71173,280.66602
image_100.jpg,108.676125,173.48561,-165.52509,104.09257,159.9799,-189.10332,105.669235,157.60109,-189.07095,107.17606,155.11807,-188.99696,102.06922,162.4478,-164.12144,101.90478,162.19507,-164.1381,101.873795,162.0497,-164.31693,121.979454,141.42403,-225.7045,113.26974,150.74635,-111.44495,125.408356,169.33044,-173.19188,123.12497,173.81647,-139.70404,200.60732,151.65396,-250.55562,175.78966,159.38828,-26.598917,214.211,260.2721,-256.40585,188.74542,239.48781,7.3878236,210.57867,355.6217,-238.31543,186.20091,320.80994,-44.893612,205.26576,375.6038,-281.79297,176.6474,335.0111,-63.87682,194.73956,369.21313,-268.0768,177.11227,333.22372,-99.9548,198.33104,361.01505,-236.32358,184.89069,328.065,-63.214603,371.12787,187.28,-74.79286,350.00647,195.91418,74.9523,489.19424,235.31226,35.175224,450.51154,229.91972,156.97842,600.7529,247.08423,142.57674,545.32947,246.12582,284.67993,622.2537,235.42456,148.98643,565.4549,238.73836,295.76456,610.7611,294.2745,76.83449,552.34796,288.4574,258.44977
